market,event_completed,event_id,event_name,model,dg_id,player_name,dg_rank,owgr_rank,fin_text,win,top_5,top_10,top_20,make_cut
win,2020-01-05,16,Sentry Tournament of Champions,baseline,19195,"Rahm, Jon",1.0,2.0,10,0.17425,,,,
win,2020-01-05,16,Sentry Tournament of Champions,baseline,14139,"Thomas, Justin",4.0,3.0,1,0.129375,,,,
win,2020-01-05,16,Sentry Tournament of Champions,baseline,15466,"Cantlay, Patrick",11.0,10.0,4,0.0746,,,,
win,2020-01-05,16,Sentry Tournament of Champions,baseline,19895,"Schauffele, Xander",2.0,8.0,T2,0.07155,,,,
win,2020-01-05,16,Sentry Tournament of Champions,baseline,14838,"Reed, Patrick",9.0,11.0,T2,0.060225,,,,
win,2020-01-05,16,Sentry Tournament of Champions,baseline,12422,"Johnson, Dustin",3.0,1.0,T7,0.0534,,,,
win,2020-01-05,16,Sentry Tournament of Champions,baseline,12577,"Woodland, Gary",56.0,32.0,T7,0.049025,,,,
win,2020-01-05,16,Sentry Tournament of Champions,baseline,7108,"Casey, Paul",44.0,22.0,T19,0.04845,,,,
win,2020-01-05,16,Sentry Tournament of Champions,baseline,12965,"Fowler, Rickie",50.0,46.0,T5,0.0475,,,,
win,2020-01-05,16,Sentry Tournament of Champions,baseline,22085,"Morikawa, Collin",17.0,4.0,T7,0.034975,,,,
win,2020-01-05,16,Sentry Tournament of Champions,baseline,17576,"Conners, Corey",42.0,68.0,T19,0.026875,,,,
win,2020-01-05,16,Sentry Tournament of Champions,baseline,18079,"Niemann, Joaquin",26.0,42.0,T5,0.019975,,,,
win,2020-01-05,16,Sentry Tournament of Champions,baseline,11955,"Frittelli, Dylan",76.0,100.0,31,0.018925,,,,
win,2020-01-05,16,Sentry Tournament of Champions,baseline,6169,"Kuchar, Matt",51.0,29.0,T14,0.0181,,,,
win,2020-01-05,16,Sentry Tournament of Champions,baseline,20770,"Munoz, Sebastian",35.0,61.0,T17,0.016225,,,,
win,2020-01-05,16,Sentry Tournament of Champions,baseline,21554,"Poston, J.T.",55.0,63.0,T11,0.01595,,,,
win,2020-01-05,16,Sentry Tournament of Champions,baseline,7820,"Palmer, Ryan",30.0,31.0,T17,0.015625,,,,
win,2020-01-05,16,Sentry Tournament of Champions,baseline,11328,"Kisner, Kevin",29.0,34.0,T14,0.0137,,,,
win,2020-01-05,16,Sentry Tournament of Champions,baseline,25919,"Wolff, Matthew",32.0,14.0,T11,0.012625,,,,
win,2020-01-05,16,Sentry Tournament of Champions,baseline,7452,"Na, Kevin",61.0,38.0,T32,0.01255,,,,
win,2020-01-05,16,Sentry Tournament of Champions,baseline,15330,"Griffin, Lanto",46.0,55.0,13,0.01195,,,,
win,2020-01-05,16,Sentry Tournament of Champions,baseline,17365,"Mitchell, Keith",237.0,157.0,T32,0.010875,,,,
win,2020-01-05,16,Sentry Tournament of Champions,baseline,7961,"Reavie, Chez",80.0,52.0,T27,0.010025,,,,
win,2020-01-05,16,Sentry Tournament of Champions,baseline,15473,"Long, Adam",75.0,76.0,T23,0.0084,,,,
win,2020-01-05,16,Sentry Tournament of Champions,baseline,7881,"Kang, Sung",443.0,81.0,T25,0.007675,,,,
win,2020-01-05,16,Sentry Tournament of Champions,baseline,12425,"Todd, Brendon",58.0,43.0,29,0.007475,,,,
win,2020-01-05,16,Sentry Tournament of Champions,baseline,23542,"Champ, Cameron",71.0,74.0,T14,0.006825,,,,
win,2020-01-05,16,Sentry Tournament of Champions,baseline,10943,"Lashley, Nate",158.0,116.0,T19,0.006375,,,,
win,2020-01-05,16,Sentry Tournament of Champions,baseline,18187,"Duncan, Tyler",92.0,143.0,T19,0.005725,,,,
win,2020-01-05,16,Sentry Tournament of Champions,baseline,7548,"McDowell, Graeme",224.0,66.0,T23,0.004375,,,,
win,2020-01-05,16,Sentry Tournament of Champions,baseline,7959,"Holmes, J.B.",192.0,180.0,30,0.003675,,,,
win,2020-01-05,16,Sentry Tournament of Champions,baseline,17538,"Homa, Max",121.0,97.0,T25,0.002,,,,
win,2020-01-05,16,Sentry Tournament of Champions,baseline,12846,"Herman, Jim",256.0,105.0,T27,0.0007,,,,
win,2020-01-05,16,Sentry Tournament of Champions,baseline,15634,"Trainer, Martin",,,34,2.5e-05,,,,
win,2020-01-05,16,Sentry Tournament of Champions,baseline_history_fit,19195,"Rahm, Jon",1.0,2.0,10,0.182025,,,,
win,2020-01-05,16,Sentry Tournament of Champions,baseline_history_fit,14139,"Thomas, Justin",4.0,3.0,1,0.1493,,,,
win,2020-01-05,16,Sentry Tournament of Champions,baseline_history_fit,19895,"Schauffele, Xander",2.0,8.0,T2,0.07855,,,,
win,2020-01-05,16,Sentry Tournament of Champions,baseline_history_fit,15466,"Cantlay, Patrick",11.0,10.0,4,0.076825,,,,
win,2020-01-05,16,Sentry Tournament of Champions,baseline_history_fit,14838,"Reed, Patrick",9.0,11.0,T2,0.069225,,,,
win,2020-01-05,16,Sentry Tournament of Champions,baseline_history_fit,12422,"Johnson, Dustin",3.0,1.0,T7,0.0678,,,,
win,2020-01-05,16,Sentry Tournament of Champions,baseline_history_fit,12965,"Fowler, Rickie",50.0,46.0,T5,0.05125,,,,
win,2020-01-05,16,Sentry Tournament of Champions,baseline_history_fit,12577,"Woodland, Gary",56.0,32.0,T7,0.04845,,,,
win,2020-01-05,16,Sentry Tournament of Champions,baseline_history_fit,7108,"Casey, Paul",44.0,22.0,T19,0.037275,,,,
win,2020-01-05,16,Sentry Tournament of Champions,baseline_history_fit,22085,"Morikawa, Collin",17.0,4.0,T7,0.028275,,,,
win,2020-01-05,16,Sentry Tournament of Champions,baseline_history_fit,18079,"Niemann, Joaquin",26.0,42.0,T5,0.019075,,,,
win,2020-01-05,16,Sentry Tournament of Champions,baseline_history_fit,17576,"Conners, Corey",42.0,68.0,T19,0.01805,,,,
win,2020-01-05,16,Sentry Tournament of Champions,baseline_history_fit,11955,"Frittelli, Dylan",76.0,100.0,31,0.0176,,,,
win,2020-01-05,16,Sentry Tournament of Champions,baseline_history_fit,20770,"Munoz, Sebastian",35.0,61.0,T17,0.0168,,,,
win,2020-01-05,16,Sentry Tournament of Champions,baseline_history_fit,21554,"Poston, J.T.",55.0,63.0,T11,0.01395,,,,
win,2020-01-05,16,Sentry Tournament of Champions,baseline_history_fit,25919,"Wolff, Matthew",32.0,14.0,T11,0.01315,,,,
win,2020-01-05,16,Sentry Tournament of Champions,baseline_history_fit,7820,"Palmer, Ryan",30.0,31.0,T17,0.013,,,,
win,2020-01-05,16,Sentry Tournament of Champions,baseline_history_fit,17365,"Mitchell, Keith",237.0,157.0,T32,0.0115,,,,
win,2020-01-05,16,Sentry Tournament of Champions,baseline_history_fit,15330,"Griffin, Lanto",46.0,55.0,13,0.01145,,,,
win,2020-01-05,16,Sentry Tournament of Champions,baseline_history_fit,6169,"Kuchar, Matt",51.0,29.0,T14,0.011425,,,,
win,2020-01-05,16,Sentry Tournament of Champions,baseline_history_fit,11328,"Kisner, Kevin",29.0,34.0,T14,0.009175,,,,
win,2020-01-05,16,Sentry Tournament of Champions,baseline_history_fit,7452,"Na, Kevin",61.0,38.0,T32,0.008725,,,,
win,2020-01-05,16,Sentry Tournament of Champions,baseline_history_fit,23542,"Champ, Cameron",71.0,74.0,T14,0.0081,,,,
win,2020-01-05,16,Sentry Tournament of Champions,baseline_history_fit,7881,"Kang, Sung",443.0,81.0,T25,0.006999999999999999,,,,
win,2020-01-05,16,Sentry Tournament of Champions,baseline_history_fit,10943,"Lashley, Nate",158.0,116.0,T19,0.00515,,,,
win,2020-01-05,16,Sentry Tournament of Champions,baseline_history_fit,15473,"Long, Adam",75.0,76.0,T23,0.005,,,,
win,2020-01-05,16,Sentry Tournament of Champions,baseline_history_fit,12425,"Todd, Brendon",58.0,43.0,29,0.0049,,,,
win,2020-01-05,16,Sentry Tournament of Champions,baseline_history_fit,7961,"Reavie, Chez",80.0,52.0,T27,0.004025,,,,
win,2020-01-05,16,Sentry Tournament of Champions,baseline_history_fit,7959,"Holmes, J.B.",192.0,180.0,30,0.0038,,,,
win,2020-01-05,16,Sentry Tournament of Champions,baseline_history_fit,18187,"Duncan, Tyler",92.0,143.0,T19,0.00345,,,,
win,2020-01-05,16,Sentry Tournament of Champions,baseline_history_fit,7548,"McDowell, Graeme",224.0,66.0,T23,0.0033,,,,
win,2020-01-05,16,Sentry Tournament of Champions,baseline_history_fit,17538,"Homa, Max",121.0,97.0,T25,0.002175,,,,
win,2020-01-05,16,Sentry Tournament of Champions,baseline_history_fit,12846,"Herman, Jim",256.0,105.0,T27,0.0002,,,,
win,2020-01-05,16,Sentry Tournament of Champions,baseline_history_fit,15634,"Trainer, Martin",,,34,2.5e-05,,,,
top_5,2020-01-05,16,Sentry Tournament of Champions,baseline,19195,"Rahm, Jon",1.0,2.0,10,,0.527375,,,
top_5,2020-01-05,16,Sentry Tournament of Champions,baseline,14139,"Thomas, Justin",4.0,3.0,1,,0.44275,,,
top_5,2020-01-05,16,Sentry Tournament of Champions,baseline,15466,"Cantlay, Patrick",11.0,10.0,4,,0.3253,,,
top_5,2020-01-05,16,Sentry Tournament of Champions,baseline,19895,"Schauffele, Xander",2.0,8.0,T2,,0.30855,,,
top_5,2020-01-05,16,Sentry Tournament of Champions,baseline,14838,"Reed, Patrick",9.0,11.0,T2,,0.2835,,,
top_5,2020-01-05,16,Sentry Tournament of Champions,baseline,12422,"Johnson, Dustin",3.0,1.0,T7,,0.259025,,,
top_5,2020-01-05,16,Sentry Tournament of Champions,baseline,12577,"Woodland, Gary",56.0,32.0,T7,,0.245675,,,
top_5,2020-01-05,16,Sentry Tournament of Champions,baseline,7108,"Casey, Paul",44.0,22.0,T19,,0.242125,,,
top_5,2020-01-05,16,Sentry Tournament of Champions,baseline,12965,"Fowler, Rickie",50.0,46.0,T5,,0.23955,,,
top_5,2020-01-05,16,Sentry Tournament of Champions,baseline,22085,"Morikawa, Collin",17.0,4.0,T7,,0.198775,,,
top_5,2020-01-05,16,Sentry Tournament of Champions,baseline,17576,"Conners, Corey",42.0,68.0,T19,,0.1625,,,
top_5,2020-01-05,16,Sentry Tournament of Champions,baseline,18079,"Niemann, Joaquin",26.0,42.0,T5,,0.131825,,,
top_5,2020-01-05,16,Sentry Tournament of Champions,baseline,11955,"Frittelli, Dylan",76.0,100.0,31,,0.129275,,,
top_5,2020-01-05,16,Sentry Tournament of Champions,baseline,6169,"Kuchar, Matt",51.0,29.0,T14,,0.1275,,,
top_5,2020-01-05,16,Sentry Tournament of Champions,baseline,20770,"Munoz, Sebastian",35.0,61.0,T17,,0.11795,,,
top_5,2020-01-05,16,Sentry Tournament of Champions,baseline,21554,"Poston, J.T.",55.0,63.0,T11,,0.118,,,
top_5,2020-01-05,16,Sentry Tournament of Champions,baseline,7820,"Palmer, Ryan",30.0,31.0,T17,,0.110925,,,
top_5,2020-01-05,16,Sentry Tournament of Champions,baseline,11328,"Kisner, Kevin",29.0,34.0,T14,,0.103475,,,
top_5,2020-01-05,16,Sentry Tournament of Champions,baseline,25919,"Wolff, Matthew",32.0,14.0,T11,,0.0961,,,
top_5,2020-01-05,16,Sentry Tournament of Champions,baseline,7452,"Na, Kevin",61.0,38.0,T32,,0.094225,,,
top_5,2020-01-05,16,Sentry Tournament of Champions,baseline,15330,"Griffin, Lanto",46.0,55.0,13,,0.08925,,,
top_5,2020-01-05,16,Sentry Tournament of Champions,baseline,17365,"Mitchell, Keith",237.0,157.0,T32,,0.0817,,,
top_5,2020-01-05,16,Sentry Tournament of Champions,baseline,7961,"Reavie, Chez",80.0,52.0,T27,,0.07835,,,
top_5,2020-01-05,16,Sentry Tournament of Champions,baseline,15473,"Long, Adam",75.0,76.0,T23,,0.0686,,,
top_5,2020-01-05,16,Sentry Tournament of Champions,baseline,7881,"Kang, Sung",443.0,81.0,T25,,0.066925,,,
top_5,2020-01-05,16,Sentry Tournament of Champions,baseline,12425,"Todd, Brendon",58.0,43.0,29,,0.062725,,,
top_5,2020-01-05,16,Sentry Tournament of Champions,baseline,23542,"Champ, Cameron",71.0,74.0,T14,,0.061825,,,
top_5,2020-01-05,16,Sentry Tournament of Champions,baseline,10943,"Lashley, Nate",158.0,116.0,T19,,0.05535,,,
top_5,2020-01-05,16,Sentry Tournament of Champions,baseline,18187,"Duncan, Tyler",92.0,143.0,T19,,0.05095,,,
top_5,2020-01-05,16,Sentry Tournament of Champions,baseline,7548,"McDowell, Graeme",224.0,66.0,T23,,0.04735,,,
top_5,2020-01-05,16,Sentry Tournament of Champions,baseline,7959,"Holmes, J.B.",192.0,180.0,30,,0.03465,,,
top_5,2020-01-05,16,Sentry Tournament of Champions,baseline,17538,"Homa, Max",121.0,97.0,T25,,0.02755,,,
top_5,2020-01-05,16,Sentry Tournament of Champions,baseline,12846,"Herman, Jim",256.0,105.0,T27,,0.00935,,,
top_5,2020-01-05,16,Sentry Tournament of Champions,baseline,15634,"Trainer, Martin",,,34,,0.001025,,,
top_5,2020-01-05,16,Sentry Tournament of Champions,baseline_history_fit,19195,"Rahm, Jon",1.0,2.0,10,,0.553125,,,
top_5,2020-01-05,16,Sentry Tournament of Champions,baseline_history_fit,14139,"Thomas, Justin",4.0,3.0,1,,0.491125,,,
top_5,2020-01-05,16,Sentry Tournament of Champions,baseline_history_fit,19895,"Schauffele, Xander",2.0,8.0,T2,,0.33775,,,
top_5,2020-01-05,16,Sentry Tournament of Champions,baseline_history_fit,15466,"Cantlay, Patrick",11.0,10.0,4,,0.343225,,,
top_5,2020-01-05,16,Sentry Tournament of Champions,baseline_history_fit,14838,"Reed, Patrick",9.0,11.0,T2,,0.314325,,,
top_5,2020-01-05,16,Sentry Tournament of Champions,baseline_history_fit,12422,"Johnson, Dustin",3.0,1.0,T7,,0.312125,,,
top_5,2020-01-05,16,Sentry Tournament of Champions,baseline_history_fit,12965,"Fowler, Rickie",50.0,46.0,T5,,0.2584,,,
top_5,2020-01-05,16,Sentry Tournament of Champions,baseline_history_fit,12577,"Woodland, Gary",56.0,32.0,T7,,0.251925,,,
top_5,2020-01-05,16,Sentry Tournament of Champions,baseline_history_fit,7108,"Casey, Paul",44.0,22.0,T19,,0.2129,,,
top_5,2020-01-05,16,Sentry Tournament of Champions,baseline_history_fit,22085,"Morikawa, Collin",17.0,4.0,T7,,0.1766,,,
top_5,2020-01-05,16,Sentry Tournament of Champions,baseline_history_fit,18079,"Niemann, Joaquin",26.0,42.0,T5,,0.136225,,,
top_5,2020-01-05,16,Sentry Tournament of Champions,baseline_history_fit,17576,"Conners, Corey",42.0,68.0,T19,,0.1354,,,
top_5,2020-01-05,16,Sentry Tournament of Champions,baseline_history_fit,11955,"Frittelli, Dylan",76.0,100.0,31,,0.1277,,,
top_5,2020-01-05,16,Sentry Tournament of Champions,baseline_history_fit,20770,"Munoz, Sebastian",35.0,61.0,T17,,0.121275,,,
top_5,2020-01-05,16,Sentry Tournament of Champions,baseline_history_fit,21554,"Poston, J.T.",55.0,63.0,T11,,0.107575,,,
top_5,2020-01-05,16,Sentry Tournament of Champions,baseline_history_fit,25919,"Wolff, Matthew",32.0,14.0,T11,,0.097275,,,
top_5,2020-01-05,16,Sentry Tournament of Champions,baseline_history_fit,7820,"Palmer, Ryan",30.0,31.0,T17,,0.10525,,,
top_5,2020-01-05,16,Sentry Tournament of Champions,baseline_history_fit,17365,"Mitchell, Keith",237.0,157.0,T32,,0.087825,,,
top_5,2020-01-05,16,Sentry Tournament of Champions,baseline_history_fit,15330,"Griffin, Lanto",46.0,55.0,13,,0.092425,,,
top_5,2020-01-05,16,Sentry Tournament of Champions,baseline_history_fit,6169,"Kuchar, Matt",51.0,29.0,T14,,0.098625,,,
top_5,2020-01-05,16,Sentry Tournament of Champions,baseline_history_fit,11328,"Kisner, Kevin",29.0,34.0,T14,,0.0791,,,
top_5,2020-01-05,16,Sentry Tournament of Champions,baseline_history_fit,7452,"Na, Kevin",61.0,38.0,T32,,0.080025,,,
top_5,2020-01-05,16,Sentry Tournament of Champions,baseline_history_fit,23542,"Champ, Cameron",71.0,74.0,T14,,0.072325,,,
top_5,2020-01-05,16,Sentry Tournament of Champions,baseline_history_fit,7881,"Kang, Sung",443.0,81.0,T25,,0.06445,,,
top_5,2020-01-05,16,Sentry Tournament of Champions,baseline_history_fit,10943,"Lashley, Nate",158.0,116.0,T19,,0.0521,,,
top_5,2020-01-05,16,Sentry Tournament of Champions,baseline_history_fit,15473,"Long, Adam",75.0,76.0,T23,,0.052000000000000005,,,
top_5,2020-01-05,16,Sentry Tournament of Champions,baseline_history_fit,12425,"Todd, Brendon",58.0,43.0,29,,0.0448,,,
top_5,2020-01-05,16,Sentry Tournament of Champions,baseline_history_fit,7961,"Reavie, Chez",80.0,52.0,T27,,0.0467,,,
top_5,2020-01-05,16,Sentry Tournament of Champions,baseline_history_fit,7959,"Holmes, J.B.",192.0,180.0,30,,0.03795,,,
top_5,2020-01-05,16,Sentry Tournament of Champions,baseline_history_fit,18187,"Duncan, Tyler",92.0,143.0,T19,,0.036000000000000004,,,
top_5,2020-01-05,16,Sentry Tournament of Champions,baseline_history_fit,7548,"McDowell, Graeme",224.0,66.0,T23,,0.039225,,,
top_5,2020-01-05,16,Sentry Tournament of Champions,baseline_history_fit,17538,"Homa, Max",121.0,97.0,T25,,0.027825,,,
top_5,2020-01-05,16,Sentry Tournament of Champions,baseline_history_fit,12846,"Herman, Jim",256.0,105.0,T27,,0.00505,,,
top_5,2020-01-05,16,Sentry Tournament of Champions,baseline_history_fit,15634,"Trainer, Martin",,,34,,0.001375,,,
top_10,2020-01-05,16,Sentry Tournament of Champions,baseline,19195,"Rahm, Jon",1.0,2.0,10,,,0.7434,,
top_10,2020-01-05,16,Sentry Tournament of Champions,baseline,14139,"Thomas, Justin",4.0,3.0,1,,,0.66995,,
top_10,2020-01-05,16,Sentry Tournament of Champions,baseline,15466,"Cantlay, Patrick",11.0,10.0,4,,,0.55595,,
top_10,2020-01-05,16,Sentry Tournament of Champions,baseline,19895,"Schauffele, Xander",2.0,8.0,T2,,,0.5381,,
top_10,2020-01-05,16,Sentry Tournament of Champions,baseline,14838,"Reed, Patrick",9.0,11.0,T2,,,0.5044,,
top_10,2020-01-05,16,Sentry Tournament of Champions,baseline,12422,"Johnson, Dustin",3.0,1.0,T7,,,0.4755,,
top_10,2020-01-05,16,Sentry Tournament of Champions,baseline,12577,"Woodland, Gary",56.0,32.0,T7,,,0.45925,,
top_10,2020-01-05,16,Sentry Tournament of Champions,baseline,7108,"Casey, Paul",44.0,22.0,T19,,,0.4531,,
top_10,2020-01-05,16,Sentry Tournament of Champions,baseline,12965,"Fowler, Rickie",50.0,46.0,T5,,,0.4508,,
top_10,2020-01-05,16,Sentry Tournament of Champions,baseline,22085,"Morikawa, Collin",17.0,4.0,T7,,,0.398625,,
top_10,2020-01-05,16,Sentry Tournament of Champions,baseline,17576,"Conners, Corey",42.0,68.0,T19,,,0.345375,,
top_10,2020-01-05,16,Sentry Tournament of Champions,baseline,18079,"Niemann, Joaquin",26.0,42.0,T5,,,0.29705,,
top_10,2020-01-05,16,Sentry Tournament of Champions,baseline,11955,"Frittelli, Dylan",76.0,100.0,31,,,0.293725,,
top_10,2020-01-05,16,Sentry Tournament of Champions,baseline,6169,"Kuchar, Matt",51.0,29.0,T14,,,0.291375,,
top_10,2020-01-05,16,Sentry Tournament of Champions,baseline,20770,"Munoz, Sebastian",35.0,61.0,T17,,,0.27355,,
top_10,2020-01-05,16,Sentry Tournament of Champions,baseline,21554,"Poston, J.T.",55.0,63.0,T11,,,0.2797,,
top_10,2020-01-05,16,Sentry Tournament of Champions,baseline,7820,"Palmer, Ryan",30.0,31.0,T17,,,0.26015,,
top_10,2020-01-05,16,Sentry Tournament of Champions,baseline,11328,"Kisner, Kevin",29.0,34.0,T14,,,0.249025,,
top_10,2020-01-05,16,Sentry Tournament of Champions,baseline,25919,"Wolff, Matthew",32.0,14.0,T11,,,0.232775,,
top_10,2020-01-05,16,Sentry Tournament of Champions,baseline,7452,"Na, Kevin",61.0,38.0,T32,,,0.23165,,
top_10,2020-01-05,16,Sentry Tournament of Champions,baseline,15330,"Griffin, Lanto",46.0,55.0,13,,,0.220875,,
top_10,2020-01-05,16,Sentry Tournament of Champions,baseline,17365,"Mitchell, Keith",237.0,157.0,T32,,,0.202375,,
top_10,2020-01-05,16,Sentry Tournament of Champions,baseline,7961,"Reavie, Chez",80.0,52.0,T27,,,0.2026,,
top_10,2020-01-05,16,Sentry Tournament of Champions,baseline,15473,"Long, Adam",75.0,76.0,T23,,,0.1833,,
top_10,2020-01-05,16,Sentry Tournament of Champions,baseline,7881,"Kang, Sung",443.0,81.0,T25,,,0.173525,,
top_10,2020-01-05,16,Sentry Tournament of Champions,baseline,12425,"Todd, Brendon",58.0,43.0,29,,,0.1692,,
top_10,2020-01-05,16,Sentry Tournament of Champions,baseline,23542,"Champ, Cameron",71.0,74.0,T14,,,0.165825,,
top_10,2020-01-05,16,Sentry Tournament of Champions,baseline,10943,"Lashley, Nate",158.0,116.0,T19,,,0.15925,,
top_10,2020-01-05,16,Sentry Tournament of Champions,baseline,18187,"Duncan, Tyler",92.0,143.0,T19,,,0.1463,,
top_10,2020-01-05,16,Sentry Tournament of Champions,baseline,7548,"McDowell, Graeme",224.0,66.0,T23,,,0.13825,,
top_10,2020-01-05,16,Sentry Tournament of Champions,baseline,7959,"Holmes, J.B.",192.0,180.0,30,,,0.105425,,
top_10,2020-01-05,16,Sentry Tournament of Champions,baseline,17538,"Homa, Max",121.0,97.0,T25,,,0.0891,,
top_10,2020-01-05,16,Sentry Tournament of Champions,baseline,12846,"Herman, Jim",256.0,105.0,T27,,,0.0347,,
top_10,2020-01-05,16,Sentry Tournament of Champions,baseline,15634,"Trainer, Martin",,,34,,,0.005825,,
top_10,2020-01-05,16,Sentry Tournament of Champions,baseline_history_fit,19195,"Rahm, Jon",1.0,2.0,10,,,0.76995,,
top_10,2020-01-05,16,Sentry Tournament of Champions,baseline_history_fit,14139,"Thomas, Justin",4.0,3.0,1,,,0.717975,,
top_10,2020-01-05,16,Sentry Tournament of Champions,baseline_history_fit,19895,"Schauffele, Xander",2.0,8.0,T2,,,0.5757,,
top_10,2020-01-05,16,Sentry Tournament of Champions,baseline_history_fit,15466,"Cantlay, Patrick",11.0,10.0,4,,,0.58325,,
top_10,2020-01-05,16,Sentry Tournament of Champions,baseline_history_fit,14838,"Reed, Patrick",9.0,11.0,T2,,,0.54685,,
top_10,2020-01-05,16,Sentry Tournament of Champions,baseline_history_fit,12422,"Johnson, Dustin",3.0,1.0,T7,,,0.542425,,
top_10,2020-01-05,16,Sentry Tournament of Champions,baseline_history_fit,12965,"Fowler, Rickie",50.0,46.0,T5,,,0.480525,,
top_10,2020-01-05,16,Sentry Tournament of Champions,baseline_history_fit,12577,"Woodland, Gary",56.0,32.0,T7,,,0.4778,,
top_10,2020-01-05,16,Sentry Tournament of Champions,baseline_history_fit,7108,"Casey, Paul",44.0,22.0,T19,,,0.4235,,
top_10,2020-01-05,16,Sentry Tournament of Champions,baseline_history_fit,22085,"Morikawa, Collin",17.0,4.0,T7,,,0.371175,,
top_10,2020-01-05,16,Sentry Tournament of Champions,baseline_history_fit,18079,"Niemann, Joaquin",26.0,42.0,T5,,,0.30995,,
top_10,2020-01-05,16,Sentry Tournament of Champions,baseline_history_fit,17576,"Conners, Corey",42.0,68.0,T19,,,0.3132,,
top_10,2020-01-05,16,Sentry Tournament of Champions,baseline_history_fit,11955,"Frittelli, Dylan",76.0,100.0,31,,,0.297375,,
top_10,2020-01-05,16,Sentry Tournament of Champions,baseline_history_fit,20770,"Munoz, Sebastian",35.0,61.0,T17,,,0.287,,
top_10,2020-01-05,16,Sentry Tournament of Champions,baseline_history_fit,21554,"Poston, J.T.",55.0,63.0,T11,,,0.260775,,
top_10,2020-01-05,16,Sentry Tournament of Champions,baseline_history_fit,25919,"Wolff, Matthew",32.0,14.0,T11,,,0.2469,,
top_10,2020-01-05,16,Sentry Tournament of Champions,baseline_history_fit,7820,"Palmer, Ryan",30.0,31.0,T17,,,0.257225,,
top_10,2020-01-05,16,Sentry Tournament of Champions,baseline_history_fit,17365,"Mitchell, Keith",237.0,157.0,T32,,,0.22885,,
top_10,2020-01-05,16,Sentry Tournament of Champions,baseline_history_fit,15330,"Griffin, Lanto",46.0,55.0,13,,,0.233175,,
top_10,2020-01-05,16,Sentry Tournament of Champions,baseline_history_fit,6169,"Kuchar, Matt",51.0,29.0,T14,,,0.252575,,
top_10,2020-01-05,16,Sentry Tournament of Champions,baseline_history_fit,11328,"Kisner, Kevin",29.0,34.0,T14,,,0.20545,,
top_10,2020-01-05,16,Sentry Tournament of Champions,baseline_history_fit,7452,"Na, Kevin",61.0,38.0,T32,,,0.21365,,
top_10,2020-01-05,16,Sentry Tournament of Champions,baseline_history_fit,23542,"Champ, Cameron",71.0,74.0,T14,,,0.191075,,
top_10,2020-01-05,16,Sentry Tournament of Champions,baseline_history_fit,7881,"Kang, Sung",443.0,81.0,T25,,,0.177175,,
top_10,2020-01-05,16,Sentry Tournament of Champions,baseline_history_fit,10943,"Lashley, Nate",158.0,116.0,T19,,,0.151,,
top_10,2020-01-05,16,Sentry Tournament of Champions,baseline_history_fit,15473,"Long, Adam",75.0,76.0,T23,,,0.14585,,
top_10,2020-01-05,16,Sentry Tournament of Champions,baseline_history_fit,12425,"Todd, Brendon",58.0,43.0,29,,,0.13425,,
top_10,2020-01-05,16,Sentry Tournament of Champions,baseline_history_fit,7961,"Reavie, Chez",80.0,52.0,T27,,,0.13645,,
top_10,2020-01-05,16,Sentry Tournament of Champions,baseline_history_fit,7959,"Holmes, J.B.",192.0,180.0,30,,,0.115675,,
top_10,2020-01-05,16,Sentry Tournament of Champions,baseline_history_fit,18187,"Duncan, Tyler",92.0,143.0,T19,,,0.109125,,
top_10,2020-01-05,16,Sentry Tournament of Champions,baseline_history_fit,7548,"McDowell, Graeme",224.0,66.0,T23,,,0.1231,,
top_10,2020-01-05,16,Sentry Tournament of Champions,baseline_history_fit,17538,"Homa, Max",121.0,97.0,T25,,,0.091775,,
top_10,2020-01-05,16,Sentry Tournament of Champions,baseline_history_fit,12846,"Herman, Jim",256.0,105.0,T27,,,0.0219,,
top_10,2020-01-05,16,Sentry Tournament of Champions,baseline_history_fit,15634,"Trainer, Martin",,,34,,,0.00735,,
top_20,2020-01-05,16,Sentry Tournament of Champions,baseline,19195,"Rahm, Jon",1.0,2.0,10,,,,0.93635,
top_20,2020-01-05,16,Sentry Tournament of Champions,baseline,14139,"Thomas, Justin",4.0,3.0,1,,,,0.906725,
top_20,2020-01-05,16,Sentry Tournament of Champions,baseline,15466,"Cantlay, Patrick",11.0,10.0,4,,,,0.84755,
top_20,2020-01-05,16,Sentry Tournament of Champions,baseline,19895,"Schauffele, Xander",2.0,8.0,T2,,,,0.834375,
top_20,2020-01-05,16,Sentry Tournament of Champions,baseline,14838,"Reed, Patrick",9.0,11.0,T2,,,,0.8119,
top_20,2020-01-05,16,Sentry Tournament of Champions,baseline,12422,"Johnson, Dustin",3.0,1.0,T7,,,,0.79595,
top_20,2020-01-05,16,Sentry Tournament of Champions,baseline,12577,"Woodland, Gary",56.0,32.0,T7,,,,0.7814,
top_20,2020-01-05,16,Sentry Tournament of Champions,baseline,7108,"Casey, Paul",44.0,22.0,T19,,,,0.7767,
top_20,2020-01-05,16,Sentry Tournament of Champions,baseline,12965,"Fowler, Rickie",50.0,46.0,T5,,,,0.773325,
top_20,2020-01-05,16,Sentry Tournament of Champions,baseline,22085,"Morikawa, Collin",17.0,4.0,T7,,,,0.7318,
top_20,2020-01-05,16,Sentry Tournament of Champions,baseline,17576,"Conners, Corey",42.0,68.0,T19,,,,0.6917,
top_20,2020-01-05,16,Sentry Tournament of Champions,baseline,18079,"Niemann, Joaquin",26.0,42.0,T5,,,,0.63935,
top_20,2020-01-05,16,Sentry Tournament of Champions,baseline,11955,"Frittelli, Dylan",76.0,100.0,31,,,,0.63525,
top_20,2020-01-05,16,Sentry Tournament of Champions,baseline,6169,"Kuchar, Matt",51.0,29.0,T14,,,,0.6373,
top_20,2020-01-05,16,Sentry Tournament of Champions,baseline,20770,"Munoz, Sebastian",35.0,61.0,T17,,,,0.6105,
top_20,2020-01-05,16,Sentry Tournament of Champions,baseline,21554,"Poston, J.T.",55.0,63.0,T11,,,,0.622075,
top_20,2020-01-05,16,Sentry Tournament of Champions,baseline,7820,"Palmer, Ryan",30.0,31.0,T17,,,,0.591775,
top_20,2020-01-05,16,Sentry Tournament of Champions,baseline,11328,"Kisner, Kevin",29.0,34.0,T14,,,,0.58035,
top_20,2020-01-05,16,Sentry Tournament of Champions,baseline,25919,"Wolff, Matthew",32.0,14.0,T11,,,,0.5541,
top_20,2020-01-05,16,Sentry Tournament of Champions,baseline,7452,"Na, Kevin",61.0,38.0,T32,,,,0.5634,
top_20,2020-01-05,16,Sentry Tournament of Champions,baseline,15330,"Griffin, Lanto",46.0,55.0,13,,,,0.542,
top_20,2020-01-05,16,Sentry Tournament of Champions,baseline,17365,"Mitchell, Keith",237.0,157.0,T32,,,,0.51855,
top_20,2020-01-05,16,Sentry Tournament of Champions,baseline,7961,"Reavie, Chez",80.0,52.0,T27,,,,0.523575,
top_20,2020-01-05,16,Sentry Tournament of Champions,baseline,15473,"Long, Adam",75.0,76.0,T23,,,,0.493175,
top_20,2020-01-05,16,Sentry Tournament of Champions,baseline,7881,"Kang, Sung",443.0,81.0,T25,,,,0.4744,
top_20,2020-01-05,16,Sentry Tournament of Champions,baseline,12425,"Todd, Brendon",58.0,43.0,29,,,,0.469325,
top_20,2020-01-05,16,Sentry Tournament of Champions,baseline,23542,"Champ, Cameron",71.0,74.0,T14,,,,0.468425,
top_20,2020-01-05,16,Sentry Tournament of Champions,baseline,10943,"Lashley, Nate",158.0,116.0,T19,,,,0.4581,
top_20,2020-01-05,16,Sentry Tournament of Champions,baseline,18187,"Duncan, Tyler",92.0,143.0,T19,,,,0.4297,
top_20,2020-01-05,16,Sentry Tournament of Champions,baseline,7548,"McDowell, Graeme",224.0,66.0,T23,,,,0.415175,
top_20,2020-01-05,16,Sentry Tournament of Champions,baseline,7959,"Holmes, J.B.",192.0,180.0,30,,,,0.3529,
top_20,2020-01-05,16,Sentry Tournament of Champions,baseline,17538,"Homa, Max",121.0,97.0,T25,,,,0.31255,
top_20,2020-01-05,16,Sentry Tournament of Champions,baseline,12846,"Herman, Jim",256.0,105.0,T27,,,,0.1753,
top_20,2020-01-05,16,Sentry Tournament of Champions,baseline,15634,"Trainer, Martin",,,34,,,,0.04495,
top_20,2020-01-05,16,Sentry Tournament of Champions,baseline_history_fit,19195,"Rahm, Jon",1.0,2.0,10,,,,0.947625,
top_20,2020-01-05,16,Sentry Tournament of Champions,baseline_history_fit,14139,"Thomas, Justin",4.0,3.0,1,,,,0.927825,
top_20,2020-01-05,16,Sentry Tournament of Champions,baseline_history_fit,19895,"Schauffele, Xander",2.0,8.0,T2,,,,0.86265,
top_20,2020-01-05,16,Sentry Tournament of Champions,baseline_history_fit,15466,"Cantlay, Patrick",11.0,10.0,4,,,,0.87055,
top_20,2020-01-05,16,Sentry Tournament of Champions,baseline_history_fit,14838,"Reed, Patrick",9.0,11.0,T2,,,,0.8503,
top_20,2020-01-05,16,Sentry Tournament of Champions,baseline_history_fit,12422,"Johnson, Dustin",3.0,1.0,T7,,,,0.84305,
top_20,2020-01-05,16,Sentry Tournament of Champions,baseline_history_fit,12965,"Fowler, Rickie",50.0,46.0,T5,,,,0.801925,
top_20,2020-01-05,16,Sentry Tournament of Champions,baseline_history_fit,12577,"Woodland, Gary",56.0,32.0,T7,,,,0.8022,
top_20,2020-01-05,16,Sentry Tournament of Champions,baseline_history_fit,7108,"Casey, Paul",44.0,22.0,T19,,,,0.766125,
top_20,2020-01-05,16,Sentry Tournament of Champions,baseline_history_fit,22085,"Morikawa, Collin",17.0,4.0,T7,,,,0.7139,
top_20,2020-01-05,16,Sentry Tournament of Champions,baseline_history_fit,18079,"Niemann, Joaquin",26.0,42.0,T5,,,,0.660825,
top_20,2020-01-05,16,Sentry Tournament of Champions,baseline_history_fit,17576,"Conners, Corey",42.0,68.0,T19,,,,0.672075,
top_20,2020-01-05,16,Sentry Tournament of Champions,baseline_history_fit,11955,"Frittelli, Dylan",76.0,100.0,31,,,,0.6509999999999999,
top_20,2020-01-05,16,Sentry Tournament of Champions,baseline_history_fit,20770,"Munoz, Sebastian",35.0,61.0,T17,,,,0.6364,
top_20,2020-01-05,16,Sentry Tournament of Champions,baseline_history_fit,21554,"Poston, J.T.",55.0,63.0,T11,,,,0.60445,
top_20,2020-01-05,16,Sentry Tournament of Champions,baseline_history_fit,25919,"Wolff, Matthew",32.0,14.0,T11,,,,0.58265,
top_20,2020-01-05,16,Sentry Tournament of Champions,baseline_history_fit,7820,"Palmer, Ryan",30.0,31.0,T17,,,,0.60215,
top_20,2020-01-05,16,Sentry Tournament of Champions,baseline_history_fit,17365,"Mitchell, Keith",237.0,157.0,T32,,,,0.55295,
top_20,2020-01-05,16,Sentry Tournament of Champions,baseline_history_fit,15330,"Griffin, Lanto",46.0,55.0,13,,,,0.570775,
top_20,2020-01-05,16,Sentry Tournament of Champions,baseline_history_fit,6169,"Kuchar, Matt",51.0,29.0,T14,,,,0.600875,
top_20,2020-01-05,16,Sentry Tournament of Champions,baseline_history_fit,11328,"Kisner, Kevin",29.0,34.0,T14,,,,0.5331,
top_20,2020-01-05,16,Sentry Tournament of Champions,baseline_history_fit,7452,"Na, Kevin",61.0,38.0,T32,,,,0.546925,
top_20,2020-01-05,16,Sentry Tournament of Champions,baseline_history_fit,23542,"Champ, Cameron",71.0,74.0,T14,,,,0.514025,
top_20,2020-01-05,16,Sentry Tournament of Champions,baseline_history_fit,7881,"Kang, Sung",443.0,81.0,T25,,,,0.485675,
top_20,2020-01-05,16,Sentry Tournament of Champions,baseline_history_fit,10943,"Lashley, Nate",158.0,116.0,T19,,,,0.46395,
top_20,2020-01-05,16,Sentry Tournament of Champions,baseline_history_fit,15473,"Long, Adam",75.0,76.0,T23,,,,0.4444,
top_20,2020-01-05,16,Sentry Tournament of Champions,baseline_history_fit,12425,"Todd, Brendon",58.0,43.0,29,,,,0.4165,
top_20,2020-01-05,16,Sentry Tournament of Champions,baseline_history_fit,7961,"Reavie, Chez",80.0,52.0,T27,,,,0.426275,
top_20,2020-01-05,16,Sentry Tournament of Champions,baseline_history_fit,7959,"Holmes, J.B.",192.0,180.0,30,,,,0.3805,
top_20,2020-01-05,16,Sentry Tournament of Champions,baseline_history_fit,18187,"Duncan, Tyler",92.0,143.0,T19,,,,0.36795,
top_20,2020-01-05,16,Sentry Tournament of Champions,baseline_history_fit,7548,"McDowell, Graeme",224.0,66.0,T23,,,,0.394675,
top_20,2020-01-05,16,Sentry Tournament of Champions,baseline_history_fit,17538,"Homa, Max",121.0,97.0,T25,,,,0.324075,
top_20,2020-01-05,16,Sentry Tournament of Champions,baseline_history_fit,12846,"Herman, Jim",256.0,105.0,T27,,,,0.127275,
top_20,2020-01-05,16,Sentry Tournament of Champions,baseline_history_fit,15634,"Trainer, Martin",,,34,,,,0.054375,
make_cut,2020-01-05,16,Sentry Tournament of Champions,baseline,19195,"Rahm, Jon",1.0,2.0,10,,,,,1.0
make_cut,2020-01-05,16,Sentry Tournament of Champions,baseline,14139,"Thomas, Justin",4.0,3.0,1,,,,,1.0
make_cut,2020-01-05,16,Sentry Tournament of Champions,baseline,15466,"Cantlay, Patrick",11.0,10.0,4,,,,,1.0
make_cut,2020-01-05,16,Sentry Tournament of Champions,baseline,19895,"Schauffele, Xander",2.0,8.0,T2,,,,,1.0
make_cut,2020-01-05,16,Sentry Tournament of Champions,baseline,14838,"Reed, Patrick",9.0,11.0,T2,,,,,1.0
make_cut,2020-01-05,16,Sentry Tournament of Champions,baseline,12422,"Johnson, Dustin",3.0,1.0,T7,,,,,1.0
make_cut,2020-01-05,16,Sentry Tournament of Champions,baseline,12577,"Woodland, Gary",56.0,32.0,T7,,,,,1.0
make_cut,2020-01-05,16,Sentry Tournament of Champions,baseline,7108,"Casey, Paul",44.0,22.0,T19,,,,,1.0
make_cut,2020-01-05,16,Sentry Tournament of Champions,baseline,12965,"Fowler, Rickie",50.0,46.0,T5,,,,,1.0
make_cut,2020-01-05,16,Sentry Tournament of Champions,baseline,22085,"Morikawa, Collin",17.0,4.0,T7,,,,,1.0
make_cut,2020-01-05,16,Sentry Tournament of Champions,baseline,17576,"Conners, Corey",42.0,68.0,T19,,,,,1.0
make_cut,2020-01-05,16,Sentry Tournament of Champions,baseline,18079,"Niemann, Joaquin",26.0,42.0,T5,,,,,1.0
make_cut,2020-01-05,16,Sentry Tournament of Champions,baseline,11955,"Frittelli, Dylan",76.0,100.0,31,,,,,1.0
make_cut,2020-01-05,16,Sentry Tournament of Champions,baseline,6169,"Kuchar, Matt",51.0,29.0,T14,,,,,1.0
make_cut,2020-01-05,16,Sentry Tournament of Champions,baseline,20770,"Munoz, Sebastian",35.0,61.0,T17,,,,,1.0
make_cut,2020-01-05,16,Sentry Tournament of Champions,baseline,21554,"Poston, J.T.",55.0,63.0,T11,,,,,1.0
make_cut,2020-01-05,16,Sentry Tournament of Champions,baseline,7820,"Palmer, Ryan",30.0,31.0,T17,,,,,1.0
make_cut,2020-01-05,16,Sentry Tournament of Champions,baseline,11328,"Kisner, Kevin",29.0,34.0,T14,,,,,1.0
make_cut,2020-01-05,16,Sentry Tournament of Champions,baseline,25919,"Wolff, Matthew",32.0,14.0,T11,,,,,1.0
make_cut,2020-01-05,16,Sentry Tournament of Champions,baseline,7452,"Na, Kevin",61.0,38.0,T32,,,,,1.0
make_cut,2020-01-05,16,Sentry Tournament of Champions,baseline,15330,"Griffin, Lanto",46.0,55.0,13,,,,,1.0
make_cut,2020-01-05,16,Sentry Tournament of Champions,baseline,17365,"Mitchell, Keith",237.0,157.0,T32,,,,,1.0
make_cut,2020-01-05,16,Sentry Tournament of Champions,baseline,7961,"Reavie, Chez",80.0,52.0,T27,,,,,1.0
make_cut,2020-01-05,16,Sentry Tournament of Champions,baseline,15473,"Long, Adam",75.0,76.0,T23,,,,,1.0
make_cut,2020-01-05,16,Sentry Tournament of Champions,baseline,7881,"Kang, Sung",443.0,81.0,T25,,,,,1.0
make_cut,2020-01-05,16,Sentry Tournament of Champions,baseline,12425,"Todd, Brendon",58.0,43.0,29,,,,,1.0
make_cut,2020-01-05,16,Sentry Tournament of Champions,baseline,23542,"Champ, Cameron",71.0,74.0,T14,,,,,1.0
make_cut,2020-01-05,16,Sentry Tournament of Champions,baseline,10943,"Lashley, Nate",158.0,116.0,T19,,,,,1.0
make_cut,2020-01-05,16,Sentry Tournament of Champions,baseline,18187,"Duncan, Tyler",92.0,143.0,T19,,,,,1.0
make_cut,2020-01-05,16,Sentry Tournament of Champions,baseline,7548,"McDowell, Graeme",224.0,66.0,T23,,,,,1.0
make_cut,2020-01-05,16,Sentry Tournament of Champions,baseline,7959,"Holmes, J.B.",192.0,180.0,30,,,,,1.0
make_cut,2020-01-05,16,Sentry Tournament of Champions,baseline,17538,"Homa, Max",121.0,97.0,T25,,,,,1.0
make_cut,2020-01-05,16,Sentry Tournament of Champions,baseline,12846,"Herman, Jim",256.0,105.0,T27,,,,,1.0
make_cut,2020-01-05,16,Sentry Tournament of Champions,baseline,15634,"Trainer, Martin",,,34,,,,,1.0
make_cut,2020-01-05,16,Sentry Tournament of Champions,baseline_history_fit,19195,"Rahm, Jon",1.0,2.0,10,,,,,1.0
make_cut,2020-01-05,16,Sentry Tournament of Champions,baseline_history_fit,14139,"Thomas, Justin",4.0,3.0,1,,,,,1.0
make_cut,2020-01-05,16,Sentry Tournament of Champions,baseline_history_fit,19895,"Schauffele, Xander",2.0,8.0,T2,,,,,1.0
make_cut,2020-01-05,16,Sentry Tournament of Champions,baseline_history_fit,15466,"Cantlay, Patrick",11.0,10.0,4,,,,,1.0
make_cut,2020-01-05,16,Sentry Tournament of Champions,baseline_history_fit,14838,"Reed, Patrick",9.0,11.0,T2,,,,,1.0
make_cut,2020-01-05,16,Sentry Tournament of Champions,baseline_history_fit,12422,"Johnson, Dustin",3.0,1.0,T7,,,,,1.0
make_cut,2020-01-05,16,Sentry Tournament of Champions,baseline_history_fit,12965,"Fowler, Rickie",50.0,46.0,T5,,,,,1.0
make_cut,2020-01-05,16,Sentry Tournament of Champions,baseline_history_fit,12577,"Woodland, Gary",56.0,32.0,T7,,,,,1.0
make_cut,2020-01-05,16,Sentry Tournament of Champions,baseline_history_fit,7108,"Casey, Paul",44.0,22.0,T19,,,,,1.0
make_cut,2020-01-05,16,Sentry Tournament of Champions,baseline_history_fit,22085,"Morikawa, Collin",17.0,4.0,T7,,,,,1.0
make_cut,2020-01-05,16,Sentry Tournament of Champions,baseline_history_fit,18079,"Niemann, Joaquin",26.0,42.0,T5,,,,,1.0
make_cut,2020-01-05,16,Sentry Tournament of Champions,baseline_history_fit,17576,"Conners, Corey",42.0,68.0,T19,,,,,1.0
make_cut,2020-01-05,16,Sentry Tournament of Champions,baseline_history_fit,11955,"Frittelli, Dylan",76.0,100.0,31,,,,,1.0
make_cut,2020-01-05,16,Sentry Tournament of Champions,baseline_history_fit,20770,"Munoz, Sebastian",35.0,61.0,T17,,,,,1.0
make_cut,2020-01-05,16,Sentry Tournament of Champions,baseline_history_fit,21554,"Poston, J.T.",55.0,63.0,T11,,,,,1.0
make_cut,2020-01-05,16,Sentry Tournament of Champions,baseline_history_fit,25919,"Wolff, Matthew",32.0,14.0,T11,,,,,1.0
make_cut,2020-01-05,16,Sentry Tournament of Champions,baseline_history_fit,7820,"Palmer, Ryan",30.0,31.0,T17,,,,,1.0
make_cut,2020-01-05,16,Sentry Tournament of Champions,baseline_history_fit,17365,"Mitchell, Keith",237.0,157.0,T32,,,,,1.0
make_cut,2020-01-05,16,Sentry Tournament of Champions,baseline_history_fit,15330,"Griffin, Lanto",46.0,55.0,13,,,,,1.0
make_cut,2020-01-05,16,Sentry Tournament of Champions,baseline_history_fit,6169,"Kuchar, Matt",51.0,29.0,T14,,,,,1.0
make_cut,2020-01-05,16,Sentry Tournament of Champions,baseline_history_fit,11328,"Kisner, Kevin",29.0,34.0,T14,,,,,1.0
make_cut,2020-01-05,16,Sentry Tournament of Champions,baseline_history_fit,7452,"Na, Kevin",61.0,38.0,T32,,,,,1.0
make_cut,2020-01-05,16,Sentry Tournament of Champions,baseline_history_fit,23542,"Champ, Cameron",71.0,74.0,T14,,,,,1.0
make_cut,2020-01-05,16,Sentry Tournament of Champions,baseline_history_fit,7881,"Kang, Sung",443.0,81.0,T25,,,,,1.0
make_cut,2020-01-05,16,Sentry Tournament of Champions,baseline_history_fit,10943,"Lashley, Nate",158.0,116.0,T19,,,,,1.0
make_cut,2020-01-05,16,Sentry Tournament of Champions,baseline_history_fit,15473,"Long, Adam",75.0,76.0,T23,,,,,1.0
make_cut,2020-01-05,16,Sentry Tournament of Champions,baseline_history_fit,12425,"Todd, Brendon",58.0,43.0,29,,,,,1.0
make_cut,2020-01-05,16,Sentry Tournament of Champions,baseline_history_fit,7961,"Reavie, Chez",80.0,52.0,T27,,,,,1.0
make_cut,2020-01-05,16,Sentry Tournament of Champions,baseline_history_fit,7959,"Holmes, J.B.",192.0,180.0,30,,,,,1.0
make_cut,2020-01-05,16,Sentry Tournament of Champions,baseline_history_fit,18187,"Duncan, Tyler",92.0,143.0,T19,,,,,1.0
make_cut,2020-01-05,16,Sentry Tournament of Champions,baseline_history_fit,7548,"McDowell, Graeme",224.0,66.0,T23,,,,,1.0
make_cut,2020-01-05,16,Sentry Tournament of Champions,baseline_history_fit,17538,"Homa, Max",121.0,97.0,T25,,,,,1.0
make_cut,2020-01-05,16,Sentry Tournament of Champions,baseline_history_fit,12846,"Herman, Jim",256.0,105.0,T27,,,,,1.0
make_cut,2020-01-05,16,Sentry Tournament of Champions,baseline_history_fit,15634,"Trainer, Martin",,,34,,,,,1.0
mc,2020-01-05,16,Sentry Tournament of Champions,baseline,19195,"Rahm, Jon",1.0,2.0,10,,,,,1.0
mc,2020-01-05,16,Sentry Tournament of Champions,baseline,14139,"Thomas, Justin",4.0,3.0,1,,,,,1.0
mc,2020-01-05,16,Sentry Tournament of Champions,baseline,15466,"Cantlay, Patrick",11.0,10.0,4,,,,,1.0
mc,2020-01-05,16,Sentry Tournament of Champions,baseline,19895,"Schauffele, Xander",2.0,8.0,T2,,,,,1.0
mc,2020-01-05,16,Sentry Tournament of Champions,baseline,14838,"Reed, Patrick",9.0,11.0,T2,,,,,1.0
mc,2020-01-05,16,Sentry Tournament of Champions,baseline,12422,"Johnson, Dustin",3.0,1.0,T7,,,,,1.0
mc,2020-01-05,16,Sentry Tournament of Champions,baseline,12577,"Woodland, Gary",56.0,32.0,T7,,,,,1.0
mc,2020-01-05,16,Sentry Tournament of Champions,baseline,7108,"Casey, Paul",44.0,22.0,T19,,,,,1.0
mc,2020-01-05,16,Sentry Tournament of Champions,baseline,12965,"Fowler, Rickie",50.0,46.0,T5,,,,,1.0
mc,2020-01-05,16,Sentry Tournament of Champions,baseline,22085,"Morikawa, Collin",17.0,4.0,T7,,,,,1.0
mc,2020-01-05,16,Sentry Tournament of Champions,baseline,17576,"Conners, Corey",42.0,68.0,T19,,,,,1.0
mc,2020-01-05,16,Sentry Tournament of Champions,baseline,18079,"Niemann, Joaquin",26.0,42.0,T5,,,,,1.0
mc,2020-01-05,16,Sentry Tournament of Champions,baseline,11955,"Frittelli, Dylan",76.0,100.0,31,,,,,1.0
mc,2020-01-05,16,Sentry Tournament of Champions,baseline,6169,"Kuchar, Matt",51.0,29.0,T14,,,,,1.0
mc,2020-01-05,16,Sentry Tournament of Champions,baseline,20770,"Munoz, Sebastian",35.0,61.0,T17,,,,,1.0
mc,2020-01-05,16,Sentry Tournament of Champions,baseline,21554,"Poston, J.T.",55.0,63.0,T11,,,,,1.0
mc,2020-01-05,16,Sentry Tournament of Champions,baseline,7820,"Palmer, Ryan",30.0,31.0,T17,,,,,1.0
mc,2020-01-05,16,Sentry Tournament of Champions,baseline,11328,"Kisner, Kevin",29.0,34.0,T14,,,,,1.0
mc,2020-01-05,16,Sentry Tournament of Champions,baseline,25919,"Wolff, Matthew",32.0,14.0,T11,,,,,1.0
mc,2020-01-05,16,Sentry Tournament of Champions,baseline,7452,"Na, Kevin",61.0,38.0,T32,,,,,1.0
mc,2020-01-05,16,Sentry Tournament of Champions,baseline,15330,"Griffin, Lanto",46.0,55.0,13,,,,,1.0
mc,2020-01-05,16,Sentry Tournament of Champions,baseline,17365,"Mitchell, Keith",237.0,157.0,T32,,,,,1.0
mc,2020-01-05,16,Sentry Tournament of Champions,baseline,7961,"Reavie, Chez",80.0,52.0,T27,,,,,1.0
mc,2020-01-05,16,Sentry Tournament of Champions,baseline,15473,"Long, Adam",75.0,76.0,T23,,,,,1.0
mc,2020-01-05,16,Sentry Tournament of Champions,baseline,7881,"Kang, Sung",443.0,81.0,T25,,,,,1.0
mc,2020-01-05,16,Sentry Tournament of Champions,baseline,12425,"Todd, Brendon",58.0,43.0,29,,,,,1.0
mc,2020-01-05,16,Sentry Tournament of Champions,baseline,23542,"Champ, Cameron",71.0,74.0,T14,,,,,1.0
mc,2020-01-05,16,Sentry Tournament of Champions,baseline,10943,"Lashley, Nate",158.0,116.0,T19,,,,,1.0
mc,2020-01-05,16,Sentry Tournament of Champions,baseline,18187,"Duncan, Tyler",92.0,143.0,T19,,,,,1.0
mc,2020-01-05,16,Sentry Tournament of Champions,baseline,7548,"McDowell, Graeme",224.0,66.0,T23,,,,,1.0
mc,2020-01-05,16,Sentry Tournament of Champions,baseline,7959,"Holmes, J.B.",192.0,180.0,30,,,,,1.0
mc,2020-01-05,16,Sentry Tournament of Champions,baseline,17538,"Homa, Max",121.0,97.0,T25,,,,,1.0
mc,2020-01-05,16,Sentry Tournament of Champions,baseline,12846,"Herman, Jim",256.0,105.0,T27,,,,,1.0
mc,2020-01-05,16,Sentry Tournament of Champions,baseline,15634,"Trainer, Martin",,,34,,,,,1.0
mc,2020-01-05,16,Sentry Tournament of Champions,baseline_history_fit,19195,"Rahm, Jon",1.0,2.0,10,,,,,1.0
mc,2020-01-05,16,Sentry Tournament of Champions,baseline_history_fit,14139,"Thomas, Justin",4.0,3.0,1,,,,,1.0
mc,2020-01-05,16,Sentry Tournament of Champions,baseline_history_fit,19895,"Schauffele, Xander",2.0,8.0,T2,,,,,1.0
mc,2020-01-05,16,Sentry Tournament of Champions,baseline_history_fit,15466,"Cantlay, Patrick",11.0,10.0,4,,,,,1.0
mc,2020-01-05,16,Sentry Tournament of Champions,baseline_history_fit,14838,"Reed, Patrick",9.0,11.0,T2,,,,,1.0
mc,2020-01-05,16,Sentry Tournament of Champions,baseline_history_fit,12422,"Johnson, Dustin",3.0,1.0,T7,,,,,1.0
mc,2020-01-05,16,Sentry Tournament of Champions,baseline_history_fit,12965,"Fowler, Rickie",50.0,46.0,T5,,,,,1.0
mc,2020-01-05,16,Sentry Tournament of Champions,baseline_history_fit,12577,"Woodland, Gary",56.0,32.0,T7,,,,,1.0
mc,2020-01-05,16,Sentry Tournament of Champions,baseline_history_fit,7108,"Casey, Paul",44.0,22.0,T19,,,,,1.0
mc,2020-01-05,16,Sentry Tournament of Champions,baseline_history_fit,22085,"Morikawa, Collin",17.0,4.0,T7,,,,,1.0
mc,2020-01-05,16,Sentry Tournament of Champions,baseline_history_fit,18079,"Niemann, Joaquin",26.0,42.0,T5,,,,,1.0
mc,2020-01-05,16,Sentry Tournament of Champions,baseline_history_fit,17576,"Conners, Corey",42.0,68.0,T19,,,,,1.0
mc,2020-01-05,16,Sentry Tournament of Champions,baseline_history_fit,11955,"Frittelli, Dylan",76.0,100.0,31,,,,,1.0
mc,2020-01-05,16,Sentry Tournament of Champions,baseline_history_fit,20770,"Munoz, Sebastian",35.0,61.0,T17,,,,,1.0
mc,2020-01-05,16,Sentry Tournament of Champions,baseline_history_fit,21554,"Poston, J.T.",55.0,63.0,T11,,,,,1.0
mc,2020-01-05,16,Sentry Tournament of Champions,baseline_history_fit,25919,"Wolff, Matthew",32.0,14.0,T11,,,,,1.0
mc,2020-01-05,16,Sentry Tournament of Champions,baseline_history_fit,7820,"Palmer, Ryan",30.0,31.0,T17,,,,,1.0
mc,2020-01-05,16,Sentry Tournament of Champions,baseline_history_fit,17365,"Mitchell, Keith",237.0,157.0,T32,,,,,1.0
mc,2020-01-05,16,Sentry Tournament of Champions,baseline_history_fit,15330,"Griffin, Lanto",46.0,55.0,13,,,,,1.0
mc,2020-01-05,16,Sentry Tournament of Champions,baseline_history_fit,6169,"Kuchar, Matt",51.0,29.0,T14,,,,,1.0
mc,2020-01-05,16,Sentry Tournament of Champions,baseline_history_fit,11328,"Kisner, Kevin",29.0,34.0,T14,,,,,1.0
mc,2020-01-05,16,Sentry Tournament of Champions,baseline_history_fit,7452,"Na, Kevin",61.0,38.0,T32,,,,,1.0
mc,2020-01-05,16,Sentry Tournament of Champions,baseline_history_fit,23542,"Champ, Cameron",71.0,74.0,T14,,,,,1.0
mc,2020-01-05,16,Sentry Tournament of Champions,baseline_history_fit,7881,"Kang, Sung",443.0,81.0,T25,,,,,1.0
mc,2020-01-05,16,Sentry Tournament of Champions,baseline_history_fit,10943,"Lashley, Nate",158.0,116.0,T19,,,,,1.0
mc,2020-01-05,16,Sentry Tournament of Champions,baseline_history_fit,15473,"Long, Adam",75.0,76.0,T23,,,,,1.0
mc,2020-01-05,16,Sentry Tournament of Champions,baseline_history_fit,12425,"Todd, Brendon",58.0,43.0,29,,,,,1.0
mc,2020-01-05,16,Sentry Tournament of Champions,baseline_history_fit,7961,"Reavie, Chez",80.0,52.0,T27,,,,,1.0
mc,2020-01-05,16,Sentry Tournament of Champions,baseline_history_fit,7959,"Holmes, J.B.",192.0,180.0,30,,,,,1.0
mc,2020-01-05,16,Sentry Tournament of Champions,baseline_history_fit,18187,"Duncan, Tyler",92.0,143.0,T19,,,,,1.0
mc,2020-01-05,16,Sentry Tournament of Champions,baseline_history_fit,7548,"McDowell, Graeme",224.0,66.0,T23,,,,,1.0
mc,2020-01-05,16,Sentry Tournament of Champions,baseline_history_fit,17538,"Homa, Max",121.0,97.0,T25,,,,,1.0
mc,2020-01-05,16,Sentry Tournament of Champions,baseline_history_fit,12846,"Herman, Jim",256.0,105.0,T27,,,,,1.0
mc,2020-01-05,16,Sentry Tournament of Champions,baseline_history_fit,15634,"Trainer, Martin",,,34,,,,,1.0
