market,event_completed,event_id,event_name,model,dg_id,player_name,dg_rank,owgr_rank,fin_text,win,top_5,top_10,top_20,make_cut
win,2020-10-18,521,THE CJ CUP @ SHADOW CREEK,baseline,19195,"Rahm, Jon",1.0,2.0,T17,0.105025,,,,
win,2020-10-18,521,THE CJ CUP @ SHADOW CREEK,baseline,14139,"Thomas, Justin",4.0,3.0,T12,0.0763,,,,
win,2020-10-18,521,THE CJ CUP @ SHADOW CREEK,baseline,10091,"McIlroy, Rory",7.0,4.0,T21,0.06865,,,,
win,2020-10-18,521,THE CJ CUP @ SHADOW CREEK,baseline,19895,"Schauffele, Xander",2.0,8.0,2,0.05925,,,,
win,2020-10-18,521,THE CJ CUP @ SHADOW CREEK,baseline,13562,"Matsuyama, Hideki",11.0,20.0,T21,0.03695,,,,
win,2020-10-18,521,THE CJ CUP @ SHADOW CREEK,baseline,18417,"Scheffler, Scottie",14.0,31.0,T52,0.03295,,,,
win,2020-10-18,521,THE CJ CUP @ SHADOW CREEK,baseline,15466,"Cantlay, Patrick",13.0,14.0,T38,0.0313,,,,
win,2020-10-18,521,THE CJ CUP @ SHADOW CREEK,baseline,22085,"Morikawa, Collin",16.0,6.0,T12,0.030375,,,,
win,2020-10-18,521,THE CJ CUP @ SHADOW CREEK,baseline,14796,"Hatton, Tyrrell",12.0,10.0,T3,0.029575,,,,
win,2020-10-18,521,THE CJ CUP @ SHADOW CREEK,baseline,25919,"Wolff, Matthew",17.0,12.0,73,0.027725,,,,
win,2020-10-18,521,THE CJ CUP @ SHADOW CREEK,baseline,17488,"Im, Sungjae",24.0,23.0,T45,0.0258,,,,
win,2020-10-18,521,THE CJ CUP @ SHADOW CREEK,baseline,14577,"English, Harris",10.0,37.0,10,0.02155,,,,
win,2020-10-18,521,THE CJ CUP @ SHADOW CREEK,baseline,17606,"Berger, Daniel",9.0,13.0,T28,0.0214,,,,
win,2020-10-18,521,THE CJ CUP @ SHADOW CREEK,baseline,18841,"Hovland, Viktor",18.0,29.0,T12,0.020975,,,,
win,2020-10-18,521,THE CJ CUP @ SHADOW CREEK,baseline,17646,"Fitzpatrick, Matthew",21.0,19.0,T12,0.020425,,,,
win,2020-10-18,521,THE CJ CUP @ SHADOW CREEK,baseline,12294,"Fleetwood, Tommy",22.0,16.0,T59,0.020075,,,,
win,2020-10-18,521,THE CJ CUP @ SHADOW CREEK,baseline,16243,"Koepka, Brooks",33.0,11.0,T28,0.018625,,,,
win,2020-10-18,521,THE CJ CUP @ SHADOW CREEK,baseline,12965,"Fowler, Rickie",44.0,43.0,T28,0.016475,,,,
win,2020-10-18,521,THE CJ CUP @ SHADOW CREEK,baseline,7108,"Casey, Paul",26.0,22.0,T69,0.015675,,,,
win,2020-10-18,521,THE CJ CUP @ SHADOW CREEK,baseline,7672,"Oosthuizen, Louis",20.0,18.0,T48,0.01565,,,,
win,2020-10-18,521,THE CJ CUP @ SHADOW CREEK,baseline,9771,"Day, Jason",38.0,42.0,WD,0.013925,,,,
win,2020-10-18,521,THE CJ CUP @ SHADOW CREEK,baseline,5689,"Garcia, Sergio",48.0,40.0,T21,0.012775,,,,
win,2020-10-18,521,THE CJ CUP @ SHADOW CREEK,baseline,11276,"Horschel, Billy",28.0,35.0,T28,0.01255,,,,
win,2020-10-18,521,THE CJ CUP @ SHADOW CREEK,baseline,18238,"Ancer, Abraham",25.0,21.0,T28,0.012075,,,,
win,2020-10-18,521,THE CJ CUP @ SHADOW CREEK,baseline,12337,"Kokrak, Jason",31.0,53.0,1,0.01125,,,,
win,2020-10-18,521,THE CJ CUP @ SHADOW CREEK,baseline,18079,"Niemann, Joaquin",41.0,46.0,6,0.0111,,,,
win,2020-10-18,521,THE CJ CUP @ SHADOW CREEK,baseline,7334,"Watson, Bubba",45.0,59.0,T7,0.010175,,,,
win,2020-10-18,521,THE CJ CUP @ SHADOW CREEK,baseline,6093,"Rose, Justin",47.0,24.0,T52,0.010025,,,,
win,2020-10-18,521,THE CJ CUP @ SHADOW CREEK,baseline,17576,"Conners, Corey",49.0,74.0,T61,0.0097,,,,
win,2020-10-18,521,THE CJ CUP @ SHADOW CREEK,baseline,12577,"Woodland, Gary",32.0,28.0,72,0.009225,,,,
win,2020-10-18,521,THE CJ CUP @ SHADOW CREEK,baseline,11328,"Kisner, Kevin",30.0,32.0,T45,0.008425,,,,
win,2020-10-18,521,THE CJ CUP @ SHADOW CREEK,baseline,12425,"Todd, Brendon",37.0,39.0,T52,0.008325,,,,
win,2020-10-18,521,THE CJ CUP @ SHADOW CREEK,baseline,6169,"Kuchar, Matt",36.0,27.0,T52,0.008275,,,,
win,2020-10-18,521,THE CJ CUP @ SHADOW CREEK,baseline,20770,"Munoz, Sebastian",55.0,72.0,9,0.00805,,,,
win,2020-10-18,521,THE CJ CUP @ SHADOW CREEK,baseline,14609,"Kim, Si Woo",63.0,91.0,T17,0.007825,,,,
win,2020-10-18,521,THE CJ CUP @ SHADOW CREEK,baseline,8825,"Harman, Brian",39.0,96.0,T28,0.0073,,,,
win,2020-10-18,521,THE CJ CUP @ SHADOW CREEK,baseline,14578,"Henley, Russell",40.0,121.0,T3,0.007075,,,,
win,2020-10-18,521,THE CJ CUP @ SHADOW CREEK,baseline,14459,"An, Byeong Hun",84.0,62.0,T42,0.00685,,,,
win,2020-10-18,521,THE CJ CUP @ SHADOW CREEK,baseline,11955,"Frittelli, Dylan",69.0,108.0,T69,0.006675,,,,
win,2020-10-18,521,THE CJ CUP @ SHADOW CREEK,baseline,13900,"Lowry, Shane",62.0,30.0,T28,0.0066,,,,
win,2020-10-18,521,THE CJ CUP @ SHADOW CREEK,baseline,10419,"Noren, Alex",29.0,90.0,76,0.0064,,,,
win,2020-10-18,521,THE CJ CUP @ SHADOW CREEK,baseline,7452,"Na, Kevin",58.0,38.0,T45,0.00635,,,,
win,2020-10-18,521,THE CJ CUP @ SHADOW CREEK,baseline,23542,"Champ, Cameron",108.0,80.0,T42,0.005875,,,,
win,2020-10-18,521,THE CJ CUP @ SHADOW CREEK,baseline,7820,"Palmer, Ryan",46.0,36.0,T17,0.0058,,,,
win,2020-10-18,521,THE CJ CUP @ SHADOW CREEK,baseline,15856,"Smith, Cameron",60.0,54.0,11,0.00565,,,,
win,2020-10-18,521,THE CJ CUP @ SHADOW CREEK,baseline,1435,"Poulter, Ian",42.0,50.0,T12,0.005525,,,,
win,2020-10-18,521,THE CJ CUP @ SHADOW CREEK,baseline,13872,"Bradley, Keegan",87.0,103.0,T42,0.005525,,,,
win,2020-10-18,521,THE CJ CUP @ SHADOW CREEK,baseline,15556,"Hughes, Mackenzie",34.0,48.0,T65,0.00535,,,,
win,2020-10-18,521,THE CJ CUP @ SHADOW CREEK,baseline,13965,"Hadwin, Adam",71.0,65.0,T28,0.005325,,,,
win,2020-10-18,521,THE CJ CUP @ SHADOW CREEK,baseline,14509,"Dahmen, Joel",68.0,67.0,T38,0.0052,,,,
win,2020-10-18,521,THE CJ CUP @ SHADOW CREEK,baseline,8480,"Streelman, Kevin",53.0,47.0,T21,0.005,,,,
win,2020-10-18,521,THE CJ CUP @ SHADOW CREEK,baseline,21554,"Poston, J.T.",56.0,61.0,51,0.00485,,,,
win,2020-10-18,521,THE CJ CUP @ SHADOW CREEK,baseline,15330,"Griffin, Lanto",65.0,69.0,T7,0.004725,,,,
win,2020-10-18,521,THE CJ CUP @ SHADOW CREEK,baseline,15473,"Long, Adam",51.0,64.0,74,0.004725,,,,
win,2020-10-18,521,THE CJ CUP @ SHADOW CREEK,baseline,14636,"Spieth, Jordan",118.0,75.0,T38,0.004675,,,,
win,2020-10-18,521,THE CJ CUP @ SHADOW CREEK,baseline,11019,"Steele, Brendan",59.0,104.0,T65,0.00435,,,,
win,2020-10-18,521,THE CJ CUP @ SHADOW CREEK,baseline,11826,"Lee, Danny",103.0,121.0,T21,0.0031,,,,
win,2020-10-18,521,THE CJ CUP @ SHADOW CREEK,baseline,14735,"Ortiz, Carlos",98.0,163.0,T48,0.003075,,,,
win,2020-10-18,521,THE CJ CUP @ SHADOW CREEK,baseline,18580,"Gooch, Talor",95.0,158.0,5,0.00295,,,,
win,2020-10-18,521,THE CJ CUP @ SHADOW CREEK,baseline,13126,"Taylor, Nick",119.0,126.0,T61,0.002675,,,,
win,2020-10-18,521,THE CJ CUP @ SHADOW CREEK,baseline,7649,"Leishman, Marc",159.0,25.0,T52,0.00245,,,,
win,2020-10-18,521,THE CJ CUP @ SHADOW CREEK,baseline,14140,"Higgs, Harry",120.0,110.0,T21,0.002425,,,,
win,2020-10-18,521,THE CJ CUP @ SHADOW CREEK,baseline,18187,"Duncan, Tyler",94.0,151.0,T28,0.002425,,,,
win,2020-10-18,521,THE CJ CUP @ SHADOW CREEK,baseline,15575,"Hoge, Tom",82.0,143.0,T38,0.002325,,,,
win,2020-10-18,521,THE CJ CUP @ SHADOW CREEK,baseline,16333,"Hubbard, Mark",113.0,141.0,T17,0.00225,,,,
win,2020-10-18,521,THE CJ CUP @ SHADOW CREEK,baseline,12946,"Thompson, Michael",132.0,113.0,T65,0.00195,,,,
win,2020-10-18,521,THE CJ CUP @ SHADOW CREEK,baseline,19364,"Werenski, Richy",143.0,137.0,T28,0.0013,,,,
win,2020-10-18,521,THE CJ CUP @ SHADOW CREEK,baseline,14000,"Landry, Andrew",155.0,129.0,T61,0.001275,,,,
win,2020-10-18,521,THE CJ CUP @ SHADOW CREEK,baseline,18635,"Shelton, Robby",227.0,161.0,T21,0.001125,,,,
win,2020-10-18,521,THE CJ CUP @ SHADOW CREEK,baseline,24766,"Kim, Joohyung",277.0,125.0,64,0.000875,,,,
win,2020-10-18,521,THE CJ CUP @ SHADOW CREEK,baseline,12846,"Herman, Jim",252.0,98.0,T65,0.000425,,,,
win,2020-10-18,521,THE CJ CUP @ SHADOW CREEK,baseline,7881,"Kang, Sung",378.0,73.0,75,0.00035,,,,
win,2020-10-18,521,THE CJ CUP @ SHADOW CREEK,baseline,13497,"Lee, Kyounghoon",238.0,238.0,T52,0.00035,,,,
win,2020-10-18,521,THE CJ CUP @ SHADOW CREEK,baseline,17872,"Ham, Jeongwoo",462.0,273.0,71,0.000175,,,,
win,2020-10-18,521,THE CJ CUP @ SHADOW CREEK,baseline,11156,"Lee, Taehee",,,77,0.0001,,,,
win,2020-10-18,521,THE CJ CUP @ SHADOW CREEK,baseline,21688,"Kim, Seonghyeon",,,T52,5e-05,,,,
win,2020-10-18,521,THE CJ CUP @ SHADOW CREEK,baseline,19047,"Lee, Jaekyeong",,,T59,5e-05,,,,
win,2020-10-18,521,THE CJ CUP @ SHADOW CREEK,baseline,18484,"Kim, Hanbyeol",,,T48,2.5e-05,,,,
top_5,2020-10-18,521,THE CJ CUP @ SHADOW CREEK,baseline,19195,"Rahm, Jon",1.0,2.0,T17,,0.3321,,,
top_5,2020-10-18,521,THE CJ CUP @ SHADOW CREEK,baseline,14139,"Thomas, Justin",4.0,3.0,T12,,0.268675,,,
top_5,2020-10-18,521,THE CJ CUP @ SHADOW CREEK,baseline,10091,"McIlroy, Rory",7.0,4.0,T21,,0.24955,,,
top_5,2020-10-18,521,THE CJ CUP @ SHADOW CREEK,baseline,19895,"Schauffele, Xander",2.0,8.0,2,,0.2289,,,
top_5,2020-10-18,521,THE CJ CUP @ SHADOW CREEK,baseline,13562,"Matsuyama, Hideki",11.0,20.0,T21,,0.16425,,,
top_5,2020-10-18,521,THE CJ CUP @ SHADOW CREEK,baseline,18417,"Scheffler, Scottie",14.0,31.0,T52,,0.148625,,,
top_5,2020-10-18,521,THE CJ CUP @ SHADOW CREEK,baseline,15466,"Cantlay, Patrick",13.0,14.0,T38,,0.14495,,,
top_5,2020-10-18,521,THE CJ CUP @ SHADOW CREEK,baseline,22085,"Morikawa, Collin",16.0,6.0,T12,,0.140075,,,
top_5,2020-10-18,521,THE CJ CUP @ SHADOW CREEK,baseline,14796,"Hatton, Tyrrell",12.0,10.0,T3,,0.1392,,,
top_5,2020-10-18,521,THE CJ CUP @ SHADOW CREEK,baseline,25919,"Wolff, Matthew",17.0,12.0,73,,0.127775,,,
top_5,2020-10-18,521,THE CJ CUP @ SHADOW CREEK,baseline,17488,"Im, Sungjae",24.0,23.0,T45,,0.125,,,
top_5,2020-10-18,521,THE CJ CUP @ SHADOW CREEK,baseline,14577,"English, Harris",10.0,37.0,10,,0.108525,,,
top_5,2020-10-18,521,THE CJ CUP @ SHADOW CREEK,baseline,17606,"Berger, Daniel",9.0,13.0,T28,,0.111675,,,
top_5,2020-10-18,521,THE CJ CUP @ SHADOW CREEK,baseline,18841,"Hovland, Viktor",18.0,29.0,T12,,0.1105,,,
top_5,2020-10-18,521,THE CJ CUP @ SHADOW CREEK,baseline,17646,"Fitzpatrick, Matthew",21.0,19.0,T12,,0.102825,,,
top_5,2020-10-18,521,THE CJ CUP @ SHADOW CREEK,baseline,12294,"Fleetwood, Tommy",22.0,16.0,T59,,0.103725,,,
top_5,2020-10-18,521,THE CJ CUP @ SHADOW CREEK,baseline,16243,"Koepka, Brooks",33.0,11.0,T28,,0.0983,,,
top_5,2020-10-18,521,THE CJ CUP @ SHADOW CREEK,baseline,12965,"Fowler, Rickie",44.0,43.0,T28,,0.088925,,,
top_5,2020-10-18,521,THE CJ CUP @ SHADOW CREEK,baseline,7108,"Casey, Paul",26.0,22.0,T69,,0.0871,,,
top_5,2020-10-18,521,THE CJ CUP @ SHADOW CREEK,baseline,7672,"Oosthuizen, Louis",20.0,18.0,T48,,0.08935,,,
top_5,2020-10-18,521,THE CJ CUP @ SHADOW CREEK,baseline,9771,"Day, Jason",38.0,42.0,WD,,0.0834,,,
top_5,2020-10-18,521,THE CJ CUP @ SHADOW CREEK,baseline,5689,"Garcia, Sergio",48.0,40.0,T21,,0.071375,,,
top_5,2020-10-18,521,THE CJ CUP @ SHADOW CREEK,baseline,11276,"Horschel, Billy",28.0,35.0,T28,,0.068025,,,
top_5,2020-10-18,521,THE CJ CUP @ SHADOW CREEK,baseline,18238,"Ancer, Abraham",25.0,21.0,T28,,0.0726,,,
top_5,2020-10-18,521,THE CJ CUP @ SHADOW CREEK,baseline,12337,"Kokrak, Jason",31.0,53.0,1,,0.069325,,,
top_5,2020-10-18,521,THE CJ CUP @ SHADOW CREEK,baseline,18079,"Niemann, Joaquin",41.0,46.0,6,,0.068675,,,
top_5,2020-10-18,521,THE CJ CUP @ SHADOW CREEK,baseline,7334,"Watson, Bubba",45.0,59.0,T7,,0.063075,,,
top_5,2020-10-18,521,THE CJ CUP @ SHADOW CREEK,baseline,6093,"Rose, Justin",47.0,24.0,T52,,0.062775,,,
top_5,2020-10-18,521,THE CJ CUP @ SHADOW CREEK,baseline,17576,"Conners, Corey",49.0,74.0,T61,,0.061775,,,
top_5,2020-10-18,521,THE CJ CUP @ SHADOW CREEK,baseline,12577,"Woodland, Gary",32.0,28.0,72,,0.055825,,,
top_5,2020-10-18,521,THE CJ CUP @ SHADOW CREEK,baseline,11328,"Kisner, Kevin",30.0,32.0,T45,,0.052925,,,
top_5,2020-10-18,521,THE CJ CUP @ SHADOW CREEK,baseline,12425,"Todd, Brendon",37.0,39.0,T52,,0.054675,,,
top_5,2020-10-18,521,THE CJ CUP @ SHADOW CREEK,baseline,6169,"Kuchar, Matt",36.0,27.0,T52,,0.053125,,,
top_5,2020-10-18,521,THE CJ CUP @ SHADOW CREEK,baseline,20770,"Munoz, Sebastian",55.0,72.0,9,,0.050575,,,
top_5,2020-10-18,521,THE CJ CUP @ SHADOW CREEK,baseline,14609,"Kim, Si Woo",63.0,91.0,T17,,0.046425,,,
top_5,2020-10-18,521,THE CJ CUP @ SHADOW CREEK,baseline,8825,"Harman, Brian",39.0,96.0,T28,,0.050075,,,
top_5,2020-10-18,521,THE CJ CUP @ SHADOW CREEK,baseline,14578,"Henley, Russell",40.0,121.0,T3,,0.049775,,,
top_5,2020-10-18,521,THE CJ CUP @ SHADOW CREEK,baseline,14459,"An, Byeong Hun",84.0,62.0,T42,,0.043325,,,
top_5,2020-10-18,521,THE CJ CUP @ SHADOW CREEK,baseline,11955,"Frittelli, Dylan",69.0,108.0,T69,,0.04435,,,
top_5,2020-10-18,521,THE CJ CUP @ SHADOW CREEK,baseline,13900,"Lowry, Shane",62.0,30.0,T28,,0.04515,,,
top_5,2020-10-18,521,THE CJ CUP @ SHADOW CREEK,baseline,10419,"Noren, Alex",29.0,90.0,76,,0.045725,,,
top_5,2020-10-18,521,THE CJ CUP @ SHADOW CREEK,baseline,7452,"Na, Kevin",58.0,38.0,T45,,0.0423,,,
top_5,2020-10-18,521,THE CJ CUP @ SHADOW CREEK,baseline,23542,"Champ, Cameron",108.0,80.0,T42,,0.04255,,,
top_5,2020-10-18,521,THE CJ CUP @ SHADOW CREEK,baseline,7820,"Palmer, Ryan",46.0,36.0,T17,,0.038675,,,
top_5,2020-10-18,521,THE CJ CUP @ SHADOW CREEK,baseline,15856,"Smith, Cameron",60.0,54.0,11,,0.03835,,,
top_5,2020-10-18,521,THE CJ CUP @ SHADOW CREEK,baseline,1435,"Poulter, Ian",42.0,50.0,T12,,0.038525,,,
top_5,2020-10-18,521,THE CJ CUP @ SHADOW CREEK,baseline,13872,"Bradley, Keegan",87.0,103.0,T42,,0.0356,,,
top_5,2020-10-18,521,THE CJ CUP @ SHADOW CREEK,baseline,15556,"Hughes, Mackenzie",34.0,48.0,T65,,0.036975,,,
top_5,2020-10-18,521,THE CJ CUP @ SHADOW CREEK,baseline,13965,"Hadwin, Adam",71.0,65.0,T28,,0.0369,,,
top_5,2020-10-18,521,THE CJ CUP @ SHADOW CREEK,baseline,14509,"Dahmen, Joel",68.0,67.0,T38,,0.037825,,,
top_5,2020-10-18,521,THE CJ CUP @ SHADOW CREEK,baseline,8480,"Streelman, Kevin",53.0,47.0,T21,,0.03595,,,
top_5,2020-10-18,521,THE CJ CUP @ SHADOW CREEK,baseline,21554,"Poston, J.T.",56.0,61.0,51,,0.0335,,,
top_5,2020-10-18,521,THE CJ CUP @ SHADOW CREEK,baseline,15330,"Griffin, Lanto",65.0,69.0,T7,,0.034475,,,
top_5,2020-10-18,521,THE CJ CUP @ SHADOW CREEK,baseline,15473,"Long, Adam",51.0,64.0,74,,0.0332,,,
top_5,2020-10-18,521,THE CJ CUP @ SHADOW CREEK,baseline,14636,"Spieth, Jordan",118.0,75.0,T38,,0.0326,,,
top_5,2020-10-18,521,THE CJ CUP @ SHADOW CREEK,baseline,11019,"Steele, Brendan",59.0,104.0,T65,,0.02935,,,
top_5,2020-10-18,521,THE CJ CUP @ SHADOW CREEK,baseline,11826,"Lee, Danny",103.0,121.0,T21,,0.0223,,,
top_5,2020-10-18,521,THE CJ CUP @ SHADOW CREEK,baseline,14735,"Ortiz, Carlos",98.0,163.0,T48,,0.023925,,,
top_5,2020-10-18,521,THE CJ CUP @ SHADOW CREEK,baseline,18580,"Gooch, Talor",95.0,158.0,5,,0.025625,,,
top_5,2020-10-18,521,THE CJ CUP @ SHADOW CREEK,baseline,13126,"Taylor, Nick",119.0,126.0,T61,,0.0214,,,
top_5,2020-10-18,521,THE CJ CUP @ SHADOW CREEK,baseline,7649,"Leishman, Marc",159.0,25.0,T52,,0.020425,,,
top_5,2020-10-18,521,THE CJ CUP @ SHADOW CREEK,baseline,14140,"Higgs, Harry",120.0,110.0,T21,,0.018125,,,
top_5,2020-10-18,521,THE CJ CUP @ SHADOW CREEK,baseline,18187,"Duncan, Tyler",94.0,151.0,T28,,0.019925,,,
top_5,2020-10-18,521,THE CJ CUP @ SHADOW CREEK,baseline,15575,"Hoge, Tom",82.0,143.0,T38,,0.020975,,,
top_5,2020-10-18,521,THE CJ CUP @ SHADOW CREEK,baseline,16333,"Hubbard, Mark",113.0,141.0,T17,,0.017475,,,
top_5,2020-10-18,521,THE CJ CUP @ SHADOW CREEK,baseline,12946,"Thompson, Michael",132.0,113.0,T65,,0.0174,,,
top_5,2020-10-18,521,THE CJ CUP @ SHADOW CREEK,baseline,19364,"Werenski, Richy",143.0,137.0,T28,,0.0121,,,
top_5,2020-10-18,521,THE CJ CUP @ SHADOW CREEK,baseline,14000,"Landry, Andrew",155.0,129.0,T61,,0.014275,,,
top_5,2020-10-18,521,THE CJ CUP @ SHADOW CREEK,baseline,18635,"Shelton, Robby",227.0,161.0,T21,,0.0094,,,
top_5,2020-10-18,521,THE CJ CUP @ SHADOW CREEK,baseline,24766,"Kim, Joohyung",277.0,125.0,64,,0.008275,,,
top_5,2020-10-18,521,THE CJ CUP @ SHADOW CREEK,baseline,12846,"Herman, Jim",252.0,98.0,T65,,0.0049,,,
top_5,2020-10-18,521,THE CJ CUP @ SHADOW CREEK,baseline,7881,"Kang, Sung",378.0,73.0,75,,0.003275,,,
top_5,2020-10-18,521,THE CJ CUP @ SHADOW CREEK,baseline,13497,"Lee, Kyounghoon",238.0,238.0,T52,,0.0054,,,
top_5,2020-10-18,521,THE CJ CUP @ SHADOW CREEK,baseline,17872,"Ham, Jeongwoo",462.0,273.0,71,,0.0029,,,
top_5,2020-10-18,521,THE CJ CUP @ SHADOW CREEK,baseline,11156,"Lee, Taehee",,,77,,0.000475,,,
top_5,2020-10-18,521,THE CJ CUP @ SHADOW CREEK,baseline,21688,"Kim, Seonghyeon",,,T52,,0.0008,,,
top_5,2020-10-18,521,THE CJ CUP @ SHADOW CREEK,baseline,19047,"Lee, Jaekyeong",,,T59,,0.000475,,,
top_5,2020-10-18,521,THE CJ CUP @ SHADOW CREEK,baseline,18484,"Kim, Hanbyeol",,,T48,,0.000375,,,
top_10,2020-10-18,521,THE CJ CUP @ SHADOW CREEK,baseline,19195,"Rahm, Jon",1.0,2.0,T17,,,0.49735,,
top_10,2020-10-18,521,THE CJ CUP @ SHADOW CREEK,baseline,14139,"Thomas, Justin",4.0,3.0,T12,,,0.42625,,
top_10,2020-10-18,521,THE CJ CUP @ SHADOW CREEK,baseline,10091,"McIlroy, Rory",7.0,4.0,T21,,,0.401675,,
top_10,2020-10-18,521,THE CJ CUP @ SHADOW CREEK,baseline,19895,"Schauffele, Xander",2.0,8.0,2,,,0.3799,,
top_10,2020-10-18,521,THE CJ CUP @ SHADOW CREEK,baseline,13562,"Matsuyama, Hideki",11.0,20.0,T21,,,0.29315,,
top_10,2020-10-18,521,THE CJ CUP @ SHADOW CREEK,baseline,18417,"Scheffler, Scottie",14.0,31.0,T52,,,0.269325,,
top_10,2020-10-18,521,THE CJ CUP @ SHADOW CREEK,baseline,15466,"Cantlay, Patrick",13.0,14.0,T38,,,0.270175,,
top_10,2020-10-18,521,THE CJ CUP @ SHADOW CREEK,baseline,22085,"Morikawa, Collin",16.0,6.0,T12,,,0.25705,,
top_10,2020-10-18,521,THE CJ CUP @ SHADOW CREEK,baseline,14796,"Hatton, Tyrrell",12.0,10.0,T3,,,0.256475,,
top_10,2020-10-18,521,THE CJ CUP @ SHADOW CREEK,baseline,25919,"Wolff, Matthew",17.0,12.0,73,,,0.23895,,
top_10,2020-10-18,521,THE CJ CUP @ SHADOW CREEK,baseline,17488,"Im, Sungjae",24.0,23.0,T45,,,0.2391,,
top_10,2020-10-18,521,THE CJ CUP @ SHADOW CREEK,baseline,14577,"English, Harris",10.0,37.0,10,,,0.21385,,
top_10,2020-10-18,521,THE CJ CUP @ SHADOW CREEK,baseline,17606,"Berger, Daniel",9.0,13.0,T28,,,0.221575,,
top_10,2020-10-18,521,THE CJ CUP @ SHADOW CREEK,baseline,18841,"Hovland, Viktor",18.0,29.0,T12,,,0.212075,,
top_10,2020-10-18,521,THE CJ CUP @ SHADOW CREEK,baseline,17646,"Fitzpatrick, Matthew",21.0,19.0,T12,,,0.20475,,
top_10,2020-10-18,521,THE CJ CUP @ SHADOW CREEK,baseline,12294,"Fleetwood, Tommy",22.0,16.0,T59,,,0.20135,,
top_10,2020-10-18,521,THE CJ CUP @ SHADOW CREEK,baseline,16243,"Koepka, Brooks",33.0,11.0,T28,,,0.195975,,
top_10,2020-10-18,521,THE CJ CUP @ SHADOW CREEK,baseline,12965,"Fowler, Rickie",44.0,43.0,T28,,,0.1796,,
top_10,2020-10-18,521,THE CJ CUP @ SHADOW CREEK,baseline,7108,"Casey, Paul",26.0,22.0,T69,,,0.1809,,
top_10,2020-10-18,521,THE CJ CUP @ SHADOW CREEK,baseline,7672,"Oosthuizen, Louis",20.0,18.0,T48,,,0.1797,,
top_10,2020-10-18,521,THE CJ CUP @ SHADOW CREEK,baseline,9771,"Day, Jason",38.0,42.0,WD,,,0.17225,,
top_10,2020-10-18,521,THE CJ CUP @ SHADOW CREEK,baseline,5689,"Garcia, Sergio",48.0,40.0,T21,,,0.150175,,
top_10,2020-10-18,521,THE CJ CUP @ SHADOW CREEK,baseline,11276,"Horschel, Billy",28.0,35.0,T28,,,0.145725,,
top_10,2020-10-18,521,THE CJ CUP @ SHADOW CREEK,baseline,18238,"Ancer, Abraham",25.0,21.0,T28,,,0.151825,,
top_10,2020-10-18,521,THE CJ CUP @ SHADOW CREEK,baseline,12337,"Kokrak, Jason",31.0,53.0,1,,,0.14215,,
top_10,2020-10-18,521,THE CJ CUP @ SHADOW CREEK,baseline,18079,"Niemann, Joaquin",41.0,46.0,6,,,0.148975,,
top_10,2020-10-18,521,THE CJ CUP @ SHADOW CREEK,baseline,7334,"Watson, Bubba",45.0,59.0,T7,,,0.1355,,
top_10,2020-10-18,521,THE CJ CUP @ SHADOW CREEK,baseline,6093,"Rose, Justin",47.0,24.0,T52,,,0.134775,,
top_10,2020-10-18,521,THE CJ CUP @ SHADOW CREEK,baseline,17576,"Conners, Corey",49.0,74.0,T61,,,0.135225,,
top_10,2020-10-18,521,THE CJ CUP @ SHADOW CREEK,baseline,12577,"Woodland, Gary",32.0,28.0,72,,,0.1264,,
top_10,2020-10-18,521,THE CJ CUP @ SHADOW CREEK,baseline,11328,"Kisner, Kevin",30.0,32.0,T45,,,0.117,,
top_10,2020-10-18,521,THE CJ CUP @ SHADOW CREEK,baseline,12425,"Todd, Brendon",37.0,39.0,T52,,,0.120375,,
top_10,2020-10-18,521,THE CJ CUP @ SHADOW CREEK,baseline,6169,"Kuchar, Matt",36.0,27.0,T52,,,0.11975,,
top_10,2020-10-18,521,THE CJ CUP @ SHADOW CREEK,baseline,20770,"Munoz, Sebastian",55.0,72.0,9,,,0.114675,,
top_10,2020-10-18,521,THE CJ CUP @ SHADOW CREEK,baseline,14609,"Kim, Si Woo",63.0,91.0,T17,,,0.10265,,
top_10,2020-10-18,521,THE CJ CUP @ SHADOW CREEK,baseline,8825,"Harman, Brian",39.0,96.0,T28,,,0.112475,,
top_10,2020-10-18,521,THE CJ CUP @ SHADOW CREEK,baseline,14578,"Henley, Russell",40.0,121.0,T3,,,0.113,,
top_10,2020-10-18,521,THE CJ CUP @ SHADOW CREEK,baseline,14459,"An, Byeong Hun",84.0,62.0,T42,,,0.10075,,
top_10,2020-10-18,521,THE CJ CUP @ SHADOW CREEK,baseline,11955,"Frittelli, Dylan",69.0,108.0,T69,,,0.10165,,
top_10,2020-10-18,521,THE CJ CUP @ SHADOW CREEK,baseline,13900,"Lowry, Shane",62.0,30.0,T28,,,0.102425,,
top_10,2020-10-18,521,THE CJ CUP @ SHADOW CREEK,baseline,10419,"Noren, Alex",29.0,90.0,76,,,0.1067,,
top_10,2020-10-18,521,THE CJ CUP @ SHADOW CREEK,baseline,7452,"Na, Kevin",58.0,38.0,T45,,,0.098425,,
top_10,2020-10-18,521,THE CJ CUP @ SHADOW CREEK,baseline,23542,"Champ, Cameron",108.0,80.0,T42,,,0.0959,,
top_10,2020-10-18,521,THE CJ CUP @ SHADOW CREEK,baseline,7820,"Palmer, Ryan",46.0,36.0,T17,,,0.089225,,
top_10,2020-10-18,521,THE CJ CUP @ SHADOW CREEK,baseline,15856,"Smith, Cameron",60.0,54.0,11,,,0.092075,,
top_10,2020-10-18,521,THE CJ CUP @ SHADOW CREEK,baseline,1435,"Poulter, Ian",42.0,50.0,T12,,,0.0896,,
top_10,2020-10-18,521,THE CJ CUP @ SHADOW CREEK,baseline,13872,"Bradley, Keegan",87.0,103.0,T42,,,0.086525,,
top_10,2020-10-18,521,THE CJ CUP @ SHADOW CREEK,baseline,15556,"Hughes, Mackenzie",34.0,48.0,T65,,,0.08595,,
top_10,2020-10-18,521,THE CJ CUP @ SHADOW CREEK,baseline,13965,"Hadwin, Adam",71.0,65.0,T28,,,0.08705,,
top_10,2020-10-18,521,THE CJ CUP @ SHADOW CREEK,baseline,14509,"Dahmen, Joel",68.0,67.0,T38,,,0.08875,,
top_10,2020-10-18,521,THE CJ CUP @ SHADOW CREEK,baseline,8480,"Streelman, Kevin",53.0,47.0,T21,,,0.08705,,
top_10,2020-10-18,521,THE CJ CUP @ SHADOW CREEK,baseline,21554,"Poston, J.T.",56.0,61.0,51,,,0.081425,,
top_10,2020-10-18,521,THE CJ CUP @ SHADOW CREEK,baseline,15330,"Griffin, Lanto",65.0,69.0,T7,,,0.082775,,
top_10,2020-10-18,521,THE CJ CUP @ SHADOW CREEK,baseline,15473,"Long, Adam",51.0,64.0,74,,,0.07995,,
top_10,2020-10-18,521,THE CJ CUP @ SHADOW CREEK,baseline,14636,"Spieth, Jordan",118.0,75.0,T38,,,0.078525,,
top_10,2020-10-18,521,THE CJ CUP @ SHADOW CREEK,baseline,11019,"Steele, Brendan",59.0,104.0,T65,,,0.071825,,
top_10,2020-10-18,521,THE CJ CUP @ SHADOW CREEK,baseline,11826,"Lee, Danny",103.0,121.0,T21,,,0.05965,,
top_10,2020-10-18,521,THE CJ CUP @ SHADOW CREEK,baseline,14735,"Ortiz, Carlos",98.0,163.0,T48,,,0.058075,,
top_10,2020-10-18,521,THE CJ CUP @ SHADOW CREEK,baseline,18580,"Gooch, Talor",95.0,158.0,5,,,0.06495,,
top_10,2020-10-18,521,THE CJ CUP @ SHADOW CREEK,baseline,13126,"Taylor, Nick",119.0,126.0,T61,,,0.0553,,
top_10,2020-10-18,521,THE CJ CUP @ SHADOW CREEK,baseline,7649,"Leishman, Marc",159.0,25.0,T52,,,0.051325,,
top_10,2020-10-18,521,THE CJ CUP @ SHADOW CREEK,baseline,14140,"Higgs, Harry",120.0,110.0,T21,,,0.048825,,
top_10,2020-10-18,521,THE CJ CUP @ SHADOW CREEK,baseline,18187,"Duncan, Tyler",94.0,151.0,T28,,,0.0545,,
top_10,2020-10-18,521,THE CJ CUP @ SHADOW CREEK,baseline,15575,"Hoge, Tom",82.0,143.0,T38,,,0.05785,,
top_10,2020-10-18,521,THE CJ CUP @ SHADOW CREEK,baseline,16333,"Hubbard, Mark",113.0,141.0,T17,,,0.047,,
top_10,2020-10-18,521,THE CJ CUP @ SHADOW CREEK,baseline,12946,"Thompson, Michael",132.0,113.0,T65,,,0.0451,,
top_10,2020-10-18,521,THE CJ CUP @ SHADOW CREEK,baseline,19364,"Werenski, Richy",143.0,137.0,T28,,,0.034525,,
top_10,2020-10-18,521,THE CJ CUP @ SHADOW CREEK,baseline,14000,"Landry, Andrew",155.0,129.0,T61,,,0.039225,,
top_10,2020-10-18,521,THE CJ CUP @ SHADOW CREEK,baseline,18635,"Shelton, Robby",227.0,161.0,T21,,,0.027375,,
top_10,2020-10-18,521,THE CJ CUP @ SHADOW CREEK,baseline,24766,"Kim, Joohyung",277.0,125.0,64,,,0.02515,,
top_10,2020-10-18,521,THE CJ CUP @ SHADOW CREEK,baseline,12846,"Herman, Jim",252.0,98.0,T65,,,0.01485,,
top_10,2020-10-18,521,THE CJ CUP @ SHADOW CREEK,baseline,7881,"Kang, Sung",378.0,73.0,75,,,0.0106,,
top_10,2020-10-18,521,THE CJ CUP @ SHADOW CREEK,baseline,13497,"Lee, Kyounghoon",238.0,238.0,T52,,,0.0179,,
top_10,2020-10-18,521,THE CJ CUP @ SHADOW CREEK,baseline,17872,"Ham, Jeongwoo",462.0,273.0,71,,,0.00905,,
top_10,2020-10-18,521,THE CJ CUP @ SHADOW CREEK,baseline,11156,"Lee, Taehee",,,77,,,0.0024,,
top_10,2020-10-18,521,THE CJ CUP @ SHADOW CREEK,baseline,21688,"Kim, Seonghyeon",,,T52,,,0.00345,,
top_10,2020-10-18,521,THE CJ CUP @ SHADOW CREEK,baseline,19047,"Lee, Jaekyeong",,,T59,,,0.001825,,
top_10,2020-10-18,521,THE CJ CUP @ SHADOW CREEK,baseline,18484,"Kim, Hanbyeol",,,T48,,,0.0024,,
top_20,2020-10-18,521,THE CJ CUP @ SHADOW CREEK,baseline,19195,"Rahm, Jon",1.0,2.0,T17,,,,0.695525,
top_20,2020-10-18,521,THE CJ CUP @ SHADOW CREEK,baseline,14139,"Thomas, Justin",4.0,3.0,T12,,,,0.631925,
top_20,2020-10-18,521,THE CJ CUP @ SHADOW CREEK,baseline,10091,"McIlroy, Rory",7.0,4.0,T21,,,,0.607325,
top_20,2020-10-18,521,THE CJ CUP @ SHADOW CREEK,baseline,19895,"Schauffele, Xander",2.0,8.0,2,,,,0.5882,
top_20,2020-10-18,521,THE CJ CUP @ SHADOW CREEK,baseline,13562,"Matsuyama, Hideki",11.0,20.0,T21,,,,0.491525,
top_20,2020-10-18,521,THE CJ CUP @ SHADOW CREEK,baseline,18417,"Scheffler, Scottie",14.0,31.0,T52,,,,0.46425,
top_20,2020-10-18,521,THE CJ CUP @ SHADOW CREEK,baseline,15466,"Cantlay, Patrick",13.0,14.0,T38,,,,0.466625,
top_20,2020-10-18,521,THE CJ CUP @ SHADOW CREEK,baseline,22085,"Morikawa, Collin",16.0,6.0,T12,,,,0.45165,
top_20,2020-10-18,521,THE CJ CUP @ SHADOW CREEK,baseline,14796,"Hatton, Tyrrell",12.0,10.0,T3,,,,0.449175,
top_20,2020-10-18,521,THE CJ CUP @ SHADOW CREEK,baseline,25919,"Wolff, Matthew",17.0,12.0,73,,,,0.427775,
top_20,2020-10-18,521,THE CJ CUP @ SHADOW CREEK,baseline,17488,"Im, Sungjae",24.0,23.0,T45,,,,0.4316,
top_20,2020-10-18,521,THE CJ CUP @ SHADOW CREEK,baseline,14577,"English, Harris",10.0,37.0,10,,,,0.399525,
top_20,2020-10-18,521,THE CJ CUP @ SHADOW CREEK,baseline,17606,"Berger, Daniel",9.0,13.0,T28,,,,0.411225,
top_20,2020-10-18,521,THE CJ CUP @ SHADOW CREEK,baseline,18841,"Hovland, Viktor",18.0,29.0,T12,,,,0.396875,
top_20,2020-10-18,521,THE CJ CUP @ SHADOW CREEK,baseline,17646,"Fitzpatrick, Matthew",21.0,19.0,T12,,,,0.385625,
top_20,2020-10-18,521,THE CJ CUP @ SHADOW CREEK,baseline,12294,"Fleetwood, Tommy",22.0,16.0,T59,,,,0.380725,
top_20,2020-10-18,521,THE CJ CUP @ SHADOW CREEK,baseline,16243,"Koepka, Brooks",33.0,11.0,T28,,,,0.379825,
top_20,2020-10-18,521,THE CJ CUP @ SHADOW CREEK,baseline,12965,"Fowler, Rickie",44.0,43.0,T28,,,,0.350525,
top_20,2020-10-18,521,THE CJ CUP @ SHADOW CREEK,baseline,7108,"Casey, Paul",26.0,22.0,T69,,,,0.35315,
top_20,2020-10-18,521,THE CJ CUP @ SHADOW CREEK,baseline,7672,"Oosthuizen, Louis",20.0,18.0,T48,,,,0.351075,
top_20,2020-10-18,521,THE CJ CUP @ SHADOW CREEK,baseline,9771,"Day, Jason",38.0,42.0,WD,,,,0.340575,
top_20,2020-10-18,521,THE CJ CUP @ SHADOW CREEK,baseline,5689,"Garcia, Sergio",48.0,40.0,T21,,,,0.3135,
top_20,2020-10-18,521,THE CJ CUP @ SHADOW CREEK,baseline,11276,"Horschel, Billy",28.0,35.0,T28,,,,0.303125,
top_20,2020-10-18,521,THE CJ CUP @ SHADOW CREEK,baseline,18238,"Ancer, Abraham",25.0,21.0,T28,,,,0.314825,
top_20,2020-10-18,521,THE CJ CUP @ SHADOW CREEK,baseline,12337,"Kokrak, Jason",31.0,53.0,1,,,,0.298625,
top_20,2020-10-18,521,THE CJ CUP @ SHADOW CREEK,baseline,18079,"Niemann, Joaquin",41.0,46.0,6,,,,0.30975,
top_20,2020-10-18,521,THE CJ CUP @ SHADOW CREEK,baseline,7334,"Watson, Bubba",45.0,59.0,T7,,,,0.289125,
top_20,2020-10-18,521,THE CJ CUP @ SHADOW CREEK,baseline,6093,"Rose, Justin",47.0,24.0,T52,,,,0.287175,
top_20,2020-10-18,521,THE CJ CUP @ SHADOW CREEK,baseline,17576,"Conners, Corey",49.0,74.0,T61,,,,0.288725,
top_20,2020-10-18,521,THE CJ CUP @ SHADOW CREEK,baseline,12577,"Woodland, Gary",32.0,28.0,72,,,,0.27295,
top_20,2020-10-18,521,THE CJ CUP @ SHADOW CREEK,baseline,11328,"Kisner, Kevin",30.0,32.0,T45,,,,0.258825,
top_20,2020-10-18,521,THE CJ CUP @ SHADOW CREEK,baseline,12425,"Todd, Brendon",37.0,39.0,T52,,,,0.26235,
top_20,2020-10-18,521,THE CJ CUP @ SHADOW CREEK,baseline,6169,"Kuchar, Matt",36.0,27.0,T52,,,,0.2626,
top_20,2020-10-18,521,THE CJ CUP @ SHADOW CREEK,baseline,20770,"Munoz, Sebastian",55.0,72.0,9,,,,0.2535,
top_20,2020-10-18,521,THE CJ CUP @ SHADOW CREEK,baseline,14609,"Kim, Si Woo",63.0,91.0,T17,,,,0.231,
top_20,2020-10-18,521,THE CJ CUP @ SHADOW CREEK,baseline,8825,"Harman, Brian",39.0,96.0,T28,,,,0.251325,
top_20,2020-10-18,521,THE CJ CUP @ SHADOW CREEK,baseline,14578,"Henley, Russell",40.0,121.0,T3,,,,0.24895,
top_20,2020-10-18,521,THE CJ CUP @ SHADOW CREEK,baseline,14459,"An, Byeong Hun",84.0,62.0,T42,,,,0.2298,
top_20,2020-10-18,521,THE CJ CUP @ SHADOW CREEK,baseline,11955,"Frittelli, Dylan",69.0,108.0,T69,,,,0.23725,
top_20,2020-10-18,521,THE CJ CUP @ SHADOW CREEK,baseline,13900,"Lowry, Shane",62.0,30.0,T28,,,,0.2297,
top_20,2020-10-18,521,THE CJ CUP @ SHADOW CREEK,baseline,10419,"Noren, Alex",29.0,90.0,76,,,,0.242075,
top_20,2020-10-18,521,THE CJ CUP @ SHADOW CREEK,baseline,7452,"Na, Kevin",58.0,38.0,T45,,,,0.22795,
top_20,2020-10-18,521,THE CJ CUP @ SHADOW CREEK,baseline,23542,"Champ, Cameron",108.0,80.0,T42,,,,0.221925,
top_20,2020-10-18,521,THE CJ CUP @ SHADOW CREEK,baseline,7820,"Palmer, Ryan",46.0,36.0,T17,,,,0.210625,
top_20,2020-10-18,521,THE CJ CUP @ SHADOW CREEK,baseline,15856,"Smith, Cameron",60.0,54.0,11,,,,0.216325,
top_20,2020-10-18,521,THE CJ CUP @ SHADOW CREEK,baseline,1435,"Poulter, Ian",42.0,50.0,T12,,,,0.21695,
top_20,2020-10-18,521,THE CJ CUP @ SHADOW CREEK,baseline,13872,"Bradley, Keegan",87.0,103.0,T42,,,,0.20615,
top_20,2020-10-18,521,THE CJ CUP @ SHADOW CREEK,baseline,15556,"Hughes, Mackenzie",34.0,48.0,T65,,,,0.203875,
top_20,2020-10-18,521,THE CJ CUP @ SHADOW CREEK,baseline,13965,"Hadwin, Adam",71.0,65.0,T28,,,,0.20985,
top_20,2020-10-18,521,THE CJ CUP @ SHADOW CREEK,baseline,14509,"Dahmen, Joel",68.0,67.0,T38,,,,0.20725,
top_20,2020-10-18,521,THE CJ CUP @ SHADOW CREEK,baseline,8480,"Streelman, Kevin",53.0,47.0,T21,,,,0.20445,
top_20,2020-10-18,521,THE CJ CUP @ SHADOW CREEK,baseline,21554,"Poston, J.T.",56.0,61.0,51,,,,0.19855,
top_20,2020-10-18,521,THE CJ CUP @ SHADOW CREEK,baseline,15330,"Griffin, Lanto",65.0,69.0,T7,,,,0.196725,
top_20,2020-10-18,521,THE CJ CUP @ SHADOW CREEK,baseline,15473,"Long, Adam",51.0,64.0,74,,,,0.194525,
top_20,2020-10-18,521,THE CJ CUP @ SHADOW CREEK,baseline,14636,"Spieth, Jordan",118.0,75.0,T38,,,,0.193375,
top_20,2020-10-18,521,THE CJ CUP @ SHADOW CREEK,baseline,11019,"Steele, Brendan",59.0,104.0,T65,,,,0.183025,
top_20,2020-10-18,521,THE CJ CUP @ SHADOW CREEK,baseline,11826,"Lee, Danny",103.0,121.0,T21,,,,0.15785,
top_20,2020-10-18,521,THE CJ CUP @ SHADOW CREEK,baseline,14735,"Ortiz, Carlos",98.0,163.0,T48,,,,0.14965,
top_20,2020-10-18,521,THE CJ CUP @ SHADOW CREEK,baseline,18580,"Gooch, Talor",95.0,158.0,5,,,,0.16915,
top_20,2020-10-18,521,THE CJ CUP @ SHADOW CREEK,baseline,13126,"Taylor, Nick",119.0,126.0,T61,,,,0.151175,
top_20,2020-10-18,521,THE CJ CUP @ SHADOW CREEK,baseline,7649,"Leishman, Marc",159.0,25.0,T52,,,,0.138975,
top_20,2020-10-18,521,THE CJ CUP @ SHADOW CREEK,baseline,14140,"Higgs, Harry",120.0,110.0,T21,,,,0.131975,
top_20,2020-10-18,521,THE CJ CUP @ SHADOW CREEK,baseline,18187,"Duncan, Tyler",94.0,151.0,T28,,,,0.14515,
top_20,2020-10-18,521,THE CJ CUP @ SHADOW CREEK,baseline,15575,"Hoge, Tom",82.0,143.0,T38,,,,0.1506,
top_20,2020-10-18,521,THE CJ CUP @ SHADOW CREEK,baseline,16333,"Hubbard, Mark",113.0,141.0,T17,,,,0.130425,
top_20,2020-10-18,521,THE CJ CUP @ SHADOW CREEK,baseline,12946,"Thompson, Michael",132.0,113.0,T65,,,,0.1275,
top_20,2020-10-18,521,THE CJ CUP @ SHADOW CREEK,baseline,19364,"Werenski, Richy",143.0,137.0,T28,,,,0.1006,
top_20,2020-10-18,521,THE CJ CUP @ SHADOW CREEK,baseline,14000,"Landry, Andrew",155.0,129.0,T61,,,,0.11245,
top_20,2020-10-18,521,THE CJ CUP @ SHADOW CREEK,baseline,18635,"Shelton, Robby",227.0,161.0,T21,,,,0.084475,
top_20,2020-10-18,521,THE CJ CUP @ SHADOW CREEK,baseline,24766,"Kim, Joohyung",277.0,125.0,64,,,,0.079725,
top_20,2020-10-18,521,THE CJ CUP @ SHADOW CREEK,baseline,12846,"Herman, Jim",252.0,98.0,T65,,,,0.052625,
top_20,2020-10-18,521,THE CJ CUP @ SHADOW CREEK,baseline,7881,"Kang, Sung",378.0,73.0,75,,,,0.040725,
top_20,2020-10-18,521,THE CJ CUP @ SHADOW CREEK,baseline,13497,"Lee, Kyounghoon",238.0,238.0,T52,,,,0.06165,
top_20,2020-10-18,521,THE CJ CUP @ SHADOW CREEK,baseline,17872,"Ham, Jeongwoo",462.0,273.0,71,,,,0.03235,
top_20,2020-10-18,521,THE CJ CUP @ SHADOW CREEK,baseline,11156,"Lee, Taehee",,,77,,,,0.012075,
top_20,2020-10-18,521,THE CJ CUP @ SHADOW CREEK,baseline,21688,"Kim, Seonghyeon",,,T52,,,,0.016,
top_20,2020-10-18,521,THE CJ CUP @ SHADOW CREEK,baseline,19047,"Lee, Jaekyeong",,,T59,,,,0.010975,
top_20,2020-10-18,521,THE CJ CUP @ SHADOW CREEK,baseline,18484,"Kim, Hanbyeol",,,T48,,,,0.012475,
make_cut,2020-10-18,521,THE CJ CUP @ SHADOW CREEK,baseline,19195,"Rahm, Jon",1.0,2.0,T17,,,,,1.0
make_cut,2020-10-18,521,THE CJ CUP @ SHADOW CREEK,baseline,14139,"Thomas, Justin",4.0,3.0,T12,,,,,1.0
make_cut,2020-10-18,521,THE CJ CUP @ SHADOW CREEK,baseline,10091,"McIlroy, Rory",7.0,4.0,T21,,,,,1.0
make_cut,2020-10-18,521,THE CJ CUP @ SHADOW CREEK,baseline,19895,"Schauffele, Xander",2.0,8.0,2,,,,,1.0
make_cut,2020-10-18,521,THE CJ CUP @ SHADOW CREEK,baseline,13562,"Matsuyama, Hideki",11.0,20.0,T21,,,,,1.0
make_cut,2020-10-18,521,THE CJ CUP @ SHADOW CREEK,baseline,18417,"Scheffler, Scottie",14.0,31.0,T52,,,,,1.0
make_cut,2020-10-18,521,THE CJ CUP @ SHADOW CREEK,baseline,15466,"Cantlay, Patrick",13.0,14.0,T38,,,,,1.0
make_cut,2020-10-18,521,THE CJ CUP @ SHADOW CREEK,baseline,22085,"Morikawa, Collin",16.0,6.0,T12,,,,,1.0
make_cut,2020-10-18,521,THE CJ CUP @ SHADOW CREEK,baseline,14796,"Hatton, Tyrrell",12.0,10.0,T3,,,,,1.0
make_cut,2020-10-18,521,THE CJ CUP @ SHADOW CREEK,baseline,25919,"Wolff, Matthew",17.0,12.0,73,,,,,1.0
make_cut,2020-10-18,521,THE CJ CUP @ SHADOW CREEK,baseline,17488,"Im, Sungjae",24.0,23.0,T45,,,,,1.0
make_cut,2020-10-18,521,THE CJ CUP @ SHADOW CREEK,baseline,14577,"English, Harris",10.0,37.0,10,,,,,1.0
make_cut,2020-10-18,521,THE CJ CUP @ SHADOW CREEK,baseline,17606,"Berger, Daniel",9.0,13.0,T28,,,,,1.0
make_cut,2020-10-18,521,THE CJ CUP @ SHADOW CREEK,baseline,18841,"Hovland, Viktor",18.0,29.0,T12,,,,,1.0
make_cut,2020-10-18,521,THE CJ CUP @ SHADOW CREEK,baseline,17646,"Fitzpatrick, Matthew",21.0,19.0,T12,,,,,1.0
make_cut,2020-10-18,521,THE CJ CUP @ SHADOW CREEK,baseline,12294,"Fleetwood, Tommy",22.0,16.0,T59,,,,,1.0
make_cut,2020-10-18,521,THE CJ CUP @ SHADOW CREEK,baseline,16243,"Koepka, Brooks",33.0,11.0,T28,,,,,1.0
make_cut,2020-10-18,521,THE CJ CUP @ SHADOW CREEK,baseline,12965,"Fowler, Rickie",44.0,43.0,T28,,,,,1.0
make_cut,2020-10-18,521,THE CJ CUP @ SHADOW CREEK,baseline,7108,"Casey, Paul",26.0,22.0,T69,,,,,1.0
make_cut,2020-10-18,521,THE CJ CUP @ SHADOW CREEK,baseline,7672,"Oosthuizen, Louis",20.0,18.0,T48,,,,,1.0
make_cut,2020-10-18,521,THE CJ CUP @ SHADOW CREEK,baseline,9771,"Day, Jason",38.0,42.0,WD,,,,,1.0
make_cut,2020-10-18,521,THE CJ CUP @ SHADOW CREEK,baseline,5689,"Garcia, Sergio",48.0,40.0,T21,,,,,1.0
make_cut,2020-10-18,521,THE CJ CUP @ SHADOW CREEK,baseline,11276,"Horschel, Billy",28.0,35.0,T28,,,,,1.0
make_cut,2020-10-18,521,THE CJ CUP @ SHADOW CREEK,baseline,18238,"Ancer, Abraham",25.0,21.0,T28,,,,,1.0
make_cut,2020-10-18,521,THE CJ CUP @ SHADOW CREEK,baseline,12337,"Kokrak, Jason",31.0,53.0,1,,,,,1.0
make_cut,2020-10-18,521,THE CJ CUP @ SHADOW CREEK,baseline,18079,"Niemann, Joaquin",41.0,46.0,6,,,,,1.0
make_cut,2020-10-18,521,THE CJ CUP @ SHADOW CREEK,baseline,7334,"Watson, Bubba",45.0,59.0,T7,,,,,1.0
make_cut,2020-10-18,521,THE CJ CUP @ SHADOW CREEK,baseline,6093,"Rose, Justin",47.0,24.0,T52,,,,,1.0
make_cut,2020-10-18,521,THE CJ CUP @ SHADOW CREEK,baseline,17576,"Conners, Corey",49.0,74.0,T61,,,,,1.0
make_cut,2020-10-18,521,THE CJ CUP @ SHADOW CREEK,baseline,12577,"Woodland, Gary",32.0,28.0,72,,,,,1.0
make_cut,2020-10-18,521,THE CJ CUP @ SHADOW CREEK,baseline,11328,"Kisner, Kevin",30.0,32.0,T45,,,,,1.0
make_cut,2020-10-18,521,THE CJ CUP @ SHADOW CREEK,baseline,12425,"Todd, Brendon",37.0,39.0,T52,,,,,1.0
make_cut,2020-10-18,521,THE CJ CUP @ SHADOW CREEK,baseline,6169,"Kuchar, Matt",36.0,27.0,T52,,,,,1.0
make_cut,2020-10-18,521,THE CJ CUP @ SHADOW CREEK,baseline,20770,"Munoz, Sebastian",55.0,72.0,9,,,,,1.0
make_cut,2020-10-18,521,THE CJ CUP @ SHADOW CREEK,baseline,14609,"Kim, Si Woo",63.0,91.0,T17,,,,,1.0
make_cut,2020-10-18,521,THE CJ CUP @ SHADOW CREEK,baseline,8825,"Harman, Brian",39.0,96.0,T28,,,,,1.0
make_cut,2020-10-18,521,THE CJ CUP @ SHADOW CREEK,baseline,14578,"Henley, Russell",40.0,121.0,T3,,,,,1.0
make_cut,2020-10-18,521,THE CJ CUP @ SHADOW CREEK,baseline,14459,"An, Byeong Hun",84.0,62.0,T42,,,,,1.0
make_cut,2020-10-18,521,THE CJ CUP @ SHADOW CREEK,baseline,11955,"Frittelli, Dylan",69.0,108.0,T69,,,,,1.0
make_cut,2020-10-18,521,THE CJ CUP @ SHADOW CREEK,baseline,13900,"Lowry, Shane",62.0,30.0,T28,,,,,1.0
make_cut,2020-10-18,521,THE CJ CUP @ SHADOW CREEK,baseline,10419,"Noren, Alex",29.0,90.0,76,,,,,1.0
make_cut,2020-10-18,521,THE CJ CUP @ SHADOW CREEK,baseline,7452,"Na, Kevin",58.0,38.0,T45,,,,,1.0
make_cut,2020-10-18,521,THE CJ CUP @ SHADOW CREEK,baseline,23542,"Champ, Cameron",108.0,80.0,T42,,,,,1.0
make_cut,2020-10-18,521,THE CJ CUP @ SHADOW CREEK,baseline,7820,"Palmer, Ryan",46.0,36.0,T17,,,,,1.0
make_cut,2020-10-18,521,THE CJ CUP @ SHADOW CREEK,baseline,15856,"Smith, Cameron",60.0,54.0,11,,,,,1.0
make_cut,2020-10-18,521,THE CJ CUP @ SHADOW CREEK,baseline,1435,"Poulter, Ian",42.0,50.0,T12,,,,,1.0
make_cut,2020-10-18,521,THE CJ CUP @ SHADOW CREEK,baseline,13872,"Bradley, Keegan",87.0,103.0,T42,,,,,1.0
make_cut,2020-10-18,521,THE CJ CUP @ SHADOW CREEK,baseline,15556,"Hughes, Mackenzie",34.0,48.0,T65,,,,,1.0
make_cut,2020-10-18,521,THE CJ CUP @ SHADOW CREEK,baseline,13965,"Hadwin, Adam",71.0,65.0,T28,,,,,1.0
make_cut,2020-10-18,521,THE CJ CUP @ SHADOW CREEK,baseline,14509,"Dahmen, Joel",68.0,67.0,T38,,,,,1.0
make_cut,2020-10-18,521,THE CJ CUP @ SHADOW CREEK,baseline,8480,"Streelman, Kevin",53.0,47.0,T21,,,,,1.0
make_cut,2020-10-18,521,THE CJ CUP @ SHADOW CREEK,baseline,21554,"Poston, J.T.",56.0,61.0,51,,,,,1.0
make_cut,2020-10-18,521,THE CJ CUP @ SHADOW CREEK,baseline,15330,"Griffin, Lanto",65.0,69.0,T7,,,,,1.0
make_cut,2020-10-18,521,THE CJ CUP @ SHADOW CREEK,baseline,15473,"Long, Adam",51.0,64.0,74,,,,,1.0
make_cut,2020-10-18,521,THE CJ CUP @ SHADOW CREEK,baseline,14636,"Spieth, Jordan",118.0,75.0,T38,,,,,1.0
make_cut,2020-10-18,521,THE CJ CUP @ SHADOW CREEK,baseline,11019,"Steele, Brendan",59.0,104.0,T65,,,,,1.0
make_cut,2020-10-18,521,THE CJ CUP @ SHADOW CREEK,baseline,11826,"Lee, Danny",103.0,121.0,T21,,,,,1.0
make_cut,2020-10-18,521,THE CJ CUP @ SHADOW CREEK,baseline,14735,"Ortiz, Carlos",98.0,163.0,T48,,,,,1.0
make_cut,2020-10-18,521,THE CJ CUP @ SHADOW CREEK,baseline,18580,"Gooch, Talor",95.0,158.0,5,,,,,1.0
make_cut,2020-10-18,521,THE CJ CUP @ SHADOW CREEK,baseline,13126,"Taylor, Nick",119.0,126.0,T61,,,,,1.0
make_cut,2020-10-18,521,THE CJ CUP @ SHADOW CREEK,baseline,7649,"Leishman, Marc",159.0,25.0,T52,,,,,1.0
make_cut,2020-10-18,521,THE CJ CUP @ SHADOW CREEK,baseline,14140,"Higgs, Harry",120.0,110.0,T21,,,,,1.0
make_cut,2020-10-18,521,THE CJ CUP @ SHADOW CREEK,baseline,18187,"Duncan, Tyler",94.0,151.0,T28,,,,,1.0
make_cut,2020-10-18,521,THE CJ CUP @ SHADOW CREEK,baseline,15575,"Hoge, Tom",82.0,143.0,T38,,,,,1.0
make_cut,2020-10-18,521,THE CJ CUP @ SHADOW CREEK,baseline,16333,"Hubbard, Mark",113.0,141.0,T17,,,,,1.0
make_cut,2020-10-18,521,THE CJ CUP @ SHADOW CREEK,baseline,12946,"Thompson, Michael",132.0,113.0,T65,,,,,1.0
make_cut,2020-10-18,521,THE CJ CUP @ SHADOW CREEK,baseline,19364,"Werenski, Richy",143.0,137.0,T28,,,,,1.0
make_cut,2020-10-18,521,THE CJ CUP @ SHADOW CREEK,baseline,14000,"Landry, Andrew",155.0,129.0,T61,,,,,1.0
make_cut,2020-10-18,521,THE CJ CUP @ SHADOW CREEK,baseline,18635,"Shelton, Robby",227.0,161.0,T21,,,,,1.0
make_cut,2020-10-18,521,THE CJ CUP @ SHADOW CREEK,baseline,24766,"Kim, Joohyung",277.0,125.0,64,,,,,1.0
make_cut,2020-10-18,521,THE CJ CUP @ SHADOW CREEK,baseline,12846,"Herman, Jim",252.0,98.0,T65,,,,,1.0
make_cut,2020-10-18,521,THE CJ CUP @ SHADOW CREEK,baseline,7881,"Kang, Sung",378.0,73.0,75,,,,,1.0
make_cut,2020-10-18,521,THE CJ CUP @ SHADOW CREEK,baseline,13497,"Lee, Kyounghoon",238.0,238.0,T52,,,,,1.0
make_cut,2020-10-18,521,THE CJ CUP @ SHADOW CREEK,baseline,17872,"Ham, Jeongwoo",462.0,273.0,71,,,,,1.0
make_cut,2020-10-18,521,THE CJ CUP @ SHADOW CREEK,baseline,11156,"Lee, Taehee",,,77,,,,,1.0
make_cut,2020-10-18,521,THE CJ CUP @ SHADOW CREEK,baseline,21688,"Kim, Seonghyeon",,,T52,,,,,1.0
make_cut,2020-10-18,521,THE CJ CUP @ SHADOW CREEK,baseline,19047,"Lee, Jaekyeong",,,T59,,,,,1.0
make_cut,2020-10-18,521,THE CJ CUP @ SHADOW CREEK,baseline,18484,"Kim, Hanbyeol",,,T48,,,,,1.0
mc,2020-10-18,521,THE CJ CUP @ SHADOW CREEK,baseline,19195,"Rahm, Jon",1.0,2.0,T17,,,,,1.0
mc,2020-10-18,521,THE CJ CUP @ SHADOW CREEK,baseline,14139,"Thomas, Justin",4.0,3.0,T12,,,,,1.0
mc,2020-10-18,521,THE CJ CUP @ SHADOW CREEK,baseline,10091,"McIlroy, Rory",7.0,4.0,T21,,,,,1.0
mc,2020-10-18,521,THE CJ CUP @ SHADOW CREEK,baseline,19895,"Schauffele, Xander",2.0,8.0,2,,,,,1.0
mc,2020-10-18,521,THE CJ CUP @ SHADOW CREEK,baseline,13562,"Matsuyama, Hideki",11.0,20.0,T21,,,,,1.0
mc,2020-10-18,521,THE CJ CUP @ SHADOW CREEK,baseline,18417,"Scheffler, Scottie",14.0,31.0,T52,,,,,1.0
mc,2020-10-18,521,THE CJ CUP @ SHADOW CREEK,baseline,15466,"Cantlay, Patrick",13.0,14.0,T38,,,,,1.0
mc,2020-10-18,521,THE CJ CUP @ SHADOW CREEK,baseline,22085,"Morikawa, Collin",16.0,6.0,T12,,,,,1.0
mc,2020-10-18,521,THE CJ CUP @ SHADOW CREEK,baseline,14796,"Hatton, Tyrrell",12.0,10.0,T3,,,,,1.0
mc,2020-10-18,521,THE CJ CUP @ SHADOW CREEK,baseline,25919,"Wolff, Matthew",17.0,12.0,73,,,,,1.0
mc,2020-10-18,521,THE CJ CUP @ SHADOW CREEK,baseline,17488,"Im, Sungjae",24.0,23.0,T45,,,,,1.0
mc,2020-10-18,521,THE CJ CUP @ SHADOW CREEK,baseline,14577,"English, Harris",10.0,37.0,10,,,,,1.0
mc,2020-10-18,521,THE CJ CUP @ SHADOW CREEK,baseline,17606,"Berger, Daniel",9.0,13.0,T28,,,,,1.0
mc,2020-10-18,521,THE CJ CUP @ SHADOW CREEK,baseline,18841,"Hovland, Viktor",18.0,29.0,T12,,,,,1.0
mc,2020-10-18,521,THE CJ CUP @ SHADOW CREEK,baseline,17646,"Fitzpatrick, Matthew",21.0,19.0,T12,,,,,1.0
mc,2020-10-18,521,THE CJ CUP @ SHADOW CREEK,baseline,12294,"Fleetwood, Tommy",22.0,16.0,T59,,,,,1.0
mc,2020-10-18,521,THE CJ CUP @ SHADOW CREEK,baseline,16243,"Koepka, Brooks",33.0,11.0,T28,,,,,1.0
mc,2020-10-18,521,THE CJ CUP @ SHADOW CREEK,baseline,12965,"Fowler, Rickie",44.0,43.0,T28,,,,,1.0
mc,2020-10-18,521,THE CJ CUP @ SHADOW CREEK,baseline,7108,"Casey, Paul",26.0,22.0,T69,,,,,1.0
mc,2020-10-18,521,THE CJ CUP @ SHADOW CREEK,baseline,7672,"Oosthuizen, Louis",20.0,18.0,T48,,,,,1.0
mc,2020-10-18,521,THE CJ CUP @ SHADOW CREEK,baseline,9771,"Day, Jason",38.0,42.0,WD,,,,,1.0
mc,2020-10-18,521,THE CJ CUP @ SHADOW CREEK,baseline,5689,"Garcia, Sergio",48.0,40.0,T21,,,,,1.0
mc,2020-10-18,521,THE CJ CUP @ SHADOW CREEK,baseline,11276,"Horschel, Billy",28.0,35.0,T28,,,,,1.0
mc,2020-10-18,521,THE CJ CUP @ SHADOW CREEK,baseline,18238,"Ancer, Abraham",25.0,21.0,T28,,,,,1.0
mc,2020-10-18,521,THE CJ CUP @ SHADOW CREEK,baseline,12337,"Kokrak, Jason",31.0,53.0,1,,,,,1.0
mc,2020-10-18,521,THE CJ CUP @ SHADOW CREEK,baseline,18079,"Niemann, Joaquin",41.0,46.0,6,,,,,1.0
mc,2020-10-18,521,THE CJ CUP @ SHADOW CREEK,baseline,7334,"Watson, Bubba",45.0,59.0,T7,,,,,1.0
mc,2020-10-18,521,THE CJ CUP @ SHADOW CREEK,baseline,6093,"Rose, Justin",47.0,24.0,T52,,,,,1.0
mc,2020-10-18,521,THE CJ CUP @ SHADOW CREEK,baseline,17576,"Conners, Corey",49.0,74.0,T61,,,,,1.0
mc,2020-10-18,521,THE CJ CUP @ SHADOW CREEK,baseline,12577,"Woodland, Gary",32.0,28.0,72,,,,,1.0
mc,2020-10-18,521,THE CJ CUP @ SHADOW CREEK,baseline,11328,"Kisner, Kevin",30.0,32.0,T45,,,,,1.0
mc,2020-10-18,521,THE CJ CUP @ SHADOW CREEK,baseline,12425,"Todd, Brendon",37.0,39.0,T52,,,,,1.0
mc,2020-10-18,521,THE CJ CUP @ SHADOW CREEK,baseline,6169,"Kuchar, Matt",36.0,27.0,T52,,,,,1.0
mc,2020-10-18,521,THE CJ CUP @ SHADOW CREEK,baseline,20770,"Munoz, Sebastian",55.0,72.0,9,,,,,1.0
mc,2020-10-18,521,THE CJ CUP @ SHADOW CREEK,baseline,14609,"Kim, Si Woo",63.0,91.0,T17,,,,,1.0
mc,2020-10-18,521,THE CJ CUP @ SHADOW CREEK,baseline,8825,"Harman, Brian",39.0,96.0,T28,,,,,1.0
mc,2020-10-18,521,THE CJ CUP @ SHADOW CREEK,baseline,14578,"Henley, Russell",40.0,121.0,T3,,,,,1.0
mc,2020-10-18,521,THE CJ CUP @ SHADOW CREEK,baseline,14459,"An, Byeong Hun",84.0,62.0,T42,,,,,1.0
mc,2020-10-18,521,THE CJ CUP @ SHADOW CREEK,baseline,11955,"Frittelli, Dylan",69.0,108.0,T69,,,,,1.0
mc,2020-10-18,521,THE CJ CUP @ SHADOW CREEK,baseline,13900,"Lowry, Shane",62.0,30.0,T28,,,,,1.0
mc,2020-10-18,521,THE CJ CUP @ SHADOW CREEK,baseline,10419,"Noren, Alex",29.0,90.0,76,,,,,1.0
mc,2020-10-18,521,THE CJ CUP @ SHADOW CREEK,baseline,7452,"Na, Kevin",58.0,38.0,T45,,,,,1.0
mc,2020-10-18,521,THE CJ CUP @ SHADOW CREEK,baseline,23542,"Champ, Cameron",108.0,80.0,T42,,,,,1.0
mc,2020-10-18,521,THE CJ CUP @ SHADOW CREEK,baseline,7820,"Palmer, Ryan",46.0,36.0,T17,,,,,1.0
mc,2020-10-18,521,THE CJ CUP @ SHADOW CREEK,baseline,15856,"Smith, Cameron",60.0,54.0,11,,,,,1.0
mc,2020-10-18,521,THE CJ CUP @ SHADOW CREEK,baseline,1435,"Poulter, Ian",42.0,50.0,T12,,,,,1.0
mc,2020-10-18,521,THE CJ CUP @ SHADOW CREEK,baseline,13872,"Bradley, Keegan",87.0,103.0,T42,,,,,1.0
mc,2020-10-18,521,THE CJ CUP @ SHADOW CREEK,baseline,15556,"Hughes, Mackenzie",34.0,48.0,T65,,,,,1.0
mc,2020-10-18,521,THE CJ CUP @ SHADOW CREEK,baseline,13965,"Hadwin, Adam",71.0,65.0,T28,,,,,1.0
mc,2020-10-18,521,THE CJ CUP @ SHADOW CREEK,baseline,14509,"Dahmen, Joel",68.0,67.0,T38,,,,,1.0
mc,2020-10-18,521,THE CJ CUP @ SHADOW CREEK,baseline,8480,"Streelman, Kevin",53.0,47.0,T21,,,,,1.0
mc,2020-10-18,521,THE CJ CUP @ SHADOW CREEK,baseline,21554,"Poston, J.T.",56.0,61.0,51,,,,,1.0
mc,2020-10-18,521,THE CJ CUP @ SHADOW CREEK,baseline,15330,"Griffin, Lanto",65.0,69.0,T7,,,,,1.0
mc,2020-10-18,521,THE CJ CUP @ SHADOW CREEK,baseline,15473,"Long, Adam",51.0,64.0,74,,,,,1.0
mc,2020-10-18,521,THE CJ CUP @ SHADOW CREEK,baseline,14636,"Spieth, Jordan",118.0,75.0,T38,,,,,1.0
mc,2020-10-18,521,THE CJ CUP @ SHADOW CREEK,baseline,11019,"Steele, Brendan",59.0,104.0,T65,,,,,1.0
mc,2020-10-18,521,THE CJ CUP @ SHADOW CREEK,baseline,11826,"Lee, Danny",103.0,121.0,T21,,,,,1.0
mc,2020-10-18,521,THE CJ CUP @ SHADOW CREEK,baseline,14735,"Ortiz, Carlos",98.0,163.0,T48,,,,,1.0
mc,2020-10-18,521,THE CJ CUP @ SHADOW CREEK,baseline,18580,"Gooch, Talor",95.0,158.0,5,,,,,1.0
mc,2020-10-18,521,THE CJ CUP @ SHADOW CREEK,baseline,13126,"Taylor, Nick",119.0,126.0,T61,,,,,1.0
mc,2020-10-18,521,THE CJ CUP @ SHADOW CREEK,baseline,7649,"Leishman, Marc",159.0,25.0,T52,,,,,1.0
mc,2020-10-18,521,THE CJ CUP @ SHADOW CREEK,baseline,14140,"Higgs, Harry",120.0,110.0,T21,,,,,1.0
mc,2020-10-18,521,THE CJ CUP @ SHADOW CREEK,baseline,18187,"Duncan, Tyler",94.0,151.0,T28,,,,,1.0
mc,2020-10-18,521,THE CJ CUP @ SHADOW CREEK,baseline,15575,"Hoge, Tom",82.0,143.0,T38,,,,,1.0
mc,2020-10-18,521,THE CJ CUP @ SHADOW CREEK,baseline,16333,"Hubbard, Mark",113.0,141.0,T17,,,,,1.0
mc,2020-10-18,521,THE CJ CUP @ SHADOW CREEK,baseline,12946,"Thompson, Michael",132.0,113.0,T65,,,,,1.0
mc,2020-10-18,521,THE CJ CUP @ SHADOW CREEK,baseline,19364,"Werenski, Richy",143.0,137.0,T28,,,,,1.0
mc,2020-10-18,521,THE CJ CUP @ SHADOW CREEK,baseline,14000,"Landry, Andrew",155.0,129.0,T61,,,,,1.0
mc,2020-10-18,521,THE CJ CUP @ SHADOW CREEK,baseline,18635,"Shelton, Robby",227.0,161.0,T21,,,,,1.0
mc,2020-10-18,521,THE CJ CUP @ SHADOW CREEK,baseline,24766,"Kim, Joohyung",277.0,125.0,64,,,,,1.0
mc,2020-10-18,521,THE CJ CUP @ SHADOW CREEK,baseline,12846,"Herman, Jim",252.0,98.0,T65,,,,,1.0
mc,2020-10-18,521,THE CJ CUP @ SHADOW CREEK,baseline,7881,"Kang, Sung",378.0,73.0,75,,,,,1.0
mc,2020-10-18,521,THE CJ CUP @ SHADOW CREEK,baseline,13497,"Lee, Kyounghoon",238.0,238.0,T52,,,,,1.0
mc,2020-10-18,521,THE CJ CUP @ SHADOW CREEK,baseline,17872,"Ham, Jeongwoo",462.0,273.0,71,,,,,1.0
mc,2020-10-18,521,THE CJ CUP @ SHADOW CREEK,baseline,11156,"Lee, Taehee",,,77,,,,,1.0
mc,2020-10-18,521,THE CJ CUP @ SHADOW CREEK,baseline,21688,"Kim, Seonghyeon",,,T52,,,,,1.0
mc,2020-10-18,521,THE CJ CUP @ SHADOW CREEK,baseline,19047,"Lee, Jaekyeong",,,T59,,,,,1.0
mc,2020-10-18,521,THE CJ CUP @ SHADOW CREEK,baseline,18484,"Kim, Hanbyeol",,,T48,,,,,1.0
