market,event_completed,event_id,event_name,model,dg_id,player_name,dg_rank,owgr_rank,fin_text,win,top_5,top_10,top_20,make_cut
win,2020-09-07,60,TOUR Championship,baseline,12422,"Johnson, Dustin",3,1,1,0.2662,,,,
win,2020-09-07,60,TOUR Championship,baseline,19195,"Rahm, Jon",1,2,4,0.2551,,,,
win,2020-09-07,60,TOUR Championship,baseline,14139,"Thomas, Justin",2,3,T2,0.141025,,,,
win,2020-09-07,60,TOUR Championship,baseline,11049,"Simpson, Webb",4,6,T12,0.0637,,,,
win,2020-09-07,60,TOUR Championship,baseline,22085,"Morikawa, Collin",12,5,6,0.036175,,,,
win,2020-09-07,60,TOUR Championship,baseline,19841,"DeChambeau, Bryson",8,8,22,0.035975,,,,
win,2020-09-07,60,TOUR Championship,baseline,10091,"McIlroy, Rory",7,4,T8,0.032425,,,,
win,2020-09-07,60,TOUR Championship,baseline,13562,"Matsuyama, Hideki",9,20,T15,0.029575,,,,
win,2020-09-07,60,TOUR Championship,baseline,19895,"Schauffele, Xander",5,11,T2,0.028175,,,,
win,2020-09-07,60,TOUR Championship,baseline,17606,"Berger, Daniel",6,13,T15,0.023475,,,,
win,2020-09-07,60,TOUR Championship,baseline,14838,"Reed, Patrick",14,9,T8,0.0152,,,,
win,2020-09-07,60,TOUR Championship,baseline,14577,"English, Harris",13,51,T12,0.013525,,,,
win,2020-09-07,60,TOUR Championship,baseline,17488,"Im, Sungjae",41,27,11,0.01175,,,,
win,2020-09-07,60,TOUR Championship,baseline,18417,"Scheffler, Scottie",11,36,5,0.0117,,,,
win,2020-09-07,60,TOUR Championship,baseline,11676,"Finau, Tony",17,14,17,0.007775,,,,
win,2020-09-07,60,TOUR Championship,baseline,14796,"Hatton, Tyrrell",18,15,7,0.006175,,,,
win,2020-09-07,60,TOUR Championship,baseline,12425,"Todd, Brendon",35,39,T20,0.003725,,,,
win,2020-09-07,60,TOUR Championship,baseline,20770,"Munoz, Sebastian",59,80,T8,0.003225,,,,
win,2020-09-07,60,TOUR Championship,baseline,18079,"Niemann, Joaquin",47,52,T27,0.002725,,,,
win,2020-09-07,60,TOUR Championship,baseline,18238,"Ancer, Abraham",23,26,T18,0.0023,,,,
win,2020-09-07,60,TOUR Championship,baseline,11276,"Horschel, Billy",20,32,30,0.00175,,,,
win,2020-09-07,60,TOUR Championship,baseline,11328,"Kisner, Kevin",19,29,23,0.001725,,,,
win,2020-09-07,60,TOUR Championship,baseline,18841,"Hovland, Viktor",21,31,T20,0.0014,,,,
win,2020-09-07,60,TOUR Championship,baseline,7452,"Na, Kevin",42,33,T27,0.001275,,,,
win,2020-09-07,60,TOUR Championship,baseline,15330,"Griffin, Lanto",56,73,T18,0.00105,,,,
win,2020-09-07,60,TOUR Championship,baseline,7820,"Palmer, Ryan",34,34,T24,0.001025,,,,
win,2020-09-07,60,TOUR Championship,baseline,23542,"Champ, Cameron",89,75,T24,0.000625,,,,
win,2020-09-07,60,TOUR Championship,baseline,7649,"Leishman, Marc",139,23,29,0.0006,,,,
win,2020-09-07,60,TOUR Championship,baseline,15856,"Smith, Cameron",77,48,T24,0.0004,,,,
win,2020-09-07,60,TOUR Championship,baseline,15556,"Hughes, Mackenzie",50,65,14,0.000225,,,,
win,2020-09-07,60,TOUR Championship,baseline_history_fit,19195,"Rahm, Jon",1,2,4,0.275775,,,,
win,2020-09-07,60,TOUR Championship,baseline_history_fit,12422,"Johnson, Dustin",3,1,1,0.2615,,,,
win,2020-09-07,60,TOUR Championship,baseline_history_fit,14139,"Thomas, Justin",2,3,T2,0.133125,,,,
win,2020-09-07,60,TOUR Championship,baseline_history_fit,11049,"Simpson, Webb",4,6,T12,0.077075,,,,
win,2020-09-07,60,TOUR Championship,baseline_history_fit,22085,"Morikawa, Collin",12,5,6,0.038675,,,,
win,2020-09-07,60,TOUR Championship,baseline_history_fit,10091,"McIlroy, Rory",7,4,T8,0.032725,,,,
win,2020-09-07,60,TOUR Championship,baseline_history_fit,19841,"DeChambeau, Bryson",8,8,22,0.029925,,,,
win,2020-09-07,60,TOUR Championship,baseline_history_fit,19895,"Schauffele, Xander",5,11,T2,0.028025,,,,
win,2020-09-07,60,TOUR Championship,baseline_history_fit,17606,"Berger, Daniel",6,13,T15,0.028,,,,
win,2020-09-07,60,TOUR Championship,baseline_history_fit,13562,"Matsuyama, Hideki",9,20,T15,0.026025,,,,
win,2020-09-07,60,TOUR Championship,baseline_history_fit,17488,"Im, Sungjae",41,27,11,0.01095,,,,
win,2020-09-07,60,TOUR Championship,baseline_history_fit,14577,"English, Harris",13,51,T12,0.01025,,,,
win,2020-09-07,60,TOUR Championship,baseline_history_fit,14838,"Reed, Patrick",14,9,T8,0.00995,,,,
win,2020-09-07,60,TOUR Championship,baseline_history_fit,18417,"Scheffler, Scottie",11,36,5,0.008925,,,,
win,2020-09-07,60,TOUR Championship,baseline_history_fit,14796,"Hatton, Tyrrell",18,15,7,0.0052,,,,
win,2020-09-07,60,TOUR Championship,baseline_history_fit,11676,"Finau, Tony",17,14,17,0.004975,,,,
win,2020-09-07,60,TOUR Championship,baseline_history_fit,12425,"Todd, Brendon",35,39,T20,0.00465,,,,
win,2020-09-07,60,TOUR Championship,baseline_history_fit,11276,"Horschel, Billy",20,32,30,0.002175,,,,
win,2020-09-07,60,TOUR Championship,baseline_history_fit,18238,"Ancer, Abraham",23,26,T18,0.00215,,,,
win,2020-09-07,60,TOUR Championship,baseline_history_fit,11328,"Kisner, Kevin",19,29,23,0.00205,,,,
win,2020-09-07,60,TOUR Championship,baseline_history_fit,20770,"Munoz, Sebastian",59,80,T8,0.002,,,,
win,2020-09-07,60,TOUR Championship,baseline_history_fit,18079,"Niemann, Joaquin",47,52,T27,0.001925,,,,
win,2020-09-07,60,TOUR Championship,baseline_history_fit,18841,"Hovland, Viktor",21,31,T20,0.001275,,,,
win,2020-09-07,60,TOUR Championship,baseline_history_fit,7452,"Na, Kevin",42,33,T27,0.00075,,,,
win,2020-09-07,60,TOUR Championship,baseline_history_fit,15330,"Griffin, Lanto",56,73,T18,0.00065,,,,
win,2020-09-07,60,TOUR Championship,baseline_history_fit,7820,"Palmer, Ryan",34,34,T24,0.000525,,,,
win,2020-09-07,60,TOUR Championship,baseline_history_fit,7649,"Leishman, Marc",139,23,29,0.0003,,,,
win,2020-09-07,60,TOUR Championship,baseline_history_fit,23542,"Champ, Cameron",89,75,T24,0.000225,,,,
win,2020-09-07,60,TOUR Championship,baseline_history_fit,15856,"Smith, Cameron",77,48,T24,0.000175,,,,
win,2020-09-07,60,TOUR Championship,baseline_history_fit,15556,"Hughes, Mackenzie",50,65,14,5e-05,,,,
top_5,2020-09-07,60,TOUR Championship,baseline,12422,"Johnson, Dustin",3,1,1,,0.701,,,
top_5,2020-09-07,60,TOUR Championship,baseline,19195,"Rahm, Jon",1,2,4,,0.700425,,,
top_5,2020-09-07,60,TOUR Championship,baseline,14139,"Thomas, Justin",2,3,T2,,0.5568,,,
top_5,2020-09-07,60,TOUR Championship,baseline,11049,"Simpson, Webb",4,6,T12,,0.384725,,,
top_5,2020-09-07,60,TOUR Championship,baseline,22085,"Morikawa, Collin",12,5,6,,0.26905,,,
top_5,2020-09-07,60,TOUR Championship,baseline,19841,"DeChambeau, Bryson",8,8,22,,0.26995,,,
top_5,2020-09-07,60,TOUR Championship,baseline,10091,"McIlroy, Rory",7,4,T8,,0.250575,,,
top_5,2020-09-07,60,TOUR Championship,baseline,13562,"Matsuyama, Hideki",9,20,T15,,0.23885,,,
top_5,2020-09-07,60,TOUR Championship,baseline,19895,"Schauffele, Xander",5,11,T2,,0.23175,,,
top_5,2020-09-07,60,TOUR Championship,baseline,17606,"Berger, Daniel",6,13,T15,,0.208775,,,
top_5,2020-09-07,60,TOUR Championship,baseline,14838,"Reed, Patrick",14,9,T8,,0.1548,,,
top_5,2020-09-07,60,TOUR Championship,baseline,14577,"English, Harris",13,51,T12,,0.143975,,,
top_5,2020-09-07,60,TOUR Championship,baseline,17488,"Im, Sungjae",41,27,11,,0.131975,,,
top_5,2020-09-07,60,TOUR Championship,baseline,18417,"Scheffler, Scottie",11,36,5,,0.1297,,,
top_5,2020-09-07,60,TOUR Championship,baseline,11676,"Finau, Tony",17,14,17,,0.098825,,,
top_5,2020-09-07,60,TOUR Championship,baseline,14796,"Hatton, Tyrrell",18,15,7,,0.083975,,,
top_5,2020-09-07,60,TOUR Championship,baseline,12425,"Todd, Brendon",35,39,T20,,0.05905,,,
top_5,2020-09-07,60,TOUR Championship,baseline,20770,"Munoz, Sebastian",59,80,T8,,0.054325,,,
top_5,2020-09-07,60,TOUR Championship,baseline,18079,"Niemann, Joaquin",47,52,T27,,0.052975,,,
top_5,2020-09-07,60,TOUR Championship,baseline,18238,"Ancer, Abraham",23,26,T18,,0.04725,,,
top_5,2020-09-07,60,TOUR Championship,baseline,11276,"Horschel, Billy",20,32,30,,0.033525,,,
top_5,2020-09-07,60,TOUR Championship,baseline,11328,"Kisner, Kevin",19,29,23,,0.038125,,,
top_5,2020-09-07,60,TOUR Championship,baseline,18841,"Hovland, Viktor",21,31,T20,,0.035975,,,
top_5,2020-09-07,60,TOUR Championship,baseline,7452,"Na, Kevin",42,33,T27,,0.025225,,,
top_5,2020-09-07,60,TOUR Championship,baseline,15330,"Griffin, Lanto",56,73,T18,,0.0273,,,
top_5,2020-09-07,60,TOUR Championship,baseline,7820,"Palmer, Ryan",34,34,T24,,0.02355,,,
top_5,2020-09-07,60,TOUR Championship,baseline,23542,"Champ, Cameron",89,75,T24,,0.0137,,,
top_5,2020-09-07,60,TOUR Championship,baseline,7649,"Leishman, Marc",139,23,29,,0.012625,,,
top_5,2020-09-07,60,TOUR Championship,baseline,15856,"Smith, Cameron",77,48,T24,,0.01285,,,
top_5,2020-09-07,60,TOUR Championship,baseline,15556,"Hughes, Mackenzie",50,65,14,,0.008375,,,
top_5,2020-09-07,60,TOUR Championship,baseline_history_fit,19195,"Rahm, Jon",1,2,4,,0.735775,,,
top_5,2020-09-07,60,TOUR Championship,baseline_history_fit,12422,"Johnson, Dustin",3,1,1,,0.70905,,,
top_5,2020-09-07,60,TOUR Championship,baseline_history_fit,14139,"Thomas, Justin",2,3,T2,,0.560625,,,
top_5,2020-09-07,60,TOUR Championship,baseline_history_fit,11049,"Simpson, Webb",4,6,T12,,0.437975,,,
top_5,2020-09-07,60,TOUR Championship,baseline_history_fit,22085,"Morikawa, Collin",12,5,6,,0.29105,,,
top_5,2020-09-07,60,TOUR Championship,baseline_history_fit,10091,"McIlroy, Rory",7,4,T8,,0.2538,,,
top_5,2020-09-07,60,TOUR Championship,baseline_history_fit,19841,"DeChambeau, Bryson",8,8,22,,0.253025,,,
top_5,2020-09-07,60,TOUR Championship,baseline_history_fit,19895,"Schauffele, Xander",5,11,T2,,0.247725,,,
top_5,2020-09-07,60,TOUR Championship,baseline_history_fit,17606,"Berger, Daniel",6,13,T15,,0.23605,,,
top_5,2020-09-07,60,TOUR Championship,baseline_history_fit,13562,"Matsuyama, Hideki",9,20,T15,,0.219875,,,
top_5,2020-09-07,60,TOUR Championship,baseline_history_fit,17488,"Im, Sungjae",41,27,11,,0.13985,,,
top_5,2020-09-07,60,TOUR Championship,baseline_history_fit,14577,"English, Harris",13,51,T12,,0.136475,,,
top_5,2020-09-07,60,TOUR Championship,baseline_history_fit,14838,"Reed, Patrick",14,9,T8,,0.122425,,,
top_5,2020-09-07,60,TOUR Championship,baseline_history_fit,18417,"Scheffler, Scottie",11,36,5,,0.1214,,,
top_5,2020-09-07,60,TOUR Championship,baseline_history_fit,14796,"Hatton, Tyrrell",18,15,7,,0.070525,,,
top_5,2020-09-07,60,TOUR Championship,baseline_history_fit,11676,"Finau, Tony",17,14,17,,0.071725,,,
top_5,2020-09-07,60,TOUR Championship,baseline_history_fit,12425,"Todd, Brendon",35,39,T20,,0.069425,,,
top_5,2020-09-07,60,TOUR Championship,baseline_history_fit,11276,"Horschel, Billy",20,32,30,,0.0414,,,
top_5,2020-09-07,60,TOUR Championship,baseline_history_fit,18238,"Ancer, Abraham",23,26,T18,,0.0491,,,
top_5,2020-09-07,60,TOUR Championship,baseline_history_fit,11328,"Kisner, Kevin",19,29,23,,0.039825,,,
top_5,2020-09-07,60,TOUR Championship,baseline_history_fit,20770,"Munoz, Sebastian",59,80,T8,,0.042725,,,
top_5,2020-09-07,60,TOUR Championship,baseline_history_fit,18079,"Niemann, Joaquin",47,52,T27,,0.036625,,,
top_5,2020-09-07,60,TOUR Championship,baseline_history_fit,18841,"Hovland, Viktor",21,31,T20,,0.027675,,,
top_5,2020-09-07,60,TOUR Championship,baseline_history_fit,7452,"Na, Kevin",42,33,T27,,0.02225,,,
top_5,2020-09-07,60,TOUR Championship,baseline_history_fit,15330,"Griffin, Lanto",56,73,T18,,0.017725,,,
top_5,2020-09-07,60,TOUR Championship,baseline_history_fit,7820,"Palmer, Ryan",34,34,T24,,0.0191,,,
top_5,2020-09-07,60,TOUR Championship,baseline_history_fit,7649,"Leishman, Marc",139,23,29,,0.00775,,,
top_5,2020-09-07,60,TOUR Championship,baseline_history_fit,23542,"Champ, Cameron",89,75,T24,,0.007275,,,
top_5,2020-09-07,60,TOUR Championship,baseline_history_fit,15856,"Smith, Cameron",77,48,T24,,0.006925,,,
top_5,2020-09-07,60,TOUR Championship,baseline_history_fit,15556,"Hughes, Mackenzie",50,65,14,,0.00485,,,
top_10,2020-09-07,60,TOUR Championship,baseline,12422,"Johnson, Dustin",3,1,1,,,0.87965,,
top_10,2020-09-07,60,TOUR Championship,baseline,19195,"Rahm, Jon",1,2,4,,,0.8865,,
top_10,2020-09-07,60,TOUR Championship,baseline,14139,"Thomas, Justin",2,3,T2,,,0.799425,,
top_10,2020-09-07,60,TOUR Championship,baseline,11049,"Simpson, Webb",4,6,T12,,,0.666975,,
top_10,2020-09-07,60,TOUR Championship,baseline,22085,"Morikawa, Collin",12,5,6,,,0.540625,,
top_10,2020-09-07,60,TOUR Championship,baseline,19841,"DeChambeau, Bryson",8,8,22,,,0.545275,,
top_10,2020-09-07,60,TOUR Championship,baseline,10091,"McIlroy, Rory",7,4,T8,,,0.51415,,
top_10,2020-09-07,60,TOUR Championship,baseline,13562,"Matsuyama, Hideki",9,20,T15,,,0.501725,,
top_10,2020-09-07,60,TOUR Championship,baseline,19895,"Schauffele, Xander",5,11,T2,,,0.493025,,
top_10,2020-09-07,60,TOUR Championship,baseline,17606,"Berger, Daniel",6,13,T15,,,0.465475,,
top_10,2020-09-07,60,TOUR Championship,baseline,14838,"Reed, Patrick",14,9,T8,,,0.384475,,
top_10,2020-09-07,60,TOUR Championship,baseline,14577,"English, Harris",13,51,T12,,,0.3702,,
top_10,2020-09-07,60,TOUR Championship,baseline,17488,"Im, Sungjae",41,27,11,,,0.346475,,
top_10,2020-09-07,60,TOUR Championship,baseline,18417,"Scheffler, Scottie",11,36,5,,,0.339925,,
top_10,2020-09-07,60,TOUR Championship,baseline,11676,"Finau, Tony",17,14,17,,,0.284,,
top_10,2020-09-07,60,TOUR Championship,baseline,14796,"Hatton, Tyrrell",18,15,7,,,0.25415,,
top_10,2020-09-07,60,TOUR Championship,baseline,12425,"Todd, Brendon",35,39,T20,,,0.193325,,
top_10,2020-09-07,60,TOUR Championship,baseline,20770,"Munoz, Sebastian",59,80,T8,,,0.190075,,
top_10,2020-09-07,60,TOUR Championship,baseline,18079,"Niemann, Joaquin",47,52,T27,,,0.1847,,
top_10,2020-09-07,60,TOUR Championship,baseline,18238,"Ancer, Abraham",23,26,T18,,,0.16805,,
top_10,2020-09-07,60,TOUR Championship,baseline,11276,"Horschel, Billy",20,32,30,,,0.13685,,
top_10,2020-09-07,60,TOUR Championship,baseline,11328,"Kisner, Kevin",19,29,23,,,0.146925,,
top_10,2020-09-07,60,TOUR Championship,baseline,18841,"Hovland, Viktor",21,31,T20,,,0.138475,,
top_10,2020-09-07,60,TOUR Championship,baseline,7452,"Na, Kevin",42,33,T27,,,0.108825,,
top_10,2020-09-07,60,TOUR Championship,baseline,15330,"Griffin, Lanto",56,73,T18,,,0.114875,,
top_10,2020-09-07,60,TOUR Championship,baseline,7820,"Palmer, Ryan",34,34,T24,,,0.0988,,
top_10,2020-09-07,60,TOUR Championship,baseline,23542,"Champ, Cameron",89,75,T24,,,0.06885,,
top_10,2020-09-07,60,TOUR Championship,baseline,7649,"Leishman, Marc",139,23,29,,,0.0661,,
top_10,2020-09-07,60,TOUR Championship,baseline,15856,"Smith, Cameron",77,48,T24,,,0.065175,,
top_10,2020-09-07,60,TOUR Championship,baseline,15556,"Hughes, Mackenzie",50,65,14,,,0.046925,,
top_10,2020-09-07,60,TOUR Championship,baseline_history_fit,19195,"Rahm, Jon",1,2,4,,,0.904825,,
top_10,2020-09-07,60,TOUR Championship,baseline_history_fit,12422,"Johnson, Dustin",3,1,1,,,0.890625,,
top_10,2020-09-07,60,TOUR Championship,baseline_history_fit,14139,"Thomas, Justin",2,3,T2,,,0.806475,,
top_10,2020-09-07,60,TOUR Championship,baseline_history_fit,11049,"Simpson, Webb",4,6,T12,,,0.7169,,
top_10,2020-09-07,60,TOUR Championship,baseline_history_fit,22085,"Morikawa, Collin",12,5,6,,,0.57675,,
top_10,2020-09-07,60,TOUR Championship,baseline_history_fit,10091,"McIlroy, Rory",7,4,T8,,,0.529225,,
top_10,2020-09-07,60,TOUR Championship,baseline_history_fit,19841,"DeChambeau, Bryson",8,8,22,,,0.5336,,
top_10,2020-09-07,60,TOUR Championship,baseline_history_fit,19895,"Schauffele, Xander",5,11,T2,,,0.530075,,
top_10,2020-09-07,60,TOUR Championship,baseline_history_fit,17606,"Berger, Daniel",6,13,T15,,,0.51695,,
top_10,2020-09-07,60,TOUR Championship,baseline_history_fit,13562,"Matsuyama, Hideki",9,20,T15,,,0.48345,,
top_10,2020-09-07,60,TOUR Championship,baseline_history_fit,17488,"Im, Sungjae",41,27,11,,,0.3775,,
top_10,2020-09-07,60,TOUR Championship,baseline_history_fit,14577,"English, Harris",13,51,T12,,,0.36705,,
top_10,2020-09-07,60,TOUR Championship,baseline_history_fit,14838,"Reed, Patrick",14,9,T8,,,0.3411,,
top_10,2020-09-07,60,TOUR Championship,baseline_history_fit,18417,"Scheffler, Scottie",11,36,5,,,0.336775,,
top_10,2020-09-07,60,TOUR Championship,baseline_history_fit,14796,"Hatton, Tyrrell",18,15,7,,,0.237325,,
top_10,2020-09-07,60,TOUR Championship,baseline_history_fit,11676,"Finau, Tony",17,14,17,,,0.2362,,
top_10,2020-09-07,60,TOUR Championship,baseline_history_fit,12425,"Todd, Brendon",35,39,T20,,,0.230975,,
top_10,2020-09-07,60,TOUR Championship,baseline_history_fit,11276,"Horschel, Billy",20,32,30,,,0.1626,,
top_10,2020-09-07,60,TOUR Championship,baseline_history_fit,18238,"Ancer, Abraham",23,26,T18,,,0.18065,,
top_10,2020-09-07,60,TOUR Championship,baseline_history_fit,11328,"Kisner, Kevin",19,29,23,,,0.158925,,
top_10,2020-09-07,60,TOUR Championship,baseline_history_fit,20770,"Munoz, Sebastian",59,80,T8,,,0.164475,,
top_10,2020-09-07,60,TOUR Championship,baseline_history_fit,18079,"Niemann, Joaquin",47,52,T27,,,0.14665,,
top_10,2020-09-07,60,TOUR Championship,baseline_history_fit,18841,"Hovland, Viktor",21,31,T20,,,0.1255,,
top_10,2020-09-07,60,TOUR Championship,baseline_history_fit,7452,"Na, Kevin",42,33,T27,,,0.100475,,
top_10,2020-09-07,60,TOUR Championship,baseline_history_fit,15330,"Griffin, Lanto",56,73,T18,,,0.0882,,
top_10,2020-09-07,60,TOUR Championship,baseline_history_fit,7820,"Palmer, Ryan",34,34,T24,,,0.0877,,
top_10,2020-09-07,60,TOUR Championship,baseline_history_fit,7649,"Leishman, Marc",139,23,29,,,0.0464,,
top_10,2020-09-07,60,TOUR Championship,baseline_history_fit,23542,"Champ, Cameron",89,75,T24,,,0.047175,,
top_10,2020-09-07,60,TOUR Championship,baseline_history_fit,15856,"Smith, Cameron",77,48,T24,,,0.043775,,
top_10,2020-09-07,60,TOUR Championship,baseline_history_fit,15556,"Hughes, Mackenzie",50,65,14,,,0.031675,,
top_20,2020-09-07,60,TOUR Championship,baseline,12422,"Johnson, Dustin",3,1,1,,,,0.9836,
top_20,2020-09-07,60,TOUR Championship,baseline,19195,"Rahm, Jon",1,2,4,,,,0.98555,
top_20,2020-09-07,60,TOUR Championship,baseline,14139,"Thomas, Justin",2,3,T2,,,,0.968125,
top_20,2020-09-07,60,TOUR Championship,baseline,11049,"Simpson, Webb",4,6,T12,,,,0.9308,
top_20,2020-09-07,60,TOUR Championship,baseline,22085,"Morikawa, Collin",12,5,6,,,,0.874325,
top_20,2020-09-07,60,TOUR Championship,baseline,19841,"DeChambeau, Bryson",8,8,22,,,,0.87995,
top_20,2020-09-07,60,TOUR Championship,baseline,10091,"McIlroy, Rory",7,4,T8,,,,0.8638,
top_20,2020-09-07,60,TOUR Championship,baseline,13562,"Matsuyama, Hideki",9,20,T15,,,,0.856125,
top_20,2020-09-07,60,TOUR Championship,baseline,19895,"Schauffele, Xander",5,11,T2,,,,0.85395,
top_20,2020-09-07,60,TOUR Championship,baseline,17606,"Berger, Daniel",6,13,T15,,,,0.840625,
top_20,2020-09-07,60,TOUR Championship,baseline,14838,"Reed, Patrick",14,9,T8,,,,0.785475,
top_20,2020-09-07,60,TOUR Championship,baseline,14577,"English, Harris",13,51,T12,,,,0.77835,
top_20,2020-09-07,60,TOUR Championship,baseline,17488,"Im, Sungjae",41,27,11,,,,0.7557,
top_20,2020-09-07,60,TOUR Championship,baseline,18417,"Scheffler, Scottie",11,36,5,,,,0.7494,
top_20,2020-09-07,60,TOUR Championship,baseline,11676,"Finau, Tony",17,14,17,,,,0.704325,
top_20,2020-09-07,60,TOUR Championship,baseline,14796,"Hatton, Tyrrell",18,15,7,,,,0.669475,
top_20,2020-09-07,60,TOUR Championship,baseline,12425,"Todd, Brendon",35,39,T20,,,,0.589725,
top_20,2020-09-07,60,TOUR Championship,baseline,20770,"Munoz, Sebastian",59,80,T8,,,,0.5908,
top_20,2020-09-07,60,TOUR Championship,baseline,18079,"Niemann, Joaquin",47,52,T27,,,,0.575725,
top_20,2020-09-07,60,TOUR Championship,baseline,18238,"Ancer, Abraham",23,26,T18,,,,0.56335,
top_20,2020-09-07,60,TOUR Championship,baseline,11276,"Horschel, Billy",20,32,30,,,,0.502375,
top_20,2020-09-07,60,TOUR Championship,baseline,11328,"Kisner, Kevin",19,29,23,,,,0.526675,
top_20,2020-09-07,60,TOUR Championship,baseline,18841,"Hovland, Viktor",21,31,T20,,,,0.50955,
top_20,2020-09-07,60,TOUR Championship,baseline,7452,"Na, Kevin",42,33,T27,,,,0.446825,
top_20,2020-09-07,60,TOUR Championship,baseline,15330,"Griffin, Lanto",56,73,T18,,,,0.46735,
top_20,2020-09-07,60,TOUR Championship,baseline,7820,"Palmer, Ryan",34,34,T24,,,,0.423775,
top_20,2020-09-07,60,TOUR Championship,baseline,23542,"Champ, Cameron",89,75,T24,,,,0.3565,
top_20,2020-09-07,60,TOUR Championship,baseline,7649,"Leishman, Marc",139,23,29,,,,0.343225,
top_20,2020-09-07,60,TOUR Championship,baseline,15856,"Smith, Cameron",77,48,T24,,,,0.3406,
top_20,2020-09-07,60,TOUR Championship,baseline,15556,"Hughes, Mackenzie",50,65,14,,,,0.28395,
top_20,2020-09-07,60,TOUR Championship,baseline_history_fit,19195,"Rahm, Jon",1,2,4,,,,0.98965,
top_20,2020-09-07,60,TOUR Championship,baseline_history_fit,12422,"Johnson, Dustin",3,1,1,,,,0.98605,
top_20,2020-09-07,60,TOUR Championship,baseline_history_fit,14139,"Thomas, Justin",2,3,T2,,,,0.97195,
top_20,2020-09-07,60,TOUR Championship,baseline_history_fit,11049,"Simpson, Webb",4,6,T12,,,,0.951175,
top_20,2020-09-07,60,TOUR Championship,baseline_history_fit,22085,"Morikawa, Collin",12,5,6,,,,0.898125,
top_20,2020-09-07,60,TOUR Championship,baseline_history_fit,10091,"McIlroy, Rory",7,4,T8,,,,0.876525,
top_20,2020-09-07,60,TOUR Championship,baseline_history_fit,19841,"DeChambeau, Bryson",8,8,22,,,,0.882625,
top_20,2020-09-07,60,TOUR Championship,baseline_history_fit,19895,"Schauffele, Xander",5,11,T2,,,,0.87845,
top_20,2020-09-07,60,TOUR Championship,baseline_history_fit,17606,"Berger, Daniel",6,13,T15,,,,0.8734,
top_20,2020-09-07,60,TOUR Championship,baseline_history_fit,13562,"Matsuyama, Hideki",9,20,T15,,,,0.8562,
top_20,2020-09-07,60,TOUR Championship,baseline_history_fit,17488,"Im, Sungjae",41,27,11,,,,0.793825,
top_20,2020-09-07,60,TOUR Championship,baseline_history_fit,14577,"English, Harris",13,51,T12,,,,0.784575,
top_20,2020-09-07,60,TOUR Championship,baseline_history_fit,14838,"Reed, Patrick",14,9,T8,,,,0.765575,
top_20,2020-09-07,60,TOUR Championship,baseline_history_fit,18417,"Scheffler, Scottie",11,36,5,,,,0.7597,
top_20,2020-09-07,60,TOUR Championship,baseline_history_fit,14796,"Hatton, Tyrrell",18,15,7,,,,0.65825,
top_20,2020-09-07,60,TOUR Championship,baseline_history_fit,11676,"Finau, Tony",17,14,17,,,,0.6669,
top_20,2020-09-07,60,TOUR Championship,baseline_history_fit,12425,"Todd, Brendon",35,39,T20,,,,0.650175,
top_20,2020-09-07,60,TOUR Championship,baseline_history_fit,11276,"Horschel, Billy",20,32,30,,,,0.565925,
top_20,2020-09-07,60,TOUR Championship,baseline_history_fit,18238,"Ancer, Abraham",23,26,T18,,,,0.596175,
top_20,2020-09-07,60,TOUR Championship,baseline_history_fit,11328,"Kisner, Kevin",19,29,23,,,,0.57045,
top_20,2020-09-07,60,TOUR Championship,baseline_history_fit,20770,"Munoz, Sebastian",59,80,T8,,,,0.56935,
top_20,2020-09-07,60,TOUR Championship,baseline_history_fit,18079,"Niemann, Joaquin",47,52,T27,,,,0.541425,
top_20,2020-09-07,60,TOUR Championship,baseline_history_fit,18841,"Hovland, Viktor",21,31,T20,,,,0.5022,
top_20,2020-09-07,60,TOUR Championship,baseline_history_fit,7452,"Na, Kevin",42,33,T27,,,,0.448225,
top_20,2020-09-07,60,TOUR Championship,baseline_history_fit,15330,"Griffin, Lanto",56,73,T18,,,,0.426225,
top_20,2020-09-07,60,TOUR Championship,baseline_history_fit,7820,"Palmer, Ryan",34,34,T24,,,,0.408025,
top_20,2020-09-07,60,TOUR Championship,baseline_history_fit,7649,"Leishman, Marc",139,23,29,,,,0.302925,
top_20,2020-09-07,60,TOUR Championship,baseline_history_fit,23542,"Champ, Cameron",89,75,T24,,,,0.30625,
top_20,2020-09-07,60,TOUR Championship,baseline_history_fit,15856,"Smith, Cameron",77,48,T24,,,,0.286525,
top_20,2020-09-07,60,TOUR Championship,baseline_history_fit,15556,"Hughes, Mackenzie",50,65,14,,,,0.23315,
make_cut,2020-09-07,60,TOUR Championship,baseline,12422,"Johnson, Dustin",3,1,1,,,,,1.0
make_cut,2020-09-07,60,TOUR Championship,baseline,19195,"Rahm, Jon",1,2,4,,,,,1.0
make_cut,2020-09-07,60,TOUR Championship,baseline,14139,"Thomas, Justin",2,3,T2,,,,,1.0
make_cut,2020-09-07,60,TOUR Championship,baseline,11049,"Simpson, Webb",4,6,T12,,,,,1.0
make_cut,2020-09-07,60,TOUR Championship,baseline,22085,"Morikawa, Collin",12,5,6,,,,,1.0
make_cut,2020-09-07,60,TOUR Championship,baseline,19841,"DeChambeau, Bryson",8,8,22,,,,,1.0
make_cut,2020-09-07,60,TOUR Championship,baseline,10091,"McIlroy, Rory",7,4,T8,,,,,1.0
make_cut,2020-09-07,60,TOUR Championship,baseline,13562,"Matsuyama, Hideki",9,20,T15,,,,,1.0
make_cut,2020-09-07,60,TOUR Championship,baseline,19895,"Schauffele, Xander",5,11,T2,,,,,1.0
make_cut,2020-09-07,60,TOUR Championship,baseline,17606,"Berger, Daniel",6,13,T15,,,,,1.0
make_cut,2020-09-07,60,TOUR Championship,baseline,14838,"Reed, Patrick",14,9,T8,,,,,1.0
make_cut,2020-09-07,60,TOUR Championship,baseline,14577,"English, Harris",13,51,T12,,,,,1.0
make_cut,2020-09-07,60,TOUR Championship,baseline,17488,"Im, Sungjae",41,27,11,,,,,1.0
make_cut,2020-09-07,60,TOUR Championship,baseline,18417,"Scheffler, Scottie",11,36,5,,,,,1.0
make_cut,2020-09-07,60,TOUR Championship,baseline,11676,"Finau, Tony",17,14,17,,,,,1.0
make_cut,2020-09-07,60,TOUR Championship,baseline,14796,"Hatton, Tyrrell",18,15,7,,,,,1.0
make_cut,2020-09-07,60,TOUR Championship,baseline,12425,"Todd, Brendon",35,39,T20,,,,,1.0
make_cut,2020-09-07,60,TOUR Championship,baseline,20770,"Munoz, Sebastian",59,80,T8,,,,,1.0
make_cut,2020-09-07,60,TOUR Championship,baseline,18079,"Niemann, Joaquin",47,52,T27,,,,,1.0
make_cut,2020-09-07,60,TOUR Championship,baseline,18238,"Ancer, Abraham",23,26,T18,,,,,1.0
make_cut,2020-09-07,60,TOUR Championship,baseline,11276,"Horschel, Billy",20,32,30,,,,,1.0
make_cut,2020-09-07,60,TOUR Championship,baseline,11328,"Kisner, Kevin",19,29,23,,,,,1.0
make_cut,2020-09-07,60,TOUR Championship,baseline,18841,"Hovland, Viktor",21,31,T20,,,,,1.0
make_cut,2020-09-07,60,TOUR Championship,baseline,7452,"Na, Kevin",42,33,T27,,,,,1.0
make_cut,2020-09-07,60,TOUR Championship,baseline,15330,"Griffin, Lanto",56,73,T18,,,,,1.0
make_cut,2020-09-07,60,TOUR Championship,baseline,7820,"Palmer, Ryan",34,34,T24,,,,,1.0
make_cut,2020-09-07,60,TOUR Championship,baseline,23542,"Champ, Cameron",89,75,T24,,,,,1.0
make_cut,2020-09-07,60,TOUR Championship,baseline,7649,"Leishman, Marc",139,23,29,,,,,1.0
make_cut,2020-09-07,60,TOUR Championship,baseline,15856,"Smith, Cameron",77,48,T24,,,,,1.0
make_cut,2020-09-07,60,TOUR Championship,baseline,15556,"Hughes, Mackenzie",50,65,14,,,,,1.0
make_cut,2020-09-07,60,TOUR Championship,baseline_history_fit,19195,"Rahm, Jon",1,2,4,,,,,1.0
make_cut,2020-09-07,60,TOUR Championship,baseline_history_fit,12422,"Johnson, Dustin",3,1,1,,,,,1.0
make_cut,2020-09-07,60,TOUR Championship,baseline_history_fit,14139,"Thomas, Justin",2,3,T2,,,,,1.0
make_cut,2020-09-07,60,TOUR Championship,baseline_history_fit,11049,"Simpson, Webb",4,6,T12,,,,,1.0
make_cut,2020-09-07,60,TOUR Championship,baseline_history_fit,22085,"Morikawa, Collin",12,5,6,,,,,1.0
make_cut,2020-09-07,60,TOUR Championship,baseline_history_fit,10091,"McIlroy, Rory",7,4,T8,,,,,1.0
make_cut,2020-09-07,60,TOUR Championship,baseline_history_fit,19841,"DeChambeau, Bryson",8,8,22,,,,,1.0
make_cut,2020-09-07,60,TOUR Championship,baseline_history_fit,19895,"Schauffele, Xander",5,11,T2,,,,,1.0
make_cut,2020-09-07,60,TOUR Championship,baseline_history_fit,17606,"Berger, Daniel",6,13,T15,,,,,1.0
make_cut,2020-09-07,60,TOUR Championship,baseline_history_fit,13562,"Matsuyama, Hideki",9,20,T15,,,,,1.0
make_cut,2020-09-07,60,TOUR Championship,baseline_history_fit,17488,"Im, Sungjae",41,27,11,,,,,1.0
make_cut,2020-09-07,60,TOUR Championship,baseline_history_fit,14577,"English, Harris",13,51,T12,,,,,1.0
make_cut,2020-09-07,60,TOUR Championship,baseline_history_fit,14838,"Reed, Patrick",14,9,T8,,,,,1.0
make_cut,2020-09-07,60,TOUR Championship,baseline_history_fit,18417,"Scheffler, Scottie",11,36,5,,,,,1.0
make_cut,2020-09-07,60,TOUR Championship,baseline_history_fit,14796,"Hatton, Tyrrell",18,15,7,,,,,1.0
make_cut,2020-09-07,60,TOUR Championship,baseline_history_fit,11676,"Finau, Tony",17,14,17,,,,,1.0
make_cut,2020-09-07,60,TOUR Championship,baseline_history_fit,12425,"Todd, Brendon",35,39,T20,,,,,1.0
make_cut,2020-09-07,60,TOUR Championship,baseline_history_fit,11276,"Horschel, Billy",20,32,30,,,,,1.0
make_cut,2020-09-07,60,TOUR Championship,baseline_history_fit,18238,"Ancer, Abraham",23,26,T18,,,,,1.0
make_cut,2020-09-07,60,TOUR Championship,baseline_history_fit,11328,"Kisner, Kevin",19,29,23,,,,,1.0
make_cut,2020-09-07,60,TOUR Championship,baseline_history_fit,20770,"Munoz, Sebastian",59,80,T8,,,,,1.0
make_cut,2020-09-07,60,TOUR Championship,baseline_history_fit,18079,"Niemann, Joaquin",47,52,T27,,,,,1.0
make_cut,2020-09-07,60,TOUR Championship,baseline_history_fit,18841,"Hovland, Viktor",21,31,T20,,,,,1.0
make_cut,2020-09-07,60,TOUR Championship,baseline_history_fit,7452,"Na, Kevin",42,33,T27,,,,,1.0
make_cut,2020-09-07,60,TOUR Championship,baseline_history_fit,15330,"Griffin, Lanto",56,73,T18,,,,,1.0
make_cut,2020-09-07,60,TOUR Championship,baseline_history_fit,7820,"Palmer, Ryan",34,34,T24,,,,,1.0
make_cut,2020-09-07,60,TOUR Championship,baseline_history_fit,7649,"Leishman, Marc",139,23,29,,,,,1.0
make_cut,2020-09-07,60,TOUR Championship,baseline_history_fit,23542,"Champ, Cameron",89,75,T24,,,,,1.0
make_cut,2020-09-07,60,TOUR Championship,baseline_history_fit,15856,"Smith, Cameron",77,48,T24,,,,,1.0
make_cut,2020-09-07,60,TOUR Championship,baseline_history_fit,15556,"Hughes, Mackenzie",50,65,14,,,,,1.0
mc,2020-09-07,60,TOUR Championship,baseline,12422,"Johnson, Dustin",3,1,1,,,,,1.0
mc,2020-09-07,60,TOUR Championship,baseline,19195,"Rahm, Jon",1,2,4,,,,,1.0
mc,2020-09-07,60,TOUR Championship,baseline,14139,"Thomas, Justin",2,3,T2,,,,,1.0
mc,2020-09-07,60,TOUR Championship,baseline,11049,"Simpson, Webb",4,6,T12,,,,,1.0
mc,2020-09-07,60,TOUR Championship,baseline,22085,"Morikawa, Collin",12,5,6,,,,,1.0
mc,2020-09-07,60,TOUR Championship,baseline,19841,"DeChambeau, Bryson",8,8,22,,,,,1.0
mc,2020-09-07,60,TOUR Championship,baseline,10091,"McIlroy, Rory",7,4,T8,,,,,1.0
mc,2020-09-07,60,TOUR Championship,baseline,13562,"Matsuyama, Hideki",9,20,T15,,,,,1.0
mc,2020-09-07,60,TOUR Championship,baseline,19895,"Schauffele, Xander",5,11,T2,,,,,1.0
mc,2020-09-07,60,TOUR Championship,baseline,17606,"Berger, Daniel",6,13,T15,,,,,1.0
mc,2020-09-07,60,TOUR Championship,baseline,14838,"Reed, Patrick",14,9,T8,,,,,1.0
mc,2020-09-07,60,TOUR Championship,baseline,14577,"English, Harris",13,51,T12,,,,,1.0
mc,2020-09-07,60,TOUR Championship,baseline,17488,"Im, Sungjae",41,27,11,,,,,1.0
mc,2020-09-07,60,TOUR Championship,baseline,18417,"Scheffler, Scottie",11,36,5,,,,,1.0
mc,2020-09-07,60,TOUR Championship,baseline,11676,"Finau, Tony",17,14,17,,,,,1.0
mc,2020-09-07,60,TOUR Championship,baseline,14796,"Hatton, Tyrrell",18,15,7,,,,,1.0
mc,2020-09-07,60,TOUR Championship,baseline,12425,"Todd, Brendon",35,39,T20,,,,,1.0
mc,2020-09-07,60,TOUR Championship,baseline,20770,"Munoz, Sebastian",59,80,T8,,,,,1.0
mc,2020-09-07,60,TOUR Championship,baseline,18079,"Niemann, Joaquin",47,52,T27,,,,,1.0
mc,2020-09-07,60,TOUR Championship,baseline,18238,"Ancer, Abraham",23,26,T18,,,,,1.0
mc,2020-09-07,60,TOUR Championship,baseline,11276,"Horschel, Billy",20,32,30,,,,,1.0
mc,2020-09-07,60,TOUR Championship,baseline,11328,"Kisner, Kevin",19,29,23,,,,,1.0
mc,2020-09-07,60,TOUR Championship,baseline,18841,"Hovland, Viktor",21,31,T20,,,,,1.0
mc,2020-09-07,60,TOUR Championship,baseline,7452,"Na, Kevin",42,33,T27,,,,,1.0
mc,2020-09-07,60,TOUR Championship,baseline,15330,"Griffin, Lanto",56,73,T18,,,,,1.0
mc,2020-09-07,60,TOUR Championship,baseline,7820,"Palmer, Ryan",34,34,T24,,,,,1.0
mc,2020-09-07,60,TOUR Championship,baseline,23542,"Champ, Cameron",89,75,T24,,,,,1.0
mc,2020-09-07,60,TOUR Championship,baseline,7649,"Leishman, Marc",139,23,29,,,,,1.0
mc,2020-09-07,60,TOUR Championship,baseline,15856,"Smith, Cameron",77,48,T24,,,,,1.0
mc,2020-09-07,60,TOUR Championship,baseline,15556,"Hughes, Mackenzie",50,65,14,,,,,1.0
mc,2020-09-07,60,TOUR Championship,baseline_history_fit,19195,"Rahm, Jon",1,2,4,,,,,1.0
mc,2020-09-07,60,TOUR Championship,baseline_history_fit,12422,"Johnson, Dustin",3,1,1,,,,,1.0
mc,2020-09-07,60,TOUR Championship,baseline_history_fit,14139,"Thomas, Justin",2,3,T2,,,,,1.0
mc,2020-09-07,60,TOUR Championship,baseline_history_fit,11049,"Simpson, Webb",4,6,T12,,,,,1.0
mc,2020-09-07,60,TOUR Championship,baseline_history_fit,22085,"Morikawa, Collin",12,5,6,,,,,1.0
mc,2020-09-07,60,TOUR Championship,baseline_history_fit,10091,"McIlroy, Rory",7,4,T8,,,,,1.0
mc,2020-09-07,60,TOUR Championship,baseline_history_fit,19841,"DeChambeau, Bryson",8,8,22,,,,,1.0
mc,2020-09-07,60,TOUR Championship,baseline_history_fit,19895,"Schauffele, Xander",5,11,T2,,,,,1.0
mc,2020-09-07,60,TOUR Championship,baseline_history_fit,17606,"Berger, Daniel",6,13,T15,,,,,1.0
mc,2020-09-07,60,TOUR Championship,baseline_history_fit,13562,"Matsuyama, Hideki",9,20,T15,,,,,1.0
mc,2020-09-07,60,TOUR Championship,baseline_history_fit,17488,"Im, Sungjae",41,27,11,,,,,1.0
mc,2020-09-07,60,TOUR Championship,baseline_history_fit,14577,"English, Harris",13,51,T12,,,,,1.0
mc,2020-09-07,60,TOUR Championship,baseline_history_fit,14838,"Reed, Patrick",14,9,T8,,,,,1.0
mc,2020-09-07,60,TOUR Championship,baseline_history_fit,18417,"Scheffler, Scottie",11,36,5,,,,,1.0
mc,2020-09-07,60,TOUR Championship,baseline_history_fit,14796,"Hatton, Tyrrell",18,15,7,,,,,1.0
mc,2020-09-07,60,TOUR Championship,baseline_history_fit,11676,"Finau, Tony",17,14,17,,,,,1.0
mc,2020-09-07,60,TOUR Championship,baseline_history_fit,12425,"Todd, Brendon",35,39,T20,,,,,1.0
mc,2020-09-07,60,TOUR Championship,baseline_history_fit,11276,"Horschel, Billy",20,32,30,,,,,1.0
mc,2020-09-07,60,TOUR Championship,baseline_history_fit,18238,"Ancer, Abraham",23,26,T18,,,,,1.0
mc,2020-09-07,60,TOUR Championship,baseline_history_fit,11328,"Kisner, Kevin",19,29,23,,,,,1.0
mc,2020-09-07,60,TOUR Championship,baseline_history_fit,20770,"Munoz, Sebastian",59,80,T8,,,,,1.0
mc,2020-09-07,60,TOUR Championship,baseline_history_fit,18079,"Niemann, Joaquin",47,52,T27,,,,,1.0
mc,2020-09-07,60,TOUR Championship,baseline_history_fit,18841,"Hovland, Viktor",21,31,T20,,,,,1.0
mc,2020-09-07,60,TOUR Championship,baseline_history_fit,7452,"Na, Kevin",42,33,T27,,,,,1.0
mc,2020-09-07,60,TOUR Championship,baseline_history_fit,15330,"Griffin, Lanto",56,73,T18,,,,,1.0
mc,2020-09-07,60,TOUR Championship,baseline_history_fit,7820,"Palmer, Ryan",34,34,T24,,,,,1.0
mc,2020-09-07,60,TOUR Championship,baseline_history_fit,7649,"Leishman, Marc",139,23,29,,,,,1.0
mc,2020-09-07,60,TOUR Championship,baseline_history_fit,23542,"Champ, Cameron",89,75,T24,,,,,1.0
mc,2020-09-07,60,TOUR Championship,baseline_history_fit,15856,"Smith, Cameron",77,48,T24,,,,,1.0
mc,2020-09-07,60,TOUR Championship,baseline_history_fit,15556,"Hughes, Mackenzie",50,65,14,,,,,1.0
