market,event_completed,event_id,event_name,model,dg_id,player_name,dg_rank,owgr_rank,fin_text,win,top_5,top_10,top_20,make_cut
win,2020-11-08,20,Vivint Houston Open,baseline,12422,"Johnson, Dustin",4.0,1.0,T2,0.0978,,,,
win,2020-11-08,20,Vivint Houston Open,baseline,14796,"Hatton, Tyrrell",9.0,10.0,T7,0.05825,,,,
win,2020-11-08,20,Vivint Houston Open,baseline,13562,"Matsuyama, Hideki",14.0,20.0,T2,0.052375,,,,
win,2020-11-08,20,Vivint Houston Open,baseline,18417,"Scheffler, Scottie",17.0,30.0,T32,0.051925,,,,
win,2020-11-08,20,Vivint Houston Open,baseline,11676,"Finau, Tony",13.0,17.0,T24,0.045375,,,,
win,2020-11-08,20,Vivint Houston Open,baseline,17488,"Im, Sungjae",30.0,23.0,T50,0.03925,,,,
win,2020-11-08,20,Vivint Houston Open,baseline,18841,"Hovland, Viktor",19.0,24.0,T15,0.038575,,,,
win,2020-11-08,20,Vivint Houston Open,baseline,16243,"Koepka, Brooks",29.0,12.0,T5,0.0298,,,,
win,2020-11-08,20,Vivint Houston Open,baseline,9771,"Day, Jason",36.0,43.0,T7,0.027875,,,,
win,2020-11-08,20,Vivint Houston Open,baseline,14578,"Henley, Russell",18.0,61.0,T29,0.025675,,,,
win,2020-11-08,20,Vivint Houston Open,baseline,6430,"Scott, Adam",21.0,15.0,T32,0.023475,,,,
win,2020-11-08,20,Vivint Houston Open,baseline,5689,"Garcia, Sergio",43.0,40.0,CUT,0.020125,,,,
win,2020-11-08,20,Vivint Houston Open,baseline,14609,"Kim, Si Woo",56.0,88.0,CUT,0.016125,,,,
win,2020-11-08,20,Vivint Houston Open,baseline,8825,"Harman, Brian",33.0,92.0,T24,0.014075,,,,
win,2020-11-08,20,Vivint Houston Open,baseline,17576,"Conners, Corey",46.0,69.0,T24,0.013675,,,,
win,2020-11-08,20,Vivint Houston Open,baseline,17550,"Van Rooyen, Erik",52.0,52.0,T20,0.01365,,,,
win,2020-11-08,20,Vivint Houston Open,baseline,13900,"Lowry, Shane",64.0,29.0,T11,0.0131,,,,
win,2020-11-08,20,Vivint Houston Open,baseline,24481,"Redman, Doc",51.0,76.0,T61,0.0123,,,,
win,2020-11-08,20,Vivint Houston Open,baseline,16602,"Varner III, Harold",59.0,121.0,T15,0.012175,,,,
win,2020-11-08,20,Vivint Houston Open,baseline,8480,"Streelman, Kevin",44.0,49.0,CUT,0.0113,,,,
win,2020-11-08,20,Vivint Houston Open,baseline,15330,"Griffin, Lanto",39.0,55.0,T58,0.0111,,,,
win,2020-11-08,20,Vivint Houston Open,baseline,18580,"Gooch, Talor",60.0,108.0,4,0.010775,,,,
win,2020-11-08,20,Vivint Houston Open,baseline,6986,"Johnson, Zach",34.0,123.0,T50,0.01005,,,,
win,2020-11-08,20,Vivint Houston Open,baseline,11955,"Frittelli, Dylan",70.0,97.0,CUT,0.009675,,,,
win,2020-11-08,20,Vivint Houston Open,baseline,19483,"Burns, Sam",78.0,179.0,T7,0.0094,,,,
win,2020-11-08,20,Vivint Houston Open,baseline,17786,"Davis, Cameron",63.0,204.0,68,0.00855,,,,
win,2020-11-08,20,Vivint Houston Open,baseline,19870,"McCarthy, Denny",57.0,182.0,T38,0.008525,,,,
win,2020-11-08,20,Vivint Houston Open,baseline,12808,"Grillo, Emiliano",80.0,161.0,CUT,0.008375,,,,
win,2020-11-08,20,Vivint Houston Open,baseline,14636,"Spieth, Jordan",96.0,75.0,CUT,0.00785,,,,
win,2020-11-08,20,Vivint Houston Open,baseline,13872,"Bradley, Keegan",82.0,122.0,CUT,0.007825,,,,
win,2020-11-08,20,Vivint Houston Open,baseline,15556,"Hughes, Mackenzie",50.0,53.0,T7,0.007375,,,,
win,2020-11-08,20,Vivint Houston Open,baseline,19477,"Schenk, Adam",81.0,217.0,CUT,0.007375,,,,
win,2020-11-08,20,Vivint Houston Open,baseline,18187,"Duncan, Tyler",77.0,136.0,CUT,0.007125,,,,
win,2020-11-08,20,Vivint Houston Open,baseline,7399,"Glover, Lucas",98.0,114.0,CUT,0.007075,,,,
win,2020-11-08,20,Vivint Houston Open,baseline,21554,"Poston, J.T.",65.0,64.0,T20,0.00685,,,,
win,2020-11-08,20,Vivint Houston Open,baseline,8820,"Snedeker, Brandt",93.0,84.0,T44,0.00675,,,,
win,2020-11-08,20,Vivint Houston Open,baseline,14013,"Tringale, Cameron",71.0,183.0,T29,0.00665,,,,
win,2020-11-08,20,Vivint Houston Open,baseline,10419,"Noren, Alex",62.0,90.0,CUT,0.006625,,,,
win,2020-11-08,20,Vivint Houston Open,baseline,11826,"Lee, Danny",120.0,118.0,CUT,0.0062,,,,
win,2020-11-08,20,Vivint Houston Open,baseline,14735,"Ortiz, Carlos",92.0,160.0,1,0.0062,,,,
win,2020-11-08,20,Vivint Houston Open,baseline,7960,"List, Luke",129.0,151.0,CUT,0.00605,,,,
win,2020-11-08,20,Vivint Houston Open,baseline,22051,"Wise, Aaron",103.0,246.0,T11,0.006025,,,,
win,2020-11-08,20,Vivint Houston Open,baseline,17511,"Straka, Sepp",88.0,164.0,T5,0.00575,,,,
win,2020-11-08,20,Vivint Houston Open,baseline,5994,"Stenson, Henrik",68.0,54.0,CUT,0.0057,,,,
win,2020-11-08,20,Vivint Houston Open,baseline,15473,"Long, Adam",104.0,79.0,T11,0.005475,,,,
win,2020-11-08,20,Vivint Houston Open,baseline,4052,"Westwood, Lee",83.0,46.0,CUT,0.005425,,,,
win,2020-11-08,20,Vivint Houston Open,baseline,9586,"Laird, Martin",119.0,85.0,CUT,0.005225,,,,
win,2020-11-08,20,Vivint Houston Open,baseline,15651,"Ventura, Kristoffer",107.0,148.0,T64,0.005025,,,,
win,2020-11-08,20,Vivint Houston Open,baseline,17538,"Homa, Max",121.0,96.0,T48,0.005025,,,,
win,2020-11-08,20,Vivint Houston Open,baseline,16433,"NeSmith, Matthew",99.0,195.0,CUT,0.004875,,,,
win,2020-11-08,20,Vivint Houston Open,baseline,15164,"Lewis, Tom",139.0,66.0,CUT,0.00485,,,,
win,2020-11-08,20,Vivint Houston Open,baseline,7899,"Piercy, Scott",114.0,143.0,T32,0.004725,,,,
win,2020-11-08,20,Vivint Houston Open,baseline,15575,"Hoge, Tom",75.0,135.0,CUT,0.0047,,,,
win,2020-11-08,20,Vivint Houston Open,baseline,6762,"Perez, Pat",84.0,174.0,CUT,0.004675,,,,
win,2020-11-08,20,Vivint Houston Open,baseline,23604,"Clark, Wyndham",116.0,139.0,CUT,0.0046,,,,
win,2020-11-08,20,Vivint Houston Open,baseline,16333,"Hubbard, Mark",86.0,126.0,T50,0.00455,,,,
win,2020-11-08,20,Vivint Houston Open,baseline,13831,"Knox, Russell",133.0,222.0,T15,0.0045,,,,
win,2020-11-08,20,Vivint Houston Open,baseline,11374,"Hahn, James",89.0,238.0,T50,0.004325,,,,
win,2020-11-08,20,Vivint Houston Open,baseline,18634,"McNealy, Maverick",95.0,184.0,T20,0.0042,,,,
win,2020-11-08,20,Vivint Houston Open,baseline,11657,"Norlander, Henrik",117.0,150.0,CUT,0.004175,,,,
win,2020-11-08,20,Vivint Houston Open,baseline,6283,"Sabbatini, Rory",87.0,107.0,WD,0.00405,,,,
win,2020-11-08,20,Vivint Houston Open,baseline,12359,"Stallings, Scott",97.0,220.0,CUT,0.00405,,,,
win,2020-11-08,20,Vivint Houston Open,baseline,18662,"Schniederjans, Ollie",125.0,297.0,CUT,0.003975,,,,
win,2020-11-08,20,Vivint Houston Open,baseline,8605,"Jones, Matt",91.0,98.0,63,0.00385,,,,
win,2020-11-08,20,Vivint Houston Open,baseline,16283,"Rodgers, Patrick",164.0,210.0,CUT,0.003825,,,,
win,2020-11-08,20,Vivint Houston Open,baseline,13508,"Vegas, Jhonattan",159.0,206.0,T44,0.003775,,,,
win,2020-11-08,20,Vivint Houston Open,baseline,1547,"Mickelson, Phil",109.0,60.0,CUT,0.00355,,,,
win,2020-11-08,20,Vivint Houston Open,baseline,13026,"Zhang, Xinjun",126.0,155.0,CUT,0.0035,,,,
win,2020-11-08,20,Vivint Houston Open,baseline,13367,"Merritt, Troy",124.0,140.0,T32,0.0034,,,,
win,2020-11-08,20,Vivint Houston Open,baseline,7655,"Molinari, Francesco",161.0,87.0,T15,0.003275,,,,
win,2020-11-08,20,Vivint Houston Open,baseline,5665,"Cink, Stewart",85.0,130.0,CUT,0.003275,,,,
win,2020-11-08,20,Vivint Houston Open,baseline,18579,"Cook, Austin",163.0,192.0,T24,0.00325,,,,
win,2020-11-08,20,Vivint Houston Open,baseline,14000,"Landry, Andrew",156.0,129.0,CUT,0.003175,,,,
win,2020-11-08,20,Vivint Houston Open,baseline,15470,"Hossler, Beau",146.0,257.0,CUT,0.003175,,,,
win,2020-11-08,20,Vivint Houston Open,baseline,7398,"Schwartzel, Charl",110.0,213.0,CUT,0.0031,,,,
win,2020-11-08,20,Vivint Houston Open,baseline,7301,"Dufner, Jason",143.0,324.0,CUT,0.003075,,,,
win,2020-11-08,20,Vivint Houston Open,baseline,5768,"Hoffman, Charley",138.0,142.0,T29,0.002975,,,,
win,2020-11-08,20,Vivint Houston Open,baseline,11451,"Garnett, Brice",122.0,255.0,T50,0.002925,,,,
win,2020-11-08,20,Vivint Houston Open,baseline,13022,"Stuard, Brian",140.0,163.0,T50,0.002775,,,,
win,2020-11-08,20,Vivint Houston Open,baseline,11952,"Grace, Branden",166.0,124.0,CUT,0.002725,,,,
win,2020-11-08,20,Vivint Houston Open,baseline,17365,"Mitchell, Keith",170.0,152.0,CUT,0.002725,,,,
win,2020-11-08,20,Vivint Houston Open,baseline,12920,"Willett, Danny",175.0,56.0,WD,0.002725,,,,
win,2020-11-08,20,Vivint Houston Open,baseline,26660,"Gordon, Will",191.0,219.0,T38,0.002625,,,,
win,2020-11-08,20,Vivint Houston Open,baseline,18635,"Shelton, Robby",181.0,156.0,CUT,0.002625,,,,
win,2020-11-08,20,Vivint Houston Open,baseline,6930,"Taylor, Vaughn",147.0,159.0,CUT,0.002325,,,,
win,2020-11-08,20,Vivint Houston Open,baseline,12423,"Kirk, Chris",196.0,306.0,T44,0.002225,,,,
win,2020-11-08,20,Vivint Houston Open,baseline,16715,"Ryder, Sam",187.0,266.0,CUT,0.002175,,,,
win,2020-11-08,20,Vivint Houston Open,baseline,14606,"Huh, John",149.0,9999.0,T48,0.00215,,,,
win,2020-11-08,20,Vivint Houston Open,baseline,10886,"Harding, Justin",198.0,137.0,T38,0.002075,,,,
win,2020-11-08,20,Vivint Houston Open,baseline,15475,"Pan, C.T.",174.0,169.0,T58,0.002,,,,
win,2020-11-08,20,Vivint Houston Open,baseline,12946,"Thompson, Michael",229.0,117.0,T15,0.002,,,,
win,2020-11-08,20,Vivint Houston Open,baseline,11082,"Burgoon, Bronson",176.0,353.0,CUT,0.0019,,,,
win,2020-11-08,20,Vivint Houston Open,baseline,13305,"Chappell, Kevin",173.0,9999.0,T61,0.001875,,,,
win,2020-11-08,20,Vivint Houston Open,baseline,14655,"Murray, Grayson",313.0,9999.0,CUT,0.0018,,,,
win,2020-11-08,20,Vivint Houston Open,baseline,21237,"Hickok, Kramer",247.0,337.0,T58,0.00165,,,,
win,2020-11-08,20,Vivint Houston Open,baseline,10943,"Lashley, Nate",188.0,112.0,T38,0.0016,,,,
win,2020-11-08,20,Vivint Houston Open,baseline,8469,"Armour, Ryan",210.0,207.0,CUT,0.001375,,,,
win,2020-11-08,20,Vivint Houston Open,baseline,7626,"O'Hair, Sean",257.0,9999.0,T66,0.001375,,,,
win,2020-11-08,20,Vivint Houston Open,baseline,14704,"Putnam, Andrew",171.0,149.0,CUT,0.00135,,,,
win,2020-11-08,20,Vivint Houston Open,baseline,14706,"Swafford, Hudson",261.0,176.0,CUT,0.001275,,,,
win,2020-11-08,20,Vivint Houston Open,baseline,13127,"Tway, Kevin",282.0,292.0,CUT,0.0012,,,,
win,2020-11-08,20,Vivint Houston Open,baseline,7340,"Hearn, David",162.0,446.0,CUT,0.00115,,,,
win,2020-11-08,20,Vivint Houston Open,baseline,7548,"McDowell, Graeme",243.0,65.0,T44,0.001125,,,,
win,2020-11-08,20,Vivint Houston Open,baseline,10252,"DeLaet, Graham",,,WD,0.00105,,,,
win,2020-11-08,20,Vivint Houston Open,baseline,8571,"Gomez, Fabian",262.0,279.0,T32,0.000925,,,,
win,2020-11-08,20,Vivint Houston Open,baseline,13470,"Kizzire, Patton",223.0,316.0,T11,0.0009,,,,
win,2020-11-08,20,Vivint Houston Open,baseline,14799,"Barnes, Erik",265.0,9999.0,T38,0.0009,,,,
win,2020-11-08,20,Vivint Houston Open,baseline,14081,"Hoag, Bo",230.0,320.0,CUT,0.000875,,,,
win,2020-11-08,20,Vivint Houston Open,baseline,11382,"Lovemark, Jamie",358.0,9999.0,T64,0.0008,,,,
win,2020-11-08,20,Vivint Houston Open,baseline,8479,"Harrington, Scott",272.0,293.0,T66,0.000775,,,,
win,2020-11-08,20,Vivint Houston Open,baseline,13497,"Lee, Kyounghoon",264.0,237.0,CUT,0.0007,,,,
win,2020-11-08,20,Vivint Houston Open,baseline,5716,"Harrington, Padraig",235.0,321.0,T32,0.00065,,,,
win,2020-11-08,20,Vivint Houston Open,baseline,9171,"Villegas, Camilo",,,CUT,0.000575,,,,
win,2020-11-08,20,Vivint Houston Open,baseline,11330,"Brown, Scott",384.0,221.0,T24,0.000475,,,,
win,2020-11-08,20,Vivint Houston Open,baseline,7881,"Kang, Sung",440.0,77.0,CUT,0.000475,,,,
win,2020-11-08,20,Vivint Houston Open,baseline,15852,"Kraft, Kelly",387.0,390.0,CUT,0.000475,,,,
win,2020-11-08,20,Vivint Houston Open,baseline,4163,"Donald, Luke",365.0,453.0,CUT,0.00045,,,,
win,2020-11-08,20,Vivint Houston Open,baseline,7293,"Walker, Jimmy",303.0,397.0,CUT,0.00045,,,,
win,2020-11-08,20,Vivint Houston Open,baseline,9883,"Van Der Walt, Dawie",317.0,9999.0,T20,0.000425,,,,
win,2020-11-08,20,Vivint Houston Open,baseline,8769,"Potter Jr, Ted",405.0,407.0,CUT,0.000425,,,,
win,2020-11-08,20,Vivint Houston Open,baseline,27183,"Salinda, Isaiah",460.0,9999.0,T50,0.00015,,,,
win,2020-11-08,20,Vivint Houston Open,baseline,13531,"Kodaira, Satoshi",,,T38,0.0001,,,,
win,2020-11-08,20,Vivint Houston Open,baseline,19618,"Fidone, Sam",,,CUT,7.5e-05,,,,
win,2020-11-08,20,Vivint Houston Open,baseline,6457,"Van Pelt, Bo",,,CUT,5e-05,,,,
win,2020-11-08,20,Vivint Houston Open,baseline,7636,"Mahan, Hunter",,,CUT,5e-05,,,,
win,2020-11-08,20,Vivint Houston Open,baseline,5625,"Chalmers, Greg",,,T50,5e-05,,,,
win,2020-11-08,20,Vivint Houston Open,baseline,17543,"Kim, Michael",,,CUT,5e-05,,,,
win,2020-11-08,20,Vivint Houston Open,baseline,9313,"Willman, Ben",,,CUT,0.0,,,,
win,2020-11-08,20,Vivint Houston Open,baseline,6761,"Points, D.A.",,,CUT,0.0,,,,
win,2020-11-08,20,Vivint Houston Open,baseline,15634,"Trainer, Martin",,,CUT,0.0,,,,
win,2020-11-08,20,Vivint Houston Open,baseline,27971,"Hogan, Kyle",,,CUT,0.0,,,,
win,2020-11-08,20,Vivint Houston Open,baseline,7602,"Stadler, Kevin",,,CUT,0.0,,,,
top_5,2020-11-08,20,Vivint Houston Open,baseline,12422,"Johnson, Dustin",4.0,1.0,T2,,0.295375,,,
top_5,2020-11-08,20,Vivint Houston Open,baseline,14796,"Hatton, Tyrrell",9.0,10.0,T7,,0.209275,,,
top_5,2020-11-08,20,Vivint Houston Open,baseline,13562,"Matsuyama, Hideki",14.0,20.0,T2,,0.1913,,,
top_5,2020-11-08,20,Vivint Houston Open,baseline,18417,"Scheffler, Scottie",17.0,30.0,T32,,0.192625,,,
top_5,2020-11-08,20,Vivint Houston Open,baseline,11676,"Finau, Tony",13.0,17.0,T24,,0.17225,,,
top_5,2020-11-08,20,Vivint Houston Open,baseline,17488,"Im, Sungjae",30.0,23.0,T50,,0.158175,,,
top_5,2020-11-08,20,Vivint Houston Open,baseline,18841,"Hovland, Viktor",19.0,24.0,T15,,0.152225,,,
top_5,2020-11-08,20,Vivint Houston Open,baseline,16243,"Koepka, Brooks",29.0,12.0,T5,,0.12795,,,
top_5,2020-11-08,20,Vivint Houston Open,baseline,9771,"Day, Jason",36.0,43.0,T7,,0.117525,,,
top_5,2020-11-08,20,Vivint Houston Open,baseline,14578,"Henley, Russell",18.0,61.0,T29,,0.118225,,,
top_5,2020-11-08,20,Vivint Houston Open,baseline,6430,"Scott, Adam",21.0,15.0,T32,,0.108975,,,
top_5,2020-11-08,20,Vivint Houston Open,baseline,5689,"Garcia, Sergio",43.0,40.0,CUT,,0.093475,,,
top_5,2020-11-08,20,Vivint Houston Open,baseline,14609,"Kim, Si Woo",56.0,88.0,CUT,,0.077,,,
top_5,2020-11-08,20,Vivint Houston Open,baseline,8825,"Harman, Brian",33.0,92.0,T24,,0.079625,,,
top_5,2020-11-08,20,Vivint Houston Open,baseline,17576,"Conners, Corey",46.0,69.0,T24,,0.0753,,,
top_5,2020-11-08,20,Vivint Houston Open,baseline,17550,"Van Rooyen, Erik",52.0,52.0,T20,,0.0709,,,
top_5,2020-11-08,20,Vivint Houston Open,baseline,13900,"Lowry, Shane",64.0,29.0,T11,,0.067125,,,
top_5,2020-11-08,20,Vivint Houston Open,baseline,24481,"Redman, Doc",51.0,76.0,T61,,0.0597,,,
top_5,2020-11-08,20,Vivint Houston Open,baseline,16602,"Varner III, Harold",59.0,121.0,T15,,0.0649,,,
top_5,2020-11-08,20,Vivint Houston Open,baseline,8480,"Streelman, Kevin",44.0,49.0,CUT,,0.0591,,,
top_5,2020-11-08,20,Vivint Houston Open,baseline,15330,"Griffin, Lanto",39.0,55.0,T58,,0.063325,,,
top_5,2020-11-08,20,Vivint Houston Open,baseline,18580,"Gooch, Talor",60.0,108.0,4,,0.05725,,,
top_5,2020-11-08,20,Vivint Houston Open,baseline,6986,"Johnson, Zach",34.0,123.0,T50,,0.057575,,,
top_5,2020-11-08,20,Vivint Houston Open,baseline,11955,"Frittelli, Dylan",70.0,97.0,CUT,,0.057325,,,
top_5,2020-11-08,20,Vivint Houston Open,baseline,19483,"Burns, Sam",78.0,179.0,T7,,0.055575,,,
top_5,2020-11-08,20,Vivint Houston Open,baseline,17786,"Davis, Cameron",63.0,204.0,68,,0.05165,,,
top_5,2020-11-08,20,Vivint Houston Open,baseline,19870,"McCarthy, Denny",57.0,182.0,T38,,0.0494,,,
top_5,2020-11-08,20,Vivint Houston Open,baseline,12808,"Grillo, Emiliano",80.0,161.0,CUT,,0.0495,,,
top_5,2020-11-08,20,Vivint Houston Open,baseline,14636,"Spieth, Jordan",96.0,75.0,CUT,,0.0483,,,
top_5,2020-11-08,20,Vivint Houston Open,baseline,13872,"Bradley, Keegan",82.0,122.0,CUT,,0.051425,,,
top_5,2020-11-08,20,Vivint Houston Open,baseline,15556,"Hughes, Mackenzie",50.0,53.0,T7,,0.042,,,
top_5,2020-11-08,20,Vivint Houston Open,baseline,19477,"Schenk, Adam",81.0,217.0,CUT,,0.041675,,,
top_5,2020-11-08,20,Vivint Houston Open,baseline,18187,"Duncan, Tyler",77.0,136.0,CUT,,0.044475,,,
top_5,2020-11-08,20,Vivint Houston Open,baseline,7399,"Glover, Lucas",98.0,114.0,CUT,,0.04335,,,
top_5,2020-11-08,20,Vivint Houston Open,baseline,21554,"Poston, J.T.",65.0,64.0,T20,,0.044575,,,
top_5,2020-11-08,20,Vivint Houston Open,baseline,8820,"Snedeker, Brandt",93.0,84.0,T44,,0.0393,,,
top_5,2020-11-08,20,Vivint Houston Open,baseline,14013,"Tringale, Cameron",71.0,183.0,T29,,0.03775,,,
top_5,2020-11-08,20,Vivint Houston Open,baseline,10419,"Noren, Alex",62.0,90.0,CUT,,0.0427,,,
top_5,2020-11-08,20,Vivint Houston Open,baseline,11826,"Lee, Danny",120.0,118.0,CUT,,0.0368,,,
top_5,2020-11-08,20,Vivint Houston Open,baseline,14735,"Ortiz, Carlos",92.0,160.0,1,,0.0378,,,
top_5,2020-11-08,20,Vivint Houston Open,baseline,7960,"List, Luke",129.0,151.0,CUT,,0.0376,,,
top_5,2020-11-08,20,Vivint Houston Open,baseline,22051,"Wise, Aaron",103.0,246.0,T11,,0.0369,,,
top_5,2020-11-08,20,Vivint Houston Open,baseline,17511,"Straka, Sepp",88.0,164.0,T5,,0.038325,,,
top_5,2020-11-08,20,Vivint Houston Open,baseline,5994,"Stenson, Henrik",68.0,54.0,CUT,,0.037000000000000005,,,
top_5,2020-11-08,20,Vivint Houston Open,baseline,15473,"Long, Adam",104.0,79.0,T11,,0.034525,,,
top_5,2020-11-08,20,Vivint Houston Open,baseline,4052,"Westwood, Lee",83.0,46.0,CUT,,0.0321,,,
top_5,2020-11-08,20,Vivint Houston Open,baseline,9586,"Laird, Martin",119.0,85.0,CUT,,0.032625,,,
top_5,2020-11-08,20,Vivint Houston Open,baseline,15651,"Ventura, Kristoffer",107.0,148.0,T64,,0.031575,,,
top_5,2020-11-08,20,Vivint Houston Open,baseline,17538,"Homa, Max",121.0,96.0,T48,,0.034025,,,
top_5,2020-11-08,20,Vivint Houston Open,baseline,16433,"NeSmith, Matthew",99.0,195.0,CUT,,0.03325,,,
top_5,2020-11-08,20,Vivint Houston Open,baseline,15164,"Lewis, Tom",139.0,66.0,CUT,,0.03035,,,
top_5,2020-11-08,20,Vivint Houston Open,baseline,7899,"Piercy, Scott",114.0,143.0,T32,,0.031375,,,
top_5,2020-11-08,20,Vivint Houston Open,baseline,15575,"Hoge, Tom",75.0,135.0,CUT,,0.030875,,,
top_5,2020-11-08,20,Vivint Houston Open,baseline,6762,"Perez, Pat",84.0,174.0,CUT,,0.031375,,,
top_5,2020-11-08,20,Vivint Houston Open,baseline,23604,"Clark, Wyndham",116.0,139.0,CUT,,0.02885,,,
top_5,2020-11-08,20,Vivint Houston Open,baseline,16333,"Hubbard, Mark",86.0,126.0,T50,,0.030375,,,
top_5,2020-11-08,20,Vivint Houston Open,baseline,13831,"Knox, Russell",133.0,222.0,T15,,0.0296,,,
top_5,2020-11-08,20,Vivint Houston Open,baseline,11374,"Hahn, James",89.0,238.0,T50,,0.0313,,,
top_5,2020-11-08,20,Vivint Houston Open,baseline,18634,"McNealy, Maverick",95.0,184.0,T20,,0.02835,,,
top_5,2020-11-08,20,Vivint Houston Open,baseline,11657,"Norlander, Henrik",117.0,150.0,CUT,,0.0285,,,
top_5,2020-11-08,20,Vivint Houston Open,baseline,6283,"Sabbatini, Rory",87.0,107.0,WD,,0.027575,,,
top_5,2020-11-08,20,Vivint Houston Open,baseline,12359,"Stallings, Scott",97.0,220.0,CUT,,0.02775,,,
top_5,2020-11-08,20,Vivint Houston Open,baseline,18662,"Schniederjans, Ollie",125.0,297.0,CUT,,0.025225,,,
top_5,2020-11-08,20,Vivint Houston Open,baseline,8605,"Jones, Matt",91.0,98.0,63,,0.027425,,,
top_5,2020-11-08,20,Vivint Houston Open,baseline,16283,"Rodgers, Patrick",164.0,210.0,CUT,,0.025975,,,
top_5,2020-11-08,20,Vivint Houston Open,baseline,13508,"Vegas, Jhonattan",159.0,206.0,T44,,0.025925,,,
top_5,2020-11-08,20,Vivint Houston Open,baseline,1547,"Mickelson, Phil",109.0,60.0,CUT,,0.024725,,,
top_5,2020-11-08,20,Vivint Houston Open,baseline,13026,"Zhang, Xinjun",126.0,155.0,CUT,,0.02225,,,
top_5,2020-11-08,20,Vivint Houston Open,baseline,13367,"Merritt, Troy",124.0,140.0,T32,,0.0228,,,
top_5,2020-11-08,20,Vivint Houston Open,baseline,7655,"Molinari, Francesco",161.0,87.0,T15,,0.021675,,,
top_5,2020-11-08,20,Vivint Houston Open,baseline,5665,"Cink, Stewart",85.0,130.0,CUT,,0.02455,,,
top_5,2020-11-08,20,Vivint Houston Open,baseline,18579,"Cook, Austin",163.0,192.0,T24,,0.02305,,,
top_5,2020-11-08,20,Vivint Houston Open,baseline,14000,"Landry, Andrew",156.0,129.0,CUT,,0.022175,,,
top_5,2020-11-08,20,Vivint Houston Open,baseline,15470,"Hossler, Beau",146.0,257.0,CUT,,0.025425,,,
top_5,2020-11-08,20,Vivint Houston Open,baseline,7398,"Schwartzel, Charl",110.0,213.0,CUT,,0.0231,,,
top_5,2020-11-08,20,Vivint Houston Open,baseline,7301,"Dufner, Jason",143.0,324.0,CUT,,0.0196,,,
top_5,2020-11-08,20,Vivint Houston Open,baseline,5768,"Hoffman, Charley",138.0,142.0,T29,,0.020125,,,
top_5,2020-11-08,20,Vivint Houston Open,baseline,11451,"Garnett, Brice",122.0,255.0,T50,,0.021575,,,
top_5,2020-11-08,20,Vivint Houston Open,baseline,13022,"Stuard, Brian",140.0,163.0,T50,,0.0202,,,
top_5,2020-11-08,20,Vivint Houston Open,baseline,11952,"Grace, Branden",166.0,124.0,CUT,,0.019,,,
top_5,2020-11-08,20,Vivint Houston Open,baseline,17365,"Mitchell, Keith",170.0,152.0,CUT,,0.023325,,,
top_5,2020-11-08,20,Vivint Houston Open,baseline,12920,"Willett, Danny",175.0,56.0,WD,,0.019875,,,
top_5,2020-11-08,20,Vivint Houston Open,baseline,26660,"Gordon, Will",191.0,219.0,T38,,0.019975,,,
top_5,2020-11-08,20,Vivint Houston Open,baseline,18635,"Shelton, Robby",181.0,156.0,CUT,,0.01815,,,
top_5,2020-11-08,20,Vivint Houston Open,baseline,6930,"Taylor, Vaughn",147.0,159.0,CUT,,0.0181,,,
top_5,2020-11-08,20,Vivint Houston Open,baseline,12423,"Kirk, Chris",196.0,306.0,T44,,0.016975,,,
top_5,2020-11-08,20,Vivint Houston Open,baseline,16715,"Ryder, Sam",187.0,266.0,CUT,,0.016875,,,
top_5,2020-11-08,20,Vivint Houston Open,baseline,14606,"Huh, John",149.0,9999.0,T48,,0.016125,,,
top_5,2020-11-08,20,Vivint Houston Open,baseline,10886,"Harding, Justin",198.0,137.0,T38,,0.015225,,,
top_5,2020-11-08,20,Vivint Houston Open,baseline,15475,"Pan, C.T.",174.0,169.0,T58,,0.015875,,,
top_5,2020-11-08,20,Vivint Houston Open,baseline,12946,"Thompson, Michael",229.0,117.0,T15,,0.014275,,,
top_5,2020-11-08,20,Vivint Houston Open,baseline,11082,"Burgoon, Bronson",176.0,353.0,CUT,,0.014475,,,
top_5,2020-11-08,20,Vivint Houston Open,baseline,13305,"Chappell, Kevin",173.0,9999.0,T61,,0.0135,,,
top_5,2020-11-08,20,Vivint Houston Open,baseline,14655,"Murray, Grayson",313.0,9999.0,CUT,,0.01215,,,
top_5,2020-11-08,20,Vivint Houston Open,baseline,21237,"Hickok, Kramer",247.0,337.0,T58,,0.012725,,,
top_5,2020-11-08,20,Vivint Houston Open,baseline,10943,"Lashley, Nate",188.0,112.0,T38,,0.011575,,,
top_5,2020-11-08,20,Vivint Houston Open,baseline,8469,"Armour, Ryan",210.0,207.0,CUT,,0.0104,,,
top_5,2020-11-08,20,Vivint Houston Open,baseline,7626,"O'Hair, Sean",257.0,9999.0,T66,,0.009775,,,
top_5,2020-11-08,20,Vivint Houston Open,baseline,14704,"Putnam, Andrew",171.0,149.0,CUT,,0.01095,,,
top_5,2020-11-08,20,Vivint Houston Open,baseline,14706,"Swafford, Hudson",261.0,176.0,CUT,,0.0086,,,
top_5,2020-11-08,20,Vivint Houston Open,baseline,13127,"Tway, Kevin",282.0,292.0,CUT,,0.009975,,,
top_5,2020-11-08,20,Vivint Houston Open,baseline,7340,"Hearn, David",162.0,446.0,CUT,,0.00985,,,
top_5,2020-11-08,20,Vivint Houston Open,baseline,7548,"McDowell, Graeme",243.0,65.0,T44,,0.0097,,,
top_5,2020-11-08,20,Vivint Houston Open,baseline,10252,"DeLaet, Graham",,,WD,,0.007775,,,
top_5,2020-11-08,20,Vivint Houston Open,baseline,8571,"Gomez, Fabian",262.0,279.0,T32,,0.0069,,,
top_5,2020-11-08,20,Vivint Houston Open,baseline,13470,"Kizzire, Patton",223.0,316.0,T11,,0.00805,,,
top_5,2020-11-08,20,Vivint Houston Open,baseline,14799,"Barnes, Erik",265.0,9999.0,T38,,0.00825,,,
top_5,2020-11-08,20,Vivint Houston Open,baseline,14081,"Hoag, Bo",230.0,320.0,CUT,,0.008475,,,
top_5,2020-11-08,20,Vivint Houston Open,baseline,11382,"Lovemark, Jamie",358.0,9999.0,T64,,0.005875,,,
top_5,2020-11-08,20,Vivint Houston Open,baseline,8479,"Harrington, Scott",272.0,293.0,T66,,0.006625,,,
top_5,2020-11-08,20,Vivint Houston Open,baseline,13497,"Lee, Kyounghoon",264.0,237.0,CUT,,0.008525,,,
top_5,2020-11-08,20,Vivint Houston Open,baseline,5716,"Harrington, Padraig",235.0,321.0,T32,,0.0064,,,
top_5,2020-11-08,20,Vivint Houston Open,baseline,9171,"Villegas, Camilo",,,CUT,,0.00455,,,
top_5,2020-11-08,20,Vivint Houston Open,baseline,11330,"Brown, Scott",384.0,221.0,T24,,0.004825,,,
top_5,2020-11-08,20,Vivint Houston Open,baseline,7881,"Kang, Sung",440.0,77.0,CUT,,0.004875,,,
top_5,2020-11-08,20,Vivint Houston Open,baseline,15852,"Kraft, Kelly",387.0,390.0,CUT,,0.004475,,,
top_5,2020-11-08,20,Vivint Houston Open,baseline,4163,"Donald, Luke",365.0,453.0,CUT,,0.003425,,,
top_5,2020-11-08,20,Vivint Houston Open,baseline,7293,"Walker, Jimmy",303.0,397.0,CUT,,0.005,,,
top_5,2020-11-08,20,Vivint Houston Open,baseline,9883,"Van Der Walt, Dawie",317.0,9999.0,T20,,0.005675,,,
top_5,2020-11-08,20,Vivint Houston Open,baseline,8769,"Potter Jr, Ted",405.0,407.0,CUT,,0.00415,,,
top_5,2020-11-08,20,Vivint Houston Open,baseline,27183,"Salinda, Isaiah",460.0,9999.0,T50,,0.002075,,,
top_5,2020-11-08,20,Vivint Houston Open,baseline,13531,"Kodaira, Satoshi",,,T38,,0.00115,,,
top_5,2020-11-08,20,Vivint Houston Open,baseline,19618,"Fidone, Sam",,,CUT,,0.0008,,,
top_5,2020-11-08,20,Vivint Houston Open,baseline,6457,"Van Pelt, Bo",,,CUT,,0.0004,,,
top_5,2020-11-08,20,Vivint Houston Open,baseline,7636,"Mahan, Hunter",,,CUT,,0.000575,,,
top_5,2020-11-08,20,Vivint Houston Open,baseline,5625,"Chalmers, Greg",,,T50,,0.0004,,,
top_5,2020-11-08,20,Vivint Houston Open,baseline,17543,"Kim, Michael",,,CUT,,0.0003,,,
top_5,2020-11-08,20,Vivint Houston Open,baseline,9313,"Willman, Ben",,,CUT,,0.0,,,
top_5,2020-11-08,20,Vivint Houston Open,baseline,6761,"Points, D.A.",,,CUT,,5e-05,,,
top_5,2020-11-08,20,Vivint Houston Open,baseline,15634,"Trainer, Martin",,,CUT,,2.5e-05,,,
top_5,2020-11-08,20,Vivint Houston Open,baseline,27971,"Hogan, Kyle",,,CUT,,0.0,,,
top_5,2020-11-08,20,Vivint Houston Open,baseline,7602,"Stadler, Kevin",,,CUT,,0.00015,,,
top_10,2020-11-08,20,Vivint Houston Open,baseline,12422,"Johnson, Dustin",4.0,1.0,T2,,,0.43575,,
top_10,2020-11-08,20,Vivint Houston Open,baseline,14796,"Hatton, Tyrrell",9.0,10.0,T7,,,0.3334,,
top_10,2020-11-08,20,Vivint Houston Open,baseline,13562,"Matsuyama, Hideki",14.0,20.0,T2,,,0.3139,,
top_10,2020-11-08,20,Vivint Houston Open,baseline,18417,"Scheffler, Scottie",17.0,30.0,T32,,,0.312675,,
top_10,2020-11-08,20,Vivint Houston Open,baseline,11676,"Finau, Tony",13.0,17.0,T24,,,0.2883,,
top_10,2020-11-08,20,Vivint Houston Open,baseline,17488,"Im, Sungjae",30.0,23.0,T50,,,0.27025,,
top_10,2020-11-08,20,Vivint Houston Open,baseline,18841,"Hovland, Viktor",19.0,24.0,T15,,,0.2579,,
top_10,2020-11-08,20,Vivint Houston Open,baseline,16243,"Koepka, Brooks",29.0,12.0,T5,,,0.223725,,
top_10,2020-11-08,20,Vivint Houston Open,baseline,9771,"Day, Jason",36.0,43.0,T7,,,0.212925,,
top_10,2020-11-08,20,Vivint Houston Open,baseline,14578,"Henley, Russell",18.0,61.0,T29,,,0.209325,,
top_10,2020-11-08,20,Vivint Houston Open,baseline,6430,"Scott, Adam",21.0,15.0,T32,,,0.198925,,
top_10,2020-11-08,20,Vivint Houston Open,baseline,5689,"Garcia, Sergio",43.0,40.0,CUT,,,0.176425,,
top_10,2020-11-08,20,Vivint Houston Open,baseline,14609,"Kim, Si Woo",56.0,88.0,CUT,,,0.14745,,
top_10,2020-11-08,20,Vivint Houston Open,baseline,8825,"Harman, Brian",33.0,92.0,T24,,,0.1533,,
top_10,2020-11-08,20,Vivint Houston Open,baseline,17576,"Conners, Corey",46.0,69.0,T24,,,0.147725,,
top_10,2020-11-08,20,Vivint Houston Open,baseline,17550,"Van Rooyen, Erik",52.0,52.0,T20,,,0.1417,,
top_10,2020-11-08,20,Vivint Houston Open,baseline,13900,"Lowry, Shane",64.0,29.0,T11,,,0.13465,,
top_10,2020-11-08,20,Vivint Houston Open,baseline,24481,"Redman, Doc",51.0,76.0,T61,,,0.1205,,
top_10,2020-11-08,20,Vivint Houston Open,baseline,16602,"Varner III, Harold",59.0,121.0,T15,,,0.1295,,
top_10,2020-11-08,20,Vivint Houston Open,baseline,8480,"Streelman, Kevin",44.0,49.0,CUT,,,0.118475,,
top_10,2020-11-08,20,Vivint Houston Open,baseline,15330,"Griffin, Lanto",39.0,55.0,T58,,,0.127,,
top_10,2020-11-08,20,Vivint Houston Open,baseline,18580,"Gooch, Talor",60.0,108.0,4,,,0.1173,,
top_10,2020-11-08,20,Vivint Houston Open,baseline,6986,"Johnson, Zach",34.0,123.0,T50,,,0.1209,,
top_10,2020-11-08,20,Vivint Houston Open,baseline,11955,"Frittelli, Dylan",70.0,97.0,CUT,,,0.11825,,
top_10,2020-11-08,20,Vivint Houston Open,baseline,19483,"Burns, Sam",78.0,179.0,T7,,,0.115475,,
top_10,2020-11-08,20,Vivint Houston Open,baseline,17786,"Davis, Cameron",63.0,204.0,68,,,0.107425,,
top_10,2020-11-08,20,Vivint Houston Open,baseline,19870,"McCarthy, Denny",57.0,182.0,T38,,,0.10815,,
top_10,2020-11-08,20,Vivint Houston Open,baseline,12808,"Grillo, Emiliano",80.0,161.0,CUT,,,0.10355,,
top_10,2020-11-08,20,Vivint Houston Open,baseline,14636,"Spieth, Jordan",96.0,75.0,CUT,,,0.101975,,
top_10,2020-11-08,20,Vivint Houston Open,baseline,13872,"Bradley, Keegan",82.0,122.0,CUT,,,0.107975,,
top_10,2020-11-08,20,Vivint Houston Open,baseline,15556,"Hughes, Mackenzie",50.0,53.0,T7,,,0.087575,,
top_10,2020-11-08,20,Vivint Houston Open,baseline,19477,"Schenk, Adam",81.0,217.0,CUT,,,0.09235,,
top_10,2020-11-08,20,Vivint Houston Open,baseline,18187,"Duncan, Tyler",77.0,136.0,CUT,,,0.093775,,
top_10,2020-11-08,20,Vivint Houston Open,baseline,7399,"Glover, Lucas",98.0,114.0,CUT,,,0.092975,,
top_10,2020-11-08,20,Vivint Houston Open,baseline,21554,"Poston, J.T.",65.0,64.0,T20,,,0.0955,,
top_10,2020-11-08,20,Vivint Houston Open,baseline,8820,"Snedeker, Brandt",93.0,84.0,T44,,,0.0844,,
top_10,2020-11-08,20,Vivint Houston Open,baseline,14013,"Tringale, Cameron",71.0,183.0,T29,,,0.0811,,
top_10,2020-11-08,20,Vivint Houston Open,baseline,10419,"Noren, Alex",62.0,90.0,CUT,,,0.090325,,
top_10,2020-11-08,20,Vivint Houston Open,baseline,11826,"Lee, Danny",120.0,118.0,CUT,,,0.07955,,
top_10,2020-11-08,20,Vivint Houston Open,baseline,14735,"Ortiz, Carlos",92.0,160.0,1,,,0.0823,,
top_10,2020-11-08,20,Vivint Houston Open,baseline,7960,"List, Luke",129.0,151.0,CUT,,,0.0806,,
top_10,2020-11-08,20,Vivint Houston Open,baseline,22051,"Wise, Aaron",103.0,246.0,T11,,,0.082475,,
top_10,2020-11-08,20,Vivint Houston Open,baseline,17511,"Straka, Sepp",88.0,164.0,T5,,,0.082525,,
top_10,2020-11-08,20,Vivint Houston Open,baseline,5994,"Stenson, Henrik",68.0,54.0,CUT,,,0.081325,,
top_10,2020-11-08,20,Vivint Houston Open,baseline,15473,"Long, Adam",104.0,79.0,T11,,,0.075975,,
top_10,2020-11-08,20,Vivint Houston Open,baseline,4052,"Westwood, Lee",83.0,46.0,CUT,,,0.072325,,
top_10,2020-11-08,20,Vivint Houston Open,baseline,9586,"Laird, Martin",119.0,85.0,CUT,,,0.073925,,
top_10,2020-11-08,20,Vivint Houston Open,baseline,15651,"Ventura, Kristoffer",107.0,148.0,T64,,,0.069725,,
top_10,2020-11-08,20,Vivint Houston Open,baseline,17538,"Homa, Max",121.0,96.0,T48,,,0.0747,,
top_10,2020-11-08,20,Vivint Houston Open,baseline,16433,"NeSmith, Matthew",99.0,195.0,CUT,,,0.074475,,
top_10,2020-11-08,20,Vivint Houston Open,baseline,15164,"Lewis, Tom",139.0,66.0,CUT,,,0.065625,,
top_10,2020-11-08,20,Vivint Houston Open,baseline,7899,"Piercy, Scott",114.0,143.0,T32,,,0.0676,,
top_10,2020-11-08,20,Vivint Houston Open,baseline,15575,"Hoge, Tom",75.0,135.0,CUT,,,0.070675,,
top_10,2020-11-08,20,Vivint Houston Open,baseline,6762,"Perez, Pat",84.0,174.0,CUT,,,0.06955,,
top_10,2020-11-08,20,Vivint Houston Open,baseline,23604,"Clark, Wyndham",116.0,139.0,CUT,,,0.0659,,
top_10,2020-11-08,20,Vivint Houston Open,baseline,16333,"Hubbard, Mark",86.0,126.0,T50,,,0.069925,,
top_10,2020-11-08,20,Vivint Houston Open,baseline,13831,"Knox, Russell",133.0,222.0,T15,,,0.0653,,
top_10,2020-11-08,20,Vivint Houston Open,baseline,11374,"Hahn, James",89.0,238.0,T50,,,0.0718,,
top_10,2020-11-08,20,Vivint Houston Open,baseline,18634,"McNealy, Maverick",95.0,184.0,T20,,,0.0639,,
top_10,2020-11-08,20,Vivint Houston Open,baseline,11657,"Norlander, Henrik",117.0,150.0,CUT,,,0.06425,,
top_10,2020-11-08,20,Vivint Houston Open,baseline,6283,"Sabbatini, Rory",87.0,107.0,WD,,,0.062925,,
top_10,2020-11-08,20,Vivint Houston Open,baseline,12359,"Stallings, Scott",97.0,220.0,CUT,,,0.062075,,
top_10,2020-11-08,20,Vivint Houston Open,baseline,18662,"Schniederjans, Ollie",125.0,297.0,CUT,,,0.05965,,
top_10,2020-11-08,20,Vivint Houston Open,baseline,8605,"Jones, Matt",91.0,98.0,63,,,0.065475,,
top_10,2020-11-08,20,Vivint Houston Open,baseline,16283,"Rodgers, Patrick",164.0,210.0,CUT,,,0.0584,,
top_10,2020-11-08,20,Vivint Houston Open,baseline,13508,"Vegas, Jhonattan",159.0,206.0,T44,,,0.0578,,
top_10,2020-11-08,20,Vivint Houston Open,baseline,1547,"Mickelson, Phil",109.0,60.0,CUT,,,0.05555,,
top_10,2020-11-08,20,Vivint Houston Open,baseline,13026,"Zhang, Xinjun",126.0,155.0,CUT,,,0.053375,,
top_10,2020-11-08,20,Vivint Houston Open,baseline,13367,"Merritt, Troy",124.0,140.0,T32,,,0.0546,,
top_10,2020-11-08,20,Vivint Houston Open,baseline,7655,"Molinari, Francesco",161.0,87.0,T15,,,0.051825,,
top_10,2020-11-08,20,Vivint Houston Open,baseline,5665,"Cink, Stewart",85.0,130.0,CUT,,,0.057475,,
top_10,2020-11-08,20,Vivint Houston Open,baseline,18579,"Cook, Austin",163.0,192.0,T24,,,0.053625,,
top_10,2020-11-08,20,Vivint Houston Open,baseline,14000,"Landry, Andrew",156.0,129.0,CUT,,,0.05105,,
top_10,2020-11-08,20,Vivint Houston Open,baseline,15470,"Hossler, Beau",146.0,257.0,CUT,,,0.0587,,
top_10,2020-11-08,20,Vivint Houston Open,baseline,7398,"Schwartzel, Charl",110.0,213.0,CUT,,,0.0527,,
top_10,2020-11-08,20,Vivint Houston Open,baseline,7301,"Dufner, Jason",143.0,324.0,CUT,,,0.046825,,
top_10,2020-11-08,20,Vivint Houston Open,baseline,5768,"Hoffman, Charley",138.0,142.0,T29,,,0.046675,,
top_10,2020-11-08,20,Vivint Houston Open,baseline,11451,"Garnett, Brice",122.0,255.0,T50,,,0.051225,,
top_10,2020-11-08,20,Vivint Houston Open,baseline,13022,"Stuard, Brian",140.0,163.0,T50,,,0.049525,,
top_10,2020-11-08,20,Vivint Houston Open,baseline,11952,"Grace, Branden",166.0,124.0,CUT,,,0.046525,,
top_10,2020-11-08,20,Vivint Houston Open,baseline,17365,"Mitchell, Keith",170.0,152.0,CUT,,,0.0536,,
top_10,2020-11-08,20,Vivint Houston Open,baseline,12920,"Willett, Danny",175.0,56.0,WD,,,0.04835,,
top_10,2020-11-08,20,Vivint Houston Open,baseline,26660,"Gordon, Will",191.0,219.0,T38,,,0.047975,,
top_10,2020-11-08,20,Vivint Houston Open,baseline,18635,"Shelton, Robby",181.0,156.0,CUT,,,0.0432,,
top_10,2020-11-08,20,Vivint Houston Open,baseline,6930,"Taylor, Vaughn",147.0,159.0,CUT,,,0.0457,,
top_10,2020-11-08,20,Vivint Houston Open,baseline,12423,"Kirk, Chris",196.0,306.0,T44,,,0.041425,,
top_10,2020-11-08,20,Vivint Houston Open,baseline,16715,"Ryder, Sam",187.0,266.0,CUT,,,0.0409,,
top_10,2020-11-08,20,Vivint Houston Open,baseline,14606,"Huh, John",149.0,9999.0,T48,,,0.0403,,
top_10,2020-11-08,20,Vivint Houston Open,baseline,10886,"Harding, Justin",198.0,137.0,T38,,,0.036175,,
top_10,2020-11-08,20,Vivint Houston Open,baseline,15475,"Pan, C.T.",174.0,169.0,T58,,,0.039875,,
top_10,2020-11-08,20,Vivint Houston Open,baseline,12946,"Thompson, Michael",229.0,117.0,T15,,,0.034175,,
top_10,2020-11-08,20,Vivint Houston Open,baseline,11082,"Burgoon, Bronson",176.0,353.0,CUT,,,0.0366,,
top_10,2020-11-08,20,Vivint Houston Open,baseline,13305,"Chappell, Kevin",173.0,9999.0,T61,,,0.032725,,
top_10,2020-11-08,20,Vivint Houston Open,baseline,14655,"Murray, Grayson",313.0,9999.0,CUT,,,0.030375,,
top_10,2020-11-08,20,Vivint Houston Open,baseline,21237,"Hickok, Kramer",247.0,337.0,T58,,,0.0326,,
top_10,2020-11-08,20,Vivint Houston Open,baseline,10943,"Lashley, Nate",188.0,112.0,T38,,,0.0305,,
top_10,2020-11-08,20,Vivint Houston Open,baseline,8469,"Armour, Ryan",210.0,207.0,CUT,,,0.0284,,
top_10,2020-11-08,20,Vivint Houston Open,baseline,7626,"O'Hair, Sean",257.0,9999.0,T66,,,0.0252,,
top_10,2020-11-08,20,Vivint Houston Open,baseline,14704,"Putnam, Andrew",171.0,149.0,CUT,,,0.028875,,
top_10,2020-11-08,20,Vivint Houston Open,baseline,14706,"Swafford, Hudson",261.0,176.0,CUT,,,0.0225,,
top_10,2020-11-08,20,Vivint Houston Open,baseline,13127,"Tway, Kevin",282.0,292.0,CUT,,,0.0259,,
top_10,2020-11-08,20,Vivint Houston Open,baseline,7340,"Hearn, David",162.0,446.0,CUT,,,0.0269,,
top_10,2020-11-08,20,Vivint Houston Open,baseline,7548,"McDowell, Graeme",243.0,65.0,T44,,,0.025575,,
top_10,2020-11-08,20,Vivint Houston Open,baseline,10252,"DeLaet, Graham",,,WD,,,0.02085,,
top_10,2020-11-08,20,Vivint Houston Open,baseline,8571,"Gomez, Fabian",262.0,279.0,T32,,,0.019575,,
top_10,2020-11-08,20,Vivint Houston Open,baseline,13470,"Kizzire, Patton",223.0,316.0,T11,,,0.021925,,
top_10,2020-11-08,20,Vivint Houston Open,baseline,14799,"Barnes, Erik",265.0,9999.0,T38,,,0.02275,,
top_10,2020-11-08,20,Vivint Houston Open,baseline,14081,"Hoag, Bo",230.0,320.0,CUT,,,0.0227,,
top_10,2020-11-08,20,Vivint Houston Open,baseline,11382,"Lovemark, Jamie",358.0,9999.0,T64,,,0.01565,,
top_10,2020-11-08,20,Vivint Houston Open,baseline,8479,"Harrington, Scott",272.0,293.0,T66,,,0.01885,,
top_10,2020-11-08,20,Vivint Houston Open,baseline,13497,"Lee, Kyounghoon",264.0,237.0,CUT,,,0.02455,,
top_10,2020-11-08,20,Vivint Houston Open,baseline,5716,"Harrington, Padraig",235.0,321.0,T32,,,0.018475,,
top_10,2020-11-08,20,Vivint Houston Open,baseline,9171,"Villegas, Camilo",,,CUT,,,0.012425,,
top_10,2020-11-08,20,Vivint Houston Open,baseline,11330,"Brown, Scott",384.0,221.0,T24,,,0.01395,,
top_10,2020-11-08,20,Vivint Houston Open,baseline,7881,"Kang, Sung",440.0,77.0,CUT,,,0.01345,,
top_10,2020-11-08,20,Vivint Houston Open,baseline,15852,"Kraft, Kelly",387.0,390.0,CUT,,,0.011525,,
top_10,2020-11-08,20,Vivint Houston Open,baseline,4163,"Donald, Luke",365.0,453.0,CUT,,,0.010725,,
top_10,2020-11-08,20,Vivint Houston Open,baseline,7293,"Walker, Jimmy",303.0,397.0,CUT,,,0.014875,,
top_10,2020-11-08,20,Vivint Houston Open,baseline,9883,"Van Der Walt, Dawie",317.0,9999.0,T20,,,0.01525,,
top_10,2020-11-08,20,Vivint Houston Open,baseline,8769,"Potter Jr, Ted",405.0,407.0,CUT,,,0.0115,,
top_10,2020-11-08,20,Vivint Houston Open,baseline,27183,"Salinda, Isaiah",460.0,9999.0,T50,,,0.007275,,
top_10,2020-11-08,20,Vivint Houston Open,baseline,13531,"Kodaira, Satoshi",,,T38,,,0.0036,,
top_10,2020-11-08,20,Vivint Houston Open,baseline,19618,"Fidone, Sam",,,CUT,,,0.00235,,
top_10,2020-11-08,20,Vivint Houston Open,baseline,6457,"Van Pelt, Bo",,,CUT,,,0.001225,,
top_10,2020-11-08,20,Vivint Houston Open,baseline,7636,"Mahan, Hunter",,,CUT,,,0.002025,,
top_10,2020-11-08,20,Vivint Houston Open,baseline,5625,"Chalmers, Greg",,,T50,,,0.001575,,
top_10,2020-11-08,20,Vivint Houston Open,baseline,17543,"Kim, Michael",,,CUT,,,0.00085,,
top_10,2020-11-08,20,Vivint Houston Open,baseline,9313,"Willman, Ben",,,CUT,,,2.5e-05,,
top_10,2020-11-08,20,Vivint Houston Open,baseline,6761,"Points, D.A.",,,CUT,,,0.0003,,
top_10,2020-11-08,20,Vivint Houston Open,baseline,15634,"Trainer, Martin",,,CUT,,,7.5e-05,,
top_10,2020-11-08,20,Vivint Houston Open,baseline,27971,"Hogan, Kyle",,,CUT,,,0.00025,,
top_10,2020-11-08,20,Vivint Houston Open,baseline,7602,"Stadler, Kevin",,,CUT,,,0.000375,,
top_20,2020-11-08,20,Vivint Houston Open,baseline,12422,"Johnson, Dustin",4.0,1.0,T2,,,,0.601475,
top_20,2020-11-08,20,Vivint Houston Open,baseline,14796,"Hatton, Tyrrell",9.0,10.0,T7,,,,0.503,
top_20,2020-11-08,20,Vivint Houston Open,baseline,13562,"Matsuyama, Hideki",14.0,20.0,T2,,,,0.482325,
top_20,2020-11-08,20,Vivint Houston Open,baseline,18417,"Scheffler, Scottie",17.0,30.0,T32,,,,0.475025,
top_20,2020-11-08,20,Vivint Houston Open,baseline,11676,"Finau, Tony",13.0,17.0,T24,,,,0.45245,
top_20,2020-11-08,20,Vivint Houston Open,baseline,17488,"Im, Sungjae",30.0,23.0,T50,,,,0.434175,
top_20,2020-11-08,20,Vivint Houston Open,baseline,18841,"Hovland, Viktor",19.0,24.0,T15,,,,0.41685,
top_20,2020-11-08,20,Vivint Houston Open,baseline,16243,"Koepka, Brooks",29.0,12.0,T5,,,,0.378875,
top_20,2020-11-08,20,Vivint Houston Open,baseline,9771,"Day, Jason",36.0,43.0,T7,,,,0.362075,
top_20,2020-11-08,20,Vivint Houston Open,baseline,14578,"Henley, Russell",18.0,61.0,T29,,,,0.3584,
top_20,2020-11-08,20,Vivint Houston Open,baseline,6430,"Scott, Adam",21.0,15.0,T32,,,,0.346125,
top_20,2020-11-08,20,Vivint Houston Open,baseline,5689,"Garcia, Sergio",43.0,40.0,CUT,,,,0.319225,
top_20,2020-11-08,20,Vivint Houston Open,baseline,14609,"Kim, Si Woo",56.0,88.0,CUT,,,,0.27085,
top_20,2020-11-08,20,Vivint Houston Open,baseline,8825,"Harman, Brian",33.0,92.0,T24,,,,0.2856,
top_20,2020-11-08,20,Vivint Houston Open,baseline,17576,"Conners, Corey",46.0,69.0,T24,,,,0.278075,
top_20,2020-11-08,20,Vivint Houston Open,baseline,17550,"Van Rooyen, Erik",52.0,52.0,T20,,,,0.267925,
top_20,2020-11-08,20,Vivint Houston Open,baseline,13900,"Lowry, Shane",64.0,29.0,T11,,,,0.255725,
top_20,2020-11-08,20,Vivint Houston Open,baseline,24481,"Redman, Doc",51.0,76.0,T61,,,,0.232775,
top_20,2020-11-08,20,Vivint Houston Open,baseline,16602,"Varner III, Harold",59.0,121.0,T15,,,,0.250975,
top_20,2020-11-08,20,Vivint Houston Open,baseline,8480,"Streelman, Kevin",44.0,49.0,CUT,,,,0.2277,
top_20,2020-11-08,20,Vivint Houston Open,baseline,15330,"Griffin, Lanto",39.0,55.0,T58,,,,0.2435,
top_20,2020-11-08,20,Vivint Houston Open,baseline,18580,"Gooch, Talor",60.0,108.0,4,,,,0.22745,
top_20,2020-11-08,20,Vivint Houston Open,baseline,6986,"Johnson, Zach",34.0,123.0,T50,,,,0.23495,
top_20,2020-11-08,20,Vivint Houston Open,baseline,11955,"Frittelli, Dylan",70.0,97.0,CUT,,,,0.23645,
top_20,2020-11-08,20,Vivint Houston Open,baseline,19483,"Burns, Sam",78.0,179.0,T7,,,,0.226975,
top_20,2020-11-08,20,Vivint Houston Open,baseline,17786,"Davis, Cameron",63.0,204.0,68,,,,0.21615,
top_20,2020-11-08,20,Vivint Houston Open,baseline,19870,"McCarthy, Denny",57.0,182.0,T38,,,,0.224525,
top_20,2020-11-08,20,Vivint Houston Open,baseline,12808,"Grillo, Emiliano",80.0,161.0,CUT,,,,0.2106,
top_20,2020-11-08,20,Vivint Houston Open,baseline,14636,"Spieth, Jordan",96.0,75.0,CUT,,,,0.2075,
top_20,2020-11-08,20,Vivint Houston Open,baseline,13872,"Bradley, Keegan",82.0,122.0,CUT,,,,0.215175,
top_20,2020-11-08,20,Vivint Houston Open,baseline,15556,"Hughes, Mackenzie",50.0,53.0,T7,,,,0.1807,
top_20,2020-11-08,20,Vivint Houston Open,baseline,19477,"Schenk, Adam",81.0,217.0,CUT,,,,0.192775,
top_20,2020-11-08,20,Vivint Houston Open,baseline,18187,"Duncan, Tyler",77.0,136.0,CUT,,,,0.19225,
top_20,2020-11-08,20,Vivint Houston Open,baseline,7399,"Glover, Lucas",98.0,114.0,CUT,,,,0.1933,
top_20,2020-11-08,20,Vivint Houston Open,baseline,21554,"Poston, J.T.",65.0,64.0,T20,,,,0.198075,
top_20,2020-11-08,20,Vivint Houston Open,baseline,8820,"Snedeker, Brandt",93.0,84.0,T44,,,,0.178325,
top_20,2020-11-08,20,Vivint Houston Open,baseline,14013,"Tringale, Cameron",71.0,183.0,T29,,,,0.17855,
top_20,2020-11-08,20,Vivint Houston Open,baseline,10419,"Noren, Alex",62.0,90.0,CUT,,,,0.187575,
top_20,2020-11-08,20,Vivint Houston Open,baseline,11826,"Lee, Danny",120.0,118.0,CUT,,,,0.171525,
top_20,2020-11-08,20,Vivint Houston Open,baseline,14735,"Ortiz, Carlos",92.0,160.0,1,,,,0.177775,
top_20,2020-11-08,20,Vivint Houston Open,baseline,7960,"List, Luke",129.0,151.0,CUT,,,,0.172875,
top_20,2020-11-08,20,Vivint Houston Open,baseline,22051,"Wise, Aaron",103.0,246.0,T11,,,,0.181325,
top_20,2020-11-08,20,Vivint Houston Open,baseline,17511,"Straka, Sepp",88.0,164.0,T5,,,,0.1754,
top_20,2020-11-08,20,Vivint Houston Open,baseline,5994,"Stenson, Henrik",68.0,54.0,CUT,,,,0.175125,
top_20,2020-11-08,20,Vivint Houston Open,baseline,15473,"Long, Adam",104.0,79.0,T11,,,,0.16285,
top_20,2020-11-08,20,Vivint Houston Open,baseline,4052,"Westwood, Lee",83.0,46.0,CUT,,,,0.159475,
top_20,2020-11-08,20,Vivint Houston Open,baseline,9586,"Laird, Martin",119.0,85.0,CUT,,,,0.16175,
top_20,2020-11-08,20,Vivint Houston Open,baseline,15651,"Ventura, Kristoffer",107.0,148.0,T64,,,,0.155,
top_20,2020-11-08,20,Vivint Houston Open,baseline,17538,"Homa, Max",121.0,96.0,T48,,,,0.159375,
top_20,2020-11-08,20,Vivint Houston Open,baseline,16433,"NeSmith, Matthew",99.0,195.0,CUT,,,,0.161925,
top_20,2020-11-08,20,Vivint Houston Open,baseline,15164,"Lewis, Tom",139.0,66.0,CUT,,,,0.142325,
top_20,2020-11-08,20,Vivint Houston Open,baseline,7899,"Piercy, Scott",114.0,143.0,T32,,,,0.15165,
top_20,2020-11-08,20,Vivint Houston Open,baseline,15575,"Hoge, Tom",75.0,135.0,CUT,,,,0.15935,
top_20,2020-11-08,20,Vivint Houston Open,baseline,6762,"Perez, Pat",84.0,174.0,CUT,,,,0.156325,
top_20,2020-11-08,20,Vivint Houston Open,baseline,23604,"Clark, Wyndham",116.0,139.0,CUT,,,,0.149125,
top_20,2020-11-08,20,Vivint Houston Open,baseline,16333,"Hubbard, Mark",86.0,126.0,T50,,,,0.156225,
top_20,2020-11-08,20,Vivint Houston Open,baseline,13831,"Knox, Russell",133.0,222.0,T15,,,,0.14875,
top_20,2020-11-08,20,Vivint Houston Open,baseline,11374,"Hahn, James",89.0,238.0,T50,,,,0.15765,
top_20,2020-11-08,20,Vivint Houston Open,baseline,18634,"McNealy, Maverick",95.0,184.0,T20,,,,0.1435,
top_20,2020-11-08,20,Vivint Houston Open,baseline,11657,"Norlander, Henrik",117.0,150.0,CUT,,,,0.14515,
top_20,2020-11-08,20,Vivint Houston Open,baseline,6283,"Sabbatini, Rory",87.0,107.0,WD,,,,0.14375,
top_20,2020-11-08,20,Vivint Houston Open,baseline,12359,"Stallings, Scott",97.0,220.0,CUT,,,,0.1401,
top_20,2020-11-08,20,Vivint Houston Open,baseline,18662,"Schniederjans, Ollie",125.0,297.0,CUT,,,,0.136525,
top_20,2020-11-08,20,Vivint Houston Open,baseline,8605,"Jones, Matt",91.0,98.0,63,,,,0.148525,
top_20,2020-11-08,20,Vivint Houston Open,baseline,16283,"Rodgers, Patrick",164.0,210.0,CUT,,,,0.1343,
top_20,2020-11-08,20,Vivint Houston Open,baseline,13508,"Vegas, Jhonattan",159.0,206.0,T44,,,,0.135025,
top_20,2020-11-08,20,Vivint Houston Open,baseline,1547,"Mickelson, Phil",109.0,60.0,CUT,,,,0.125275,
top_20,2020-11-08,20,Vivint Houston Open,baseline,13026,"Zhang, Xinjun",126.0,155.0,CUT,,,,0.126775,
top_20,2020-11-08,20,Vivint Houston Open,baseline,13367,"Merritt, Troy",124.0,140.0,T32,,,,0.127625,
top_20,2020-11-08,20,Vivint Houston Open,baseline,7655,"Molinari, Francesco",161.0,87.0,T15,,,,0.1234,
top_20,2020-11-08,20,Vivint Houston Open,baseline,5665,"Cink, Stewart",85.0,130.0,CUT,,,,0.1331,
top_20,2020-11-08,20,Vivint Houston Open,baseline,18579,"Cook, Austin",163.0,192.0,T24,,,,0.125375,
top_20,2020-11-08,20,Vivint Houston Open,baseline,14000,"Landry, Andrew",156.0,129.0,CUT,,,,0.12065,
top_20,2020-11-08,20,Vivint Houston Open,baseline,15470,"Hossler, Beau",146.0,257.0,CUT,,,,0.1325,
top_20,2020-11-08,20,Vivint Houston Open,baseline,7398,"Schwartzel, Charl",110.0,213.0,CUT,,,,0.124875,
top_20,2020-11-08,20,Vivint Houston Open,baseline,7301,"Dufner, Jason",143.0,324.0,CUT,,,,0.107975,
top_20,2020-11-08,20,Vivint Houston Open,baseline,5768,"Hoffman, Charley",138.0,142.0,T29,,,,0.113975,
top_20,2020-11-08,20,Vivint Houston Open,baseline,11451,"Garnett, Brice",122.0,255.0,T50,,,,0.123675,
top_20,2020-11-08,20,Vivint Houston Open,baseline,13022,"Stuard, Brian",140.0,163.0,T50,,,,0.1144,
top_20,2020-11-08,20,Vivint Houston Open,baseline,11952,"Grace, Branden",166.0,124.0,CUT,,,,0.11295,
top_20,2020-11-08,20,Vivint Houston Open,baseline,17365,"Mitchell, Keith",170.0,152.0,CUT,,,,0.124325,
top_20,2020-11-08,20,Vivint Houston Open,baseline,12920,"Willett, Danny",175.0,56.0,WD,,,,0.113925,
top_20,2020-11-08,20,Vivint Houston Open,baseline,26660,"Gordon, Will",191.0,219.0,T38,,,,0.11365,
top_20,2020-11-08,20,Vivint Houston Open,baseline,18635,"Shelton, Robby",181.0,156.0,CUT,,,,0.103675,
top_20,2020-11-08,20,Vivint Houston Open,baseline,6930,"Taylor, Vaughn",147.0,159.0,CUT,,,,0.1099,
top_20,2020-11-08,20,Vivint Houston Open,baseline,12423,"Kirk, Chris",196.0,306.0,T44,,,,0.10345,
top_20,2020-11-08,20,Vivint Houston Open,baseline,16715,"Ryder, Sam",187.0,266.0,CUT,,,,0.103175,
top_20,2020-11-08,20,Vivint Houston Open,baseline,14606,"Huh, John",149.0,9999.0,T48,,,,0.099275,
top_20,2020-11-08,20,Vivint Houston Open,baseline,10886,"Harding, Justin",198.0,137.0,T38,,,,0.091425,
top_20,2020-11-08,20,Vivint Houston Open,baseline,15475,"Pan, C.T.",174.0,169.0,T58,,,,0.099325,
top_20,2020-11-08,20,Vivint Houston Open,baseline,12946,"Thompson, Michael",229.0,117.0,T15,,,,0.0878,
top_20,2020-11-08,20,Vivint Houston Open,baseline,11082,"Burgoon, Bronson",176.0,353.0,CUT,,,,0.09435,
top_20,2020-11-08,20,Vivint Houston Open,baseline,13305,"Chappell, Kevin",173.0,9999.0,T61,,,,0.087,
top_20,2020-11-08,20,Vivint Houston Open,baseline,14655,"Murray, Grayson",313.0,9999.0,CUT,,,,0.07735,
top_20,2020-11-08,20,Vivint Houston Open,baseline,21237,"Hickok, Kramer",247.0,337.0,T58,,,,0.084475,
top_20,2020-11-08,20,Vivint Houston Open,baseline,10943,"Lashley, Nate",188.0,112.0,T38,,,,0.081975,
top_20,2020-11-08,20,Vivint Houston Open,baseline,8469,"Armour, Ryan",210.0,207.0,CUT,,,,0.074175,
top_20,2020-11-08,20,Vivint Houston Open,baseline,7626,"O'Hair, Sean",257.0,9999.0,T66,,,,0.06825,
top_20,2020-11-08,20,Vivint Houston Open,baseline,14704,"Putnam, Andrew",171.0,149.0,CUT,,,,0.0761,
top_20,2020-11-08,20,Vivint Houston Open,baseline,14706,"Swafford, Hudson",261.0,176.0,CUT,,,,0.063275,
top_20,2020-11-08,20,Vivint Houston Open,baseline,13127,"Tway, Kevin",282.0,292.0,CUT,,,,0.071675,
top_20,2020-11-08,20,Vivint Houston Open,baseline,7340,"Hearn, David",162.0,446.0,CUT,,,,0.072925,
top_20,2020-11-08,20,Vivint Houston Open,baseline,7548,"McDowell, Graeme",243.0,65.0,T44,,,,0.067625,
top_20,2020-11-08,20,Vivint Houston Open,baseline,10252,"DeLaet, Graham",,,WD,,,,0.0587,
top_20,2020-11-08,20,Vivint Houston Open,baseline,8571,"Gomez, Fabian",262.0,279.0,T32,,,,0.055625,
top_20,2020-11-08,20,Vivint Houston Open,baseline,13470,"Kizzire, Patton",223.0,316.0,T11,,,,0.06105,
top_20,2020-11-08,20,Vivint Houston Open,baseline,14799,"Barnes, Erik",265.0,9999.0,T38,,,,0.06375,
top_20,2020-11-08,20,Vivint Houston Open,baseline,14081,"Hoag, Bo",230.0,320.0,CUT,,,,0.0645,
top_20,2020-11-08,20,Vivint Houston Open,baseline,11382,"Lovemark, Jamie",358.0,9999.0,T64,,,,0.046,
top_20,2020-11-08,20,Vivint Houston Open,baseline,8479,"Harrington, Scott",272.0,293.0,T66,,,,0.0527,
top_20,2020-11-08,20,Vivint Houston Open,baseline,13497,"Lee, Kyounghoon",264.0,237.0,CUT,,,,0.066475,
top_20,2020-11-08,20,Vivint Houston Open,baseline,5716,"Harrington, Padraig",235.0,321.0,T32,,,,0.05375,
top_20,2020-11-08,20,Vivint Houston Open,baseline,9171,"Villegas, Camilo",,,CUT,,,,0.0393,
top_20,2020-11-08,20,Vivint Houston Open,baseline,11330,"Brown, Scott",384.0,221.0,T24,,,,0.042,
top_20,2020-11-08,20,Vivint Houston Open,baseline,7881,"Kang, Sung",440.0,77.0,CUT,,,,0.04,
top_20,2020-11-08,20,Vivint Houston Open,baseline,15852,"Kraft, Kelly",387.0,390.0,CUT,,,,0.0351,
top_20,2020-11-08,20,Vivint Houston Open,baseline,4163,"Donald, Luke",365.0,453.0,CUT,,,,0.03255,
top_20,2020-11-08,20,Vivint Houston Open,baseline,7293,"Walker, Jimmy",303.0,397.0,CUT,,,,0.045725,
top_20,2020-11-08,20,Vivint Houston Open,baseline,9883,"Van Der Walt, Dawie",317.0,9999.0,T20,,,,0.04485,
top_20,2020-11-08,20,Vivint Houston Open,baseline,8769,"Potter Jr, Ted",405.0,407.0,CUT,,,,0.0349,
top_20,2020-11-08,20,Vivint Houston Open,baseline,27183,"Salinda, Isaiah",460.0,9999.0,T50,,,,0.0247,
top_20,2020-11-08,20,Vivint Houston Open,baseline,13531,"Kodaira, Satoshi",,,T38,,,,0.0124,
top_20,2020-11-08,20,Vivint Houston Open,baseline,19618,"Fidone, Sam",,,CUT,,,,0.008625,
top_20,2020-11-08,20,Vivint Houston Open,baseline,6457,"Van Pelt, Bo",,,CUT,,,,0.00535,
top_20,2020-11-08,20,Vivint Houston Open,baseline,7636,"Mahan, Hunter",,,CUT,,,,0.00735,
top_20,2020-11-08,20,Vivint Houston Open,baseline,5625,"Chalmers, Greg",,,T50,,,,0.006999999999999999,
top_20,2020-11-08,20,Vivint Houston Open,baseline,17543,"Kim, Michael",,,CUT,,,,0.00375,
top_20,2020-11-08,20,Vivint Houston Open,baseline,9313,"Willman, Ben",,,CUT,,,,7.5e-05,
top_20,2020-11-08,20,Vivint Houston Open,baseline,6761,"Points, D.A.",,,CUT,,,,0.0016,
top_20,2020-11-08,20,Vivint Houston Open,baseline,15634,"Trainer, Martin",,,CUT,,,,0.000425,
top_20,2020-11-08,20,Vivint Houston Open,baseline,27971,"Hogan, Kyle",,,CUT,,,,0.001275,
top_20,2020-11-08,20,Vivint Houston Open,baseline,7602,"Stadler, Kevin",,,CUT,,,,0.0017,
make_cut,2020-11-08,20,Vivint Houston Open,baseline,12422,"Johnson, Dustin",4.0,1.0,T2,,,,,0.859125
make_cut,2020-11-08,20,Vivint Houston Open,baseline,14796,"Hatton, Tyrrell",9.0,10.0,T7,,,,,0.818525
make_cut,2020-11-08,20,Vivint Houston Open,baseline,13562,"Matsuyama, Hideki",14.0,20.0,T2,,,,,0.813975
make_cut,2020-11-08,20,Vivint Houston Open,baseline,18417,"Scheffler, Scottie",17.0,30.0,T32,,,,,0.805225
make_cut,2020-11-08,20,Vivint Houston Open,baseline,11676,"Finau, Tony",13.0,17.0,T24,,,,,0.796925
make_cut,2020-11-08,20,Vivint Houston Open,baseline,17488,"Im, Sungjae",30.0,23.0,T50,,,,,0.79085
make_cut,2020-11-08,20,Vivint Houston Open,baseline,18841,"Hovland, Viktor",19.0,24.0,T15,,,,,0.7834
make_cut,2020-11-08,20,Vivint Houston Open,baseline,16243,"Koepka, Brooks",29.0,12.0,T5,,,,,0.756925
make_cut,2020-11-08,20,Vivint Houston Open,baseline,9771,"Day, Jason",36.0,43.0,T7,,,,,0.753325
make_cut,2020-11-08,20,Vivint Houston Open,baseline,14578,"Henley, Russell",18.0,61.0,T29,,,,,0.750525
make_cut,2020-11-08,20,Vivint Houston Open,baseline,6430,"Scott, Adam",21.0,15.0,T32,,,,,0.7414
make_cut,2020-11-08,20,Vivint Houston Open,baseline,5689,"Garcia, Sergio",43.0,40.0,CUT,,,,,0.729825
make_cut,2020-11-08,20,Vivint Houston Open,baseline,14609,"Kim, Si Woo",56.0,88.0,CUT,,,,,0.684825
make_cut,2020-11-08,20,Vivint Houston Open,baseline,8825,"Harman, Brian",33.0,92.0,T24,,,,,0.7063
make_cut,2020-11-08,20,Vivint Houston Open,baseline,17576,"Conners, Corey",46.0,69.0,T24,,,,,0.699575
make_cut,2020-11-08,20,Vivint Houston Open,baseline,17550,"Van Rooyen, Erik",52.0,52.0,T20,,,,,0.689175
make_cut,2020-11-08,20,Vivint Houston Open,baseline,13900,"Lowry, Shane",64.0,29.0,T11,,,,,0.67775
make_cut,2020-11-08,20,Vivint Houston Open,baseline,24481,"Redman, Doc",51.0,76.0,T61,,,,,0.656975
make_cut,2020-11-08,20,Vivint Houston Open,baseline,16602,"Varner III, Harold",59.0,121.0,T15,,,,,0.67735
make_cut,2020-11-08,20,Vivint Houston Open,baseline,8480,"Streelman, Kevin",44.0,49.0,CUT,,,,,0.654625
make_cut,2020-11-08,20,Vivint Houston Open,baseline,15330,"Griffin, Lanto",39.0,55.0,T58,,,,,0.669975
make_cut,2020-11-08,20,Vivint Houston Open,baseline,18580,"Gooch, Talor",60.0,108.0,4,,,,,0.657325
make_cut,2020-11-08,20,Vivint Houston Open,baseline,6986,"Johnson, Zach",34.0,123.0,T50,,,,,0.668825
make_cut,2020-11-08,20,Vivint Houston Open,baseline,11955,"Frittelli, Dylan",70.0,97.0,CUT,,,,,0.672
make_cut,2020-11-08,20,Vivint Houston Open,baseline,19483,"Burns, Sam",78.0,179.0,T7,,,,,0.65475
make_cut,2020-11-08,20,Vivint Houston Open,baseline,17786,"Davis, Cameron",63.0,204.0,68,,,,,0.644875
make_cut,2020-11-08,20,Vivint Houston Open,baseline,19870,"McCarthy, Denny",57.0,182.0,T38,,,,,0.663325
make_cut,2020-11-08,20,Vivint Houston Open,baseline,12808,"Grillo, Emiliano",80.0,161.0,CUT,,,,,0.644
make_cut,2020-11-08,20,Vivint Houston Open,baseline,14636,"Spieth, Jordan",96.0,75.0,CUT,,,,,0.638425
make_cut,2020-11-08,20,Vivint Houston Open,baseline,13872,"Bradley, Keegan",82.0,122.0,CUT,,,,,0.64665
make_cut,2020-11-08,20,Vivint Houston Open,baseline,15556,"Hughes, Mackenzie",50.0,53.0,T7,,,,,0.614325
make_cut,2020-11-08,20,Vivint Houston Open,baseline,19477,"Schenk, Adam",81.0,217.0,CUT,,,,,0.630575
make_cut,2020-11-08,20,Vivint Houston Open,baseline,18187,"Duncan, Tyler",77.0,136.0,CUT,,,,,0.62445
make_cut,2020-11-08,20,Vivint Houston Open,baseline,7399,"Glover, Lucas",98.0,114.0,CUT,,,,,0.6326
make_cut,2020-11-08,20,Vivint Houston Open,baseline,21554,"Poston, J.T.",65.0,64.0,T20,,,,,0.629425
make_cut,2020-11-08,20,Vivint Houston Open,baseline,8820,"Snedeker, Brandt",93.0,84.0,T44,,,,,0.616025
make_cut,2020-11-08,20,Vivint Houston Open,baseline,14013,"Tringale, Cameron",71.0,183.0,T29,,,,,0.6187
make_cut,2020-11-08,20,Vivint Houston Open,baseline,10419,"Noren, Alex",62.0,90.0,CUT,,,,,0.629425
make_cut,2020-11-08,20,Vivint Houston Open,baseline,11826,"Lee, Danny",120.0,118.0,CUT,,,,,0.60255
make_cut,2020-11-08,20,Vivint Houston Open,baseline,14735,"Ortiz, Carlos",92.0,160.0,1,,,,,0.615125
make_cut,2020-11-08,20,Vivint Houston Open,baseline,7960,"List, Luke",129.0,151.0,CUT,,,,,0.60305
make_cut,2020-11-08,20,Vivint Houston Open,baseline,22051,"Wise, Aaron",103.0,246.0,T11,,,,,0.61575
make_cut,2020-11-08,20,Vivint Houston Open,baseline,17511,"Straka, Sepp",88.0,164.0,T5,,,,,0.59945
make_cut,2020-11-08,20,Vivint Houston Open,baseline,5994,"Stenson, Henrik",68.0,54.0,CUT,,,,,0.617
make_cut,2020-11-08,20,Vivint Houston Open,baseline,15473,"Long, Adam",104.0,79.0,T11,,,,,0.595
make_cut,2020-11-08,20,Vivint Houston Open,baseline,4052,"Westwood, Lee",83.0,46.0,CUT,,,,,0.59675
make_cut,2020-11-08,20,Vivint Houston Open,baseline,9586,"Laird, Martin",119.0,85.0,CUT,,,,,0.593425
make_cut,2020-11-08,20,Vivint Houston Open,baseline,15651,"Ventura, Kristoffer",107.0,148.0,T64,,,,,0.587775
make_cut,2020-11-08,20,Vivint Houston Open,baseline,17538,"Homa, Max",121.0,96.0,T48,,,,,0.587275
make_cut,2020-11-08,20,Vivint Houston Open,baseline,16433,"NeSmith, Matthew",99.0,195.0,CUT,,,,,0.5918
make_cut,2020-11-08,20,Vivint Houston Open,baseline,15164,"Lewis, Tom",139.0,66.0,CUT,,,,,0.568075
make_cut,2020-11-08,20,Vivint Houston Open,baseline,7899,"Piercy, Scott",114.0,143.0,T32,,,,,0.58045
make_cut,2020-11-08,20,Vivint Houston Open,baseline,15575,"Hoge, Tom",75.0,135.0,CUT,,,,,0.59615
make_cut,2020-11-08,20,Vivint Houston Open,baseline,6762,"Perez, Pat",84.0,174.0,CUT,,,,,0.5946
make_cut,2020-11-08,20,Vivint Houston Open,baseline,23604,"Clark, Wyndham",116.0,139.0,CUT,,,,,0.57815
make_cut,2020-11-08,20,Vivint Houston Open,baseline,16333,"Hubbard, Mark",86.0,126.0,T50,,,,,0.5889
make_cut,2020-11-08,20,Vivint Houston Open,baseline,13831,"Knox, Russell",133.0,222.0,T15,,,,,0.58305
make_cut,2020-11-08,20,Vivint Houston Open,baseline,11374,"Hahn, James",89.0,238.0,T50,,,,,0.59815
make_cut,2020-11-08,20,Vivint Houston Open,baseline,18634,"McNealy, Maverick",95.0,184.0,T20,,,,,0.5735
make_cut,2020-11-08,20,Vivint Houston Open,baseline,11657,"Norlander, Henrik",117.0,150.0,CUT,,,,,0.584025
make_cut,2020-11-08,20,Vivint Houston Open,baseline,6283,"Sabbatini, Rory",87.0,107.0,WD,,,,,0.575425
make_cut,2020-11-08,20,Vivint Houston Open,baseline,12359,"Stallings, Scott",97.0,220.0,CUT,,,,,0.571775
make_cut,2020-11-08,20,Vivint Houston Open,baseline,18662,"Schniederjans, Ollie",125.0,297.0,CUT,,,,,0.5660000000000001
make_cut,2020-11-08,20,Vivint Houston Open,baseline,8605,"Jones, Matt",91.0,98.0,63,,,,,0.5808
make_cut,2020-11-08,20,Vivint Houston Open,baseline,16283,"Rodgers, Patrick",164.0,210.0,CUT,,,,,0.561575
make_cut,2020-11-08,20,Vivint Houston Open,baseline,13508,"Vegas, Jhonattan",159.0,206.0,T44,,,,,0.55825
make_cut,2020-11-08,20,Vivint Houston Open,baseline,1547,"Mickelson, Phil",109.0,60.0,CUT,,,,,0.543475
make_cut,2020-11-08,20,Vivint Houston Open,baseline,13026,"Zhang, Xinjun",126.0,155.0,CUT,,,,,0.5627
make_cut,2020-11-08,20,Vivint Houston Open,baseline,13367,"Merritt, Troy",124.0,140.0,T32,,,,,0.554275
make_cut,2020-11-08,20,Vivint Houston Open,baseline,7655,"Molinari, Francesco",161.0,87.0,T15,,,,,0.550175
make_cut,2020-11-08,20,Vivint Houston Open,baseline,5665,"Cink, Stewart",85.0,130.0,CUT,,,,,0.55775
make_cut,2020-11-08,20,Vivint Houston Open,baseline,18579,"Cook, Austin",163.0,192.0,T24,,,,,0.5455
make_cut,2020-11-08,20,Vivint Houston Open,baseline,14000,"Landry, Andrew",156.0,129.0,CUT,,,,,0.543475
make_cut,2020-11-08,20,Vivint Houston Open,baseline,15470,"Hossler, Beau",146.0,257.0,CUT,,,,,0.5613
make_cut,2020-11-08,20,Vivint Houston Open,baseline,7398,"Schwartzel, Charl",110.0,213.0,CUT,,,,,0.547975
make_cut,2020-11-08,20,Vivint Houston Open,baseline,7301,"Dufner, Jason",143.0,324.0,CUT,,,,,0.5277
make_cut,2020-11-08,20,Vivint Houston Open,baseline,5768,"Hoffman, Charley",138.0,142.0,T29,,,,,0.530575
make_cut,2020-11-08,20,Vivint Houston Open,baseline,11451,"Garnett, Brice",122.0,255.0,T50,,,,,0.551225
make_cut,2020-11-08,20,Vivint Houston Open,baseline,13022,"Stuard, Brian",140.0,163.0,T50,,,,,0.535
make_cut,2020-11-08,20,Vivint Houston Open,baseline,11952,"Grace, Branden",166.0,124.0,CUT,,,,,0.538325
make_cut,2020-11-08,20,Vivint Houston Open,baseline,17365,"Mitchell, Keith",170.0,152.0,CUT,,,,,0.54505
make_cut,2020-11-08,20,Vivint Houston Open,baseline,12920,"Willett, Danny",175.0,56.0,WD,,,,,0.534
make_cut,2020-11-08,20,Vivint Houston Open,baseline,26660,"Gordon, Will",191.0,219.0,T38,,,,,0.53305
make_cut,2020-11-08,20,Vivint Houston Open,baseline,18635,"Shelton, Robby",181.0,156.0,CUT,,,,,0.5106
make_cut,2020-11-08,20,Vivint Houston Open,baseline,6930,"Taylor, Vaughn",147.0,159.0,CUT,,,,,0.52935
make_cut,2020-11-08,20,Vivint Houston Open,baseline,12423,"Kirk, Chris",196.0,306.0,T44,,,,,0.52485
make_cut,2020-11-08,20,Vivint Houston Open,baseline,16715,"Ryder, Sam",187.0,266.0,CUT,,,,,0.522025
make_cut,2020-11-08,20,Vivint Houston Open,baseline,14606,"Huh, John",149.0,9999.0,T48,,,,,0.515775
make_cut,2020-11-08,20,Vivint Houston Open,baseline,10886,"Harding, Justin",198.0,137.0,T38,,,,,0.4982
make_cut,2020-11-08,20,Vivint Houston Open,baseline,15475,"Pan, C.T.",174.0,169.0,T58,,,,,0.52025
make_cut,2020-11-08,20,Vivint Houston Open,baseline,12946,"Thompson, Michael",229.0,117.0,T15,,,,,0.499375
make_cut,2020-11-08,20,Vivint Houston Open,baseline,11082,"Burgoon, Bronson",176.0,353.0,CUT,,,,,0.5074
make_cut,2020-11-08,20,Vivint Houston Open,baseline,13305,"Chappell, Kevin",173.0,9999.0,T61,,,,,0.493975
make_cut,2020-11-08,20,Vivint Houston Open,baseline,14655,"Murray, Grayson",313.0,9999.0,CUT,,,,,0.465275
make_cut,2020-11-08,20,Vivint Houston Open,baseline,21237,"Hickok, Kramer",247.0,337.0,T58,,,,,0.487275
make_cut,2020-11-08,20,Vivint Houston Open,baseline,10943,"Lashley, Nate",188.0,112.0,T38,,,,,0.479825
make_cut,2020-11-08,20,Vivint Houston Open,baseline,8469,"Armour, Ryan",210.0,207.0,CUT,,,,,0.4715
make_cut,2020-11-08,20,Vivint Houston Open,baseline,7626,"O'Hair, Sean",257.0,9999.0,T66,,,,,0.457625
make_cut,2020-11-08,20,Vivint Houston Open,baseline,14704,"Putnam, Andrew",171.0,149.0,CUT,,,,,0.476325
make_cut,2020-11-08,20,Vivint Houston Open,baseline,14706,"Swafford, Hudson",261.0,176.0,CUT,,,,,0.43945
make_cut,2020-11-08,20,Vivint Houston Open,baseline,13127,"Tway, Kevin",282.0,292.0,CUT,,,,,0.467975
make_cut,2020-11-08,20,Vivint Houston Open,baseline,7340,"Hearn, David",162.0,446.0,CUT,,,,,0.47415
make_cut,2020-11-08,20,Vivint Houston Open,baseline,7548,"McDowell, Graeme",243.0,65.0,T44,,,,,0.45605
make_cut,2020-11-08,20,Vivint Houston Open,baseline,10252,"DeLaet, Graham",,,WD,,,,,0.43115
make_cut,2020-11-08,20,Vivint Houston Open,baseline,8571,"Gomez, Fabian",262.0,279.0,T32,,,,,0.4266
make_cut,2020-11-08,20,Vivint Houston Open,baseline,13470,"Kizzire, Patton",223.0,316.0,T11,,,,,0.438
make_cut,2020-11-08,20,Vivint Houston Open,baseline,14799,"Barnes, Erik",265.0,9999.0,T38,,,,,0.45055
make_cut,2020-11-08,20,Vivint Houston Open,baseline,14081,"Hoag, Bo",230.0,320.0,CUT,,,,,0.4572
make_cut,2020-11-08,20,Vivint Houston Open,baseline,11382,"Lovemark, Jamie",358.0,9999.0,T64,,,,,0.40585
make_cut,2020-11-08,20,Vivint Houston Open,baseline,8479,"Harrington, Scott",272.0,293.0,T66,,,,,0.42005
make_cut,2020-11-08,20,Vivint Houston Open,baseline,13497,"Lee, Kyounghoon",264.0,237.0,CUT,,,,,0.457625
make_cut,2020-11-08,20,Vivint Houston Open,baseline,5716,"Harrington, Padraig",235.0,321.0,T32,,,,,0.4235
make_cut,2020-11-08,20,Vivint Houston Open,baseline,9171,"Villegas, Camilo",,,CUT,,,,,0.386075
make_cut,2020-11-08,20,Vivint Houston Open,baseline,11330,"Brown, Scott",384.0,221.0,T24,,,,,0.3917
make_cut,2020-11-08,20,Vivint Houston Open,baseline,7881,"Kang, Sung",440.0,77.0,CUT,,,,,0.377
make_cut,2020-11-08,20,Vivint Houston Open,baseline,15852,"Kraft, Kelly",387.0,390.0,CUT,,,,,0.365875
make_cut,2020-11-08,20,Vivint Houston Open,baseline,4163,"Donald, Luke",365.0,453.0,CUT,,,,,0.361825
make_cut,2020-11-08,20,Vivint Houston Open,baseline,7293,"Walker, Jimmy",303.0,397.0,CUT,,,,,0.40325
make_cut,2020-11-08,20,Vivint Houston Open,baseline,9883,"Van Der Walt, Dawie",317.0,9999.0,T20,,,,,0.4015
make_cut,2020-11-08,20,Vivint Houston Open,baseline,8769,"Potter Jr, Ted",405.0,407.0,CUT,,,,,0.3676
make_cut,2020-11-08,20,Vivint Houston Open,baseline,27183,"Salinda, Isaiah",460.0,9999.0,T50,,,,,0.3278
make_cut,2020-11-08,20,Vivint Houston Open,baseline,13531,"Kodaira, Satoshi",,,T38,,,,,0.268775
make_cut,2020-11-08,20,Vivint Houston Open,baseline,19618,"Fidone, Sam",,,CUT,,,,,0.22285
make_cut,2020-11-08,20,Vivint Houston Open,baseline,6457,"Van Pelt, Bo",,,CUT,,,,,0.204975
make_cut,2020-11-08,20,Vivint Houston Open,baseline,7636,"Mahan, Hunter",,,CUT,,,,,0.221725
make_cut,2020-11-08,20,Vivint Houston Open,baseline,5625,"Chalmers, Greg",,,T50,,,,,0.21365
make_cut,2020-11-08,20,Vivint Houston Open,baseline,17543,"Kim, Michael",,,CUT,,,,,0.165375
make_cut,2020-11-08,20,Vivint Houston Open,baseline,9313,"Willman, Ben",,,CUT,,,,,0.03645
make_cut,2020-11-08,20,Vivint Houston Open,baseline,6761,"Points, D.A.",,,CUT,,,,,0.128575
make_cut,2020-11-08,20,Vivint Houston Open,baseline,15634,"Trainer, Martin",,,CUT,,,,,0.07595
make_cut,2020-11-08,20,Vivint Houston Open,baseline,27971,"Hogan, Kyle",,,CUT,,,,,0.114575
make_cut,2020-11-08,20,Vivint Houston Open,baseline,7602,"Stadler, Kevin",,,CUT,,,,,0.12785
mc,2020-11-08,20,Vivint Houston Open,baseline,12422,"Johnson, Dustin",4.0,1.0,T2,,,,,0.859125
mc,2020-11-08,20,Vivint Houston Open,baseline,14796,"Hatton, Tyrrell",9.0,10.0,T7,,,,,0.818525
mc,2020-11-08,20,Vivint Houston Open,baseline,13562,"Matsuyama, Hideki",14.0,20.0,T2,,,,,0.813975
mc,2020-11-08,20,Vivint Houston Open,baseline,18417,"Scheffler, Scottie",17.0,30.0,T32,,,,,0.805225
mc,2020-11-08,20,Vivint Houston Open,baseline,11676,"Finau, Tony",13.0,17.0,T24,,,,,0.796925
mc,2020-11-08,20,Vivint Houston Open,baseline,17488,"Im, Sungjae",30.0,23.0,T50,,,,,0.79085
mc,2020-11-08,20,Vivint Houston Open,baseline,18841,"Hovland, Viktor",19.0,24.0,T15,,,,,0.7834
mc,2020-11-08,20,Vivint Houston Open,baseline,16243,"Koepka, Brooks",29.0,12.0,T5,,,,,0.756925
mc,2020-11-08,20,Vivint Houston Open,baseline,9771,"Day, Jason",36.0,43.0,T7,,,,,0.753325
mc,2020-11-08,20,Vivint Houston Open,baseline,14578,"Henley, Russell",18.0,61.0,T29,,,,,0.750525
mc,2020-11-08,20,Vivint Houston Open,baseline,6430,"Scott, Adam",21.0,15.0,T32,,,,,0.7414
mc,2020-11-08,20,Vivint Houston Open,baseline,5689,"Garcia, Sergio",43.0,40.0,CUT,,,,,0.729825
mc,2020-11-08,20,Vivint Houston Open,baseline,14609,"Kim, Si Woo",56.0,88.0,CUT,,,,,0.684825
mc,2020-11-08,20,Vivint Houston Open,baseline,8825,"Harman, Brian",33.0,92.0,T24,,,,,0.7063
mc,2020-11-08,20,Vivint Houston Open,baseline,17576,"Conners, Corey",46.0,69.0,T24,,,,,0.699575
mc,2020-11-08,20,Vivint Houston Open,baseline,17550,"Van Rooyen, Erik",52.0,52.0,T20,,,,,0.689175
mc,2020-11-08,20,Vivint Houston Open,baseline,13900,"Lowry, Shane",64.0,29.0,T11,,,,,0.67775
mc,2020-11-08,20,Vivint Houston Open,baseline,24481,"Redman, Doc",51.0,76.0,T61,,,,,0.656975
mc,2020-11-08,20,Vivint Houston Open,baseline,16602,"Varner III, Harold",59.0,121.0,T15,,,,,0.67735
mc,2020-11-08,20,Vivint Houston Open,baseline,8480,"Streelman, Kevin",44.0,49.0,CUT,,,,,0.654625
mc,2020-11-08,20,Vivint Houston Open,baseline,15330,"Griffin, Lanto",39.0,55.0,T58,,,,,0.669975
mc,2020-11-08,20,Vivint Houston Open,baseline,18580,"Gooch, Talor",60.0,108.0,4,,,,,0.657325
mc,2020-11-08,20,Vivint Houston Open,baseline,6986,"Johnson, Zach",34.0,123.0,T50,,,,,0.668825
mc,2020-11-08,20,Vivint Houston Open,baseline,11955,"Frittelli, Dylan",70.0,97.0,CUT,,,,,0.672
mc,2020-11-08,20,Vivint Houston Open,baseline,19483,"Burns, Sam",78.0,179.0,T7,,,,,0.65475
mc,2020-11-08,20,Vivint Houston Open,baseline,17786,"Davis, Cameron",63.0,204.0,68,,,,,0.644875
mc,2020-11-08,20,Vivint Houston Open,baseline,19870,"McCarthy, Denny",57.0,182.0,T38,,,,,0.663325
mc,2020-11-08,20,Vivint Houston Open,baseline,12808,"Grillo, Emiliano",80.0,161.0,CUT,,,,,0.644
mc,2020-11-08,20,Vivint Houston Open,baseline,14636,"Spieth, Jordan",96.0,75.0,CUT,,,,,0.638425
mc,2020-11-08,20,Vivint Houston Open,baseline,13872,"Bradley, Keegan",82.0,122.0,CUT,,,,,0.64665
mc,2020-11-08,20,Vivint Houston Open,baseline,15556,"Hughes, Mackenzie",50.0,53.0,T7,,,,,0.614325
mc,2020-11-08,20,Vivint Houston Open,baseline,19477,"Schenk, Adam",81.0,217.0,CUT,,,,,0.630575
mc,2020-11-08,20,Vivint Houston Open,baseline,18187,"Duncan, Tyler",77.0,136.0,CUT,,,,,0.62445
mc,2020-11-08,20,Vivint Houston Open,baseline,7399,"Glover, Lucas",98.0,114.0,CUT,,,,,0.6326
mc,2020-11-08,20,Vivint Houston Open,baseline,21554,"Poston, J.T.",65.0,64.0,T20,,,,,0.629425
mc,2020-11-08,20,Vivint Houston Open,baseline,8820,"Snedeker, Brandt",93.0,84.0,T44,,,,,0.616025
mc,2020-11-08,20,Vivint Houston Open,baseline,14013,"Tringale, Cameron",71.0,183.0,T29,,,,,0.6187
mc,2020-11-08,20,Vivint Houston Open,baseline,10419,"Noren, Alex",62.0,90.0,CUT,,,,,0.629425
mc,2020-11-08,20,Vivint Houston Open,baseline,11826,"Lee, Danny",120.0,118.0,CUT,,,,,0.60255
mc,2020-11-08,20,Vivint Houston Open,baseline,14735,"Ortiz, Carlos",92.0,160.0,1,,,,,0.615125
mc,2020-11-08,20,Vivint Houston Open,baseline,7960,"List, Luke",129.0,151.0,CUT,,,,,0.60305
mc,2020-11-08,20,Vivint Houston Open,baseline,22051,"Wise, Aaron",103.0,246.0,T11,,,,,0.61575
mc,2020-11-08,20,Vivint Houston Open,baseline,17511,"Straka, Sepp",88.0,164.0,T5,,,,,0.59945
mc,2020-11-08,20,Vivint Houston Open,baseline,5994,"Stenson, Henrik",68.0,54.0,CUT,,,,,0.617
mc,2020-11-08,20,Vivint Houston Open,baseline,15473,"Long, Adam",104.0,79.0,T11,,,,,0.595
mc,2020-11-08,20,Vivint Houston Open,baseline,4052,"Westwood, Lee",83.0,46.0,CUT,,,,,0.59675
mc,2020-11-08,20,Vivint Houston Open,baseline,9586,"Laird, Martin",119.0,85.0,CUT,,,,,0.593425
mc,2020-11-08,20,Vivint Houston Open,baseline,15651,"Ventura, Kristoffer",107.0,148.0,T64,,,,,0.587775
mc,2020-11-08,20,Vivint Houston Open,baseline,17538,"Homa, Max",121.0,96.0,T48,,,,,0.587275
mc,2020-11-08,20,Vivint Houston Open,baseline,16433,"NeSmith, Matthew",99.0,195.0,CUT,,,,,0.5918
mc,2020-11-08,20,Vivint Houston Open,baseline,15164,"Lewis, Tom",139.0,66.0,CUT,,,,,0.568075
mc,2020-11-08,20,Vivint Houston Open,baseline,7899,"Piercy, Scott",114.0,143.0,T32,,,,,0.58045
mc,2020-11-08,20,Vivint Houston Open,baseline,15575,"Hoge, Tom",75.0,135.0,CUT,,,,,0.59615
mc,2020-11-08,20,Vivint Houston Open,baseline,6762,"Perez, Pat",84.0,174.0,CUT,,,,,0.5946
mc,2020-11-08,20,Vivint Houston Open,baseline,23604,"Clark, Wyndham",116.0,139.0,CUT,,,,,0.57815
mc,2020-11-08,20,Vivint Houston Open,baseline,16333,"Hubbard, Mark",86.0,126.0,T50,,,,,0.5889
mc,2020-11-08,20,Vivint Houston Open,baseline,13831,"Knox, Russell",133.0,222.0,T15,,,,,0.58305
mc,2020-11-08,20,Vivint Houston Open,baseline,11374,"Hahn, James",89.0,238.0,T50,,,,,0.59815
mc,2020-11-08,20,Vivint Houston Open,baseline,18634,"McNealy, Maverick",95.0,184.0,T20,,,,,0.5735
mc,2020-11-08,20,Vivint Houston Open,baseline,11657,"Norlander, Henrik",117.0,150.0,CUT,,,,,0.584025
mc,2020-11-08,20,Vivint Houston Open,baseline,6283,"Sabbatini, Rory",87.0,107.0,WD,,,,,0.575425
mc,2020-11-08,20,Vivint Houston Open,baseline,12359,"Stallings, Scott",97.0,220.0,CUT,,,,,0.571775
mc,2020-11-08,20,Vivint Houston Open,baseline,18662,"Schniederjans, Ollie",125.0,297.0,CUT,,,,,0.5660000000000001
mc,2020-11-08,20,Vivint Houston Open,baseline,8605,"Jones, Matt",91.0,98.0,63,,,,,0.5808
mc,2020-11-08,20,Vivint Houston Open,baseline,16283,"Rodgers, Patrick",164.0,210.0,CUT,,,,,0.561575
mc,2020-11-08,20,Vivint Houston Open,baseline,13508,"Vegas, Jhonattan",159.0,206.0,T44,,,,,0.55825
mc,2020-11-08,20,Vivint Houston Open,baseline,1547,"Mickelson, Phil",109.0,60.0,CUT,,,,,0.543475
mc,2020-11-08,20,Vivint Houston Open,baseline,13026,"Zhang, Xinjun",126.0,155.0,CUT,,,,,0.5627
mc,2020-11-08,20,Vivint Houston Open,baseline,13367,"Merritt, Troy",124.0,140.0,T32,,,,,0.554275
mc,2020-11-08,20,Vivint Houston Open,baseline,7655,"Molinari, Francesco",161.0,87.0,T15,,,,,0.550175
mc,2020-11-08,20,Vivint Houston Open,baseline,5665,"Cink, Stewart",85.0,130.0,CUT,,,,,0.55775
mc,2020-11-08,20,Vivint Houston Open,baseline,18579,"Cook, Austin",163.0,192.0,T24,,,,,0.5455
mc,2020-11-08,20,Vivint Houston Open,baseline,14000,"Landry, Andrew",156.0,129.0,CUT,,,,,0.543475
mc,2020-11-08,20,Vivint Houston Open,baseline,15470,"Hossler, Beau",146.0,257.0,CUT,,,,,0.5613
mc,2020-11-08,20,Vivint Houston Open,baseline,7398,"Schwartzel, Charl",110.0,213.0,CUT,,,,,0.547975
mc,2020-11-08,20,Vivint Houston Open,baseline,7301,"Dufner, Jason",143.0,324.0,CUT,,,,,0.5277
mc,2020-11-08,20,Vivint Houston Open,baseline,5768,"Hoffman, Charley",138.0,142.0,T29,,,,,0.530575
mc,2020-11-08,20,Vivint Houston Open,baseline,11451,"Garnett, Brice",122.0,255.0,T50,,,,,0.551225
mc,2020-11-08,20,Vivint Houston Open,baseline,13022,"Stuard, Brian",140.0,163.0,T50,,,,,0.535
mc,2020-11-08,20,Vivint Houston Open,baseline,11952,"Grace, Branden",166.0,124.0,CUT,,,,,0.538325
mc,2020-11-08,20,Vivint Houston Open,baseline,17365,"Mitchell, Keith",170.0,152.0,CUT,,,,,0.54505
mc,2020-11-08,20,Vivint Houston Open,baseline,12920,"Willett, Danny",175.0,56.0,WD,,,,,0.534
mc,2020-11-08,20,Vivint Houston Open,baseline,26660,"Gordon, Will",191.0,219.0,T38,,,,,0.53305
mc,2020-11-08,20,Vivint Houston Open,baseline,18635,"Shelton, Robby",181.0,156.0,CUT,,,,,0.5106
mc,2020-11-08,20,Vivint Houston Open,baseline,6930,"Taylor, Vaughn",147.0,159.0,CUT,,,,,0.52935
mc,2020-11-08,20,Vivint Houston Open,baseline,12423,"Kirk, Chris",196.0,306.0,T44,,,,,0.52485
mc,2020-11-08,20,Vivint Houston Open,baseline,16715,"Ryder, Sam",187.0,266.0,CUT,,,,,0.522025
mc,2020-11-08,20,Vivint Houston Open,baseline,14606,"Huh, John",149.0,9999.0,T48,,,,,0.515775
mc,2020-11-08,20,Vivint Houston Open,baseline,10886,"Harding, Justin",198.0,137.0,T38,,,,,0.4982
mc,2020-11-08,20,Vivint Houston Open,baseline,15475,"Pan, C.T.",174.0,169.0,T58,,,,,0.52025
mc,2020-11-08,20,Vivint Houston Open,baseline,12946,"Thompson, Michael",229.0,117.0,T15,,,,,0.499375
mc,2020-11-08,20,Vivint Houston Open,baseline,11082,"Burgoon, Bronson",176.0,353.0,CUT,,,,,0.5074
mc,2020-11-08,20,Vivint Houston Open,baseline,13305,"Chappell, Kevin",173.0,9999.0,T61,,,,,0.493975
mc,2020-11-08,20,Vivint Houston Open,baseline,14655,"Murray, Grayson",313.0,9999.0,CUT,,,,,0.465275
mc,2020-11-08,20,Vivint Houston Open,baseline,21237,"Hickok, Kramer",247.0,337.0,T58,,,,,0.487275
mc,2020-11-08,20,Vivint Houston Open,baseline,10943,"Lashley, Nate",188.0,112.0,T38,,,,,0.479825
mc,2020-11-08,20,Vivint Houston Open,baseline,8469,"Armour, Ryan",210.0,207.0,CUT,,,,,0.4715
mc,2020-11-08,20,Vivint Houston Open,baseline,7626,"O'Hair, Sean",257.0,9999.0,T66,,,,,0.457625
mc,2020-11-08,20,Vivint Houston Open,baseline,14704,"Putnam, Andrew",171.0,149.0,CUT,,,,,0.476325
mc,2020-11-08,20,Vivint Houston Open,baseline,14706,"Swafford, Hudson",261.0,176.0,CUT,,,,,0.43945
mc,2020-11-08,20,Vivint Houston Open,baseline,13127,"Tway, Kevin",282.0,292.0,CUT,,,,,0.467975
mc,2020-11-08,20,Vivint Houston Open,baseline,7340,"Hearn, David",162.0,446.0,CUT,,,,,0.47415
mc,2020-11-08,20,Vivint Houston Open,baseline,7548,"McDowell, Graeme",243.0,65.0,T44,,,,,0.45605
mc,2020-11-08,20,Vivint Houston Open,baseline,10252,"DeLaet, Graham",,,WD,,,,,0.43115
mc,2020-11-08,20,Vivint Houston Open,baseline,8571,"Gomez, Fabian",262.0,279.0,T32,,,,,0.4266
mc,2020-11-08,20,Vivint Houston Open,baseline,13470,"Kizzire, Patton",223.0,316.0,T11,,,,,0.438
mc,2020-11-08,20,Vivint Houston Open,baseline,14799,"Barnes, Erik",265.0,9999.0,T38,,,,,0.45055
mc,2020-11-08,20,Vivint Houston Open,baseline,14081,"Hoag, Bo",230.0,320.0,CUT,,,,,0.4572
mc,2020-11-08,20,Vivint Houston Open,baseline,11382,"Lovemark, Jamie",358.0,9999.0,T64,,,,,0.40585
mc,2020-11-08,20,Vivint Houston Open,baseline,8479,"Harrington, Scott",272.0,293.0,T66,,,,,0.42005
mc,2020-11-08,20,Vivint Houston Open,baseline,13497,"Lee, Kyounghoon",264.0,237.0,CUT,,,,,0.457625
mc,2020-11-08,20,Vivint Houston Open,baseline,5716,"Harrington, Padraig",235.0,321.0,T32,,,,,0.4235
mc,2020-11-08,20,Vivint Houston Open,baseline,9171,"Villegas, Camilo",,,CUT,,,,,0.386075
mc,2020-11-08,20,Vivint Houston Open,baseline,11330,"Brown, Scott",384.0,221.0,T24,,,,,0.3917
mc,2020-11-08,20,Vivint Houston Open,baseline,7881,"Kang, Sung",440.0,77.0,CUT,,,,,0.377
mc,2020-11-08,20,Vivint Houston Open,baseline,15852,"Kraft, Kelly",387.0,390.0,CUT,,,,,0.365875
mc,2020-11-08,20,Vivint Houston Open,baseline,4163,"Donald, Luke",365.0,453.0,CUT,,,,,0.361825
mc,2020-11-08,20,Vivint Houston Open,baseline,7293,"Walker, Jimmy",303.0,397.0,CUT,,,,,0.40325
mc,2020-11-08,20,Vivint Houston Open,baseline,9883,"Van Der Walt, Dawie",317.0,9999.0,T20,,,,,0.4015
mc,2020-11-08,20,Vivint Houston Open,baseline,8769,"Potter Jr, Ted",405.0,407.0,CUT,,,,,0.3676
mc,2020-11-08,20,Vivint Houston Open,baseline,27183,"Salinda, Isaiah",460.0,9999.0,T50,,,,,0.3278
mc,2020-11-08,20,Vivint Houston Open,baseline,13531,"Kodaira, Satoshi",,,T38,,,,,0.268775
mc,2020-11-08,20,Vivint Houston Open,baseline,19618,"Fidone, Sam",,,CUT,,,,,0.22285
mc,2020-11-08,20,Vivint Houston Open,baseline,6457,"Van Pelt, Bo",,,CUT,,,,,0.204975
mc,2020-11-08,20,Vivint Houston Open,baseline,7636,"Mahan, Hunter",,,CUT,,,,,0.221725
mc,2020-11-08,20,Vivint Houston Open,baseline,5625,"Chalmers, Greg",,,T50,,,,,0.21365
mc,2020-11-08,20,Vivint Houston Open,baseline,17543,"Kim, Michael",,,CUT,,,,,0.165375
mc,2020-11-08,20,Vivint Houston Open,baseline,9313,"Willman, Ben",,,CUT,,,,,0.03645
mc,2020-11-08,20,Vivint Houston Open,baseline,6761,"Points, D.A.",,,CUT,,,,,0.128575
mc,2020-11-08,20,Vivint Houston Open,baseline,15634,"Trainer, Martin",,,CUT,,,,,0.07595
mc,2020-11-08,20,Vivint Houston Open,baseline,27971,"Hogan, Kyle",,,CUT,,,,,0.114575
mc,2020-11-08,20,Vivint Houston Open,baseline,7602,"Stadler, Kevin",,,CUT,,,,,0.12785
