event_name,market,dg_id,player_name,datagolf_rank,owgr_rank,datagolf_base_history_fit,datagolf_base_history_fit_implied,datagolf_baseline,datagolf_baseline_implied,bovada,bovada_implied,last_updated,bovada_historical_model
The Genesis Invitational,win,19195,"Rahm, Jon",3.0,2.0,1176.0,0.07835,981.0,0.092525,1200.0,0.07692307692307693,2021-02-16 23:00:27 UTC,0.0014269230769230756
The Genesis Invitational,win,14139,"Thomas, Justin",4.0,3.0,1283.0,0.072325,1351.0,0.068925,1400.0,0.06666666666666668,2021-02-16 23:00:27 UTC,0.005658333333333321
The Genesis Invitational,win,19841,"DeChambeau, Bryson",7.0,10.0,1554.0,0.060475,1903.0,0.049925,1600.0,0.05882352941176471,2021-02-16 23:00:27 UTC,0.001651470588235289
The Genesis Invitational,win,18417,"Scheffler, Scottie",17.0,34.0,4766.0,0.02055,3642.0,0.026725,5000.0,0.0196078431372549,2021-02-16 23:00:27 UTC,0.0009421568627450971
The Genesis Invitational,top_5,5689,"Garcia, Sergio",36.0,40.0,1140.0,0.08065,1240.0,0.07465,1200.0,0.07692307692307693,2021-02-16 23:00:27 UTC,0.003726923076923072
The Genesis Invitational,top_5,11955,"Frittelli, Dylan",68.0,66.0,3067.0,0.031575,2870.0,0.033675,3300.0,0.029411764705882356,2021-02-16 23:00:27 UTC,0.002163235294117643
The Genesis Invitational,top_5,7398,"Schwartzel, Charl",98.0,206.0,3772.0,0.025825,4679.0,0.020925,4000.0,0.024390243902439025,2021-02-16 23:00:27 UTC,0.0014347560975609755
The Genesis Invitational,top_10,18417,"Scheffler, Scottie",17.0,34.0,391.0,0.203475,338.0,0.228475,400.0,0.2,2021-02-16 23:00:27 UTC,0.003474999999999978
The Genesis Invitational,top_10,11826,"Lee, Danny",158.0,170.0,2856.0,0.033825,2497.0,0.0385,3000.0,0.03225806451612903,2021-02-16 23:00:27 UTC,0.0015669354838709695
The Genesis Invitational,top_20,20770,"Munoz, Sebastian",97.0,61.0,527.0,0.1595,474.0,0.174125,550.0,0.15384615384615385,2021-02-16 23:00:27 UTC,0.005653846153846148
The Genesis Invitational,top_20,19870,"McCarthy, Denny",113.0,221.0,767.0,0.115375,677.0,0.12865,800.0,0.1111111111111111,2021-02-16 23:00:27 UTC,0.0042638888888889
