player_name,sample_size,primary_tour,dg_rank,dg_change,owgr_rank,owgr_change,dg_index
"Johnson, Dustin",150,pga,1,0,1,0,2.407209458
"Rahm, Jon",150,pga,2,0,2,0,2.395545353
"Schauffele, Xander",150,pga,3,0,4,2,2.339232357
"Thomas, Justin",150,pga,4,0,3,0,2.206754799
"McIlroy, Rory",150,pga,5,0,6,1,1.944634612
"Cantlay, Patrick",150,pga,6,0,11,-1,1.883510326
"Reed, Patrick",150,pga,7,4,10,1,1.854822005
"Simpson, Webb",150,pga,8,-1,9,0,1.799817358
"DeChambeau, Bryson",150,pga,9,-1,8,0,1.788664778
"Finau, Tony",150,pga,10,3,15,5,1.668503645
"Hatton, Tyrrell",150,pga,11,-1,7,-2,1.63460125
"Berger, Daniel",150,pga,12,0,14,-1,1.601894803
"Hovland, Viktor",150,pga,13,2,12,2,1.595804855
"English, Harris",150,pga,14,-5,19,-3,1.574430963
"Niemann, Joaquin",150,pga,15,-1,28,-2,1.432088031
"Ancer, Abraham",150,pga,16,2,27,-2,1.300981202
"Palmer, Ryan",150,pga,17,6,24,4,1.271955571
"Matsuyama, Hideki",150,pga,18,-2,23,-2,1.271332736
"Scheffler, Scottie",150,pga,19,0,34,-1,1.238752444
"Scott, Adam",150,pga,20,5,22,1,1.209241666
"Casey, Paul",150,pga,21,14,16,11,1.157964061
"Im, Sungjae",150,pga,22,-2,17,0,1.151462396
"Conners, Corey",150,pga,23,5,59,0,1.148400238
"Fitzpatrick, Matthew",150,pga,24,-2,20,-2,1.13597176
"Oosthuizen, Louis",150,pga,25,9,26,-2,1.120970764
"Zalatoris, Will",150,kft,26,10,53,9,1.12090596
"Henley, Russell",150,pga,27,-3,56,-1,1.078341558
"Morikawa, Collin",150,pga,28,-11,5,-1,1.033184814
"Kisner, Kevin",150,pga,29,-3,30,0,1.03088293
"Fleetwood, Tommy",150,pga,30,0,21,-2,0.995181206
"Horschel, Billy",150,pga,31,-4,39,0,0.974326504
"Koepka, Brooks",150,pga,32,-11,13,-1,0.972559142
"Kim, Si Woo",150,pga,33,-4,51,-3,0.962004936
"Harman, Brian",150,pga,34,-2,88,0,0.941878787
"Bezuidenhout, Christiaan",150,euro,35,-2,33,2,0.940627946
"Smith, Cameron",150,pga,36,-5,32,0,0.911971446
"Kokrak, Jason",150,pga,37,2,29,0,0.879911024
"Watson, Bubba",150,pga,38,3,48,-1,0.865319283
"Day, Jason",150,pga,39,-1,45,-2,0.846162742
"Garcia, Sergio",150,pga,40,4,43,2,0.8356481
"Griffin, Lanto",150,pga,41,8,50,6,0.813867405
"Ortiz, Carlos",150,pga,42,5,54,0,0.768524476
"Gooch, Talor",150,pga,43,-3,87,-2,0.768262808
"Tringale, Cameron",150,pga,44,8,109,-3,0.732645402
"Todd, Brendon",150,pga,45,-2,47,-1,0.723657374
"Fowler, Rickie",150,pga,46,-4,62,-1,0.695269709
"Wolff, Matthew",150,pga,47,-10,18,-3,0.685695062
"Na, Kevin",150,pga,48,-2,25,-3,0.675239737
"Moore, Ryan",150,pga,49,-4,198,-3,0.668180593
"Davis, Cameron",150,pga,50,6,138,4,0.657166592
"Johnson, Zach",150,pga,51,-1,116,-3,0.62776685
"Burns, Sam",150,pga,52,12,150,13,0.608247148
"Woodland, Gary",150,pga,53,0,40,0,0.606154572
"Sabbatini, Rory",150,pga,54,19,100,12,0.604407553
"Hughes, Mackenzie",150,pga,55,-1,52,-2,0.602288028
"Lowry, Shane",150,pga,56,-1,37,-1,0.597698563
"Streelman, Kevin",150,pga,57,3,58,0,0.585780494
"Kuchar, Matt",150,pga,58,-1,42,-1,0.571489761
"Rose, Justin",150,pga,59,-1,38,0,0.546805495
"Macintyre, Robert",150,euro,60,21,44,8,0.541641927
"Munoz, Sebastian",150,pga,61,1,61,-1,0.534329985
"Howell III, Charles",150,pga,62,-11,130,-8,0.533852117
"Dahmen, Joel",150,pga,63,-15,68,-3,0.530455006
"Noren, Alex",150,pga,64,2,102,-6,0.521734293
"Frittelli, Dylan",150,pga,65,9,66,1,0.511139754
"Homa, Max",150,pga,66,13,96,4,0.47547185
"Long, Adam",150,pga,67,-2,63,0,0.474798757
"Woods, Tiger",150,pga,68,-1,46,-2,0.470826865
"Poulter, Ian",150,pga,69,-8,57,-6,0.469310161
"Jones, Matt",150,pga,70,-2,106,-5,0.465788468
"Grillo, Emiliano",150,pga,71,-12,162,-7,0.464237984
"Van Rooyen, Erik",150,euro,72,-9,60,-3,0.451677026
"Wise, Aaron",150,pga,73,-2,132,-3,0.442235971
"Norlander, Henrik",150,pga,74,29,107,51,0.429212655
"Wiesberger, Bernd",150,euro,75,13,41,1,0.420111445
"Straka, Sepp",150,pga,76,9,139,2,0.370849456
"Schwartzel, Charl",150,pga,77,19,199,20,0.358054917
"Hadwin, Adam",150,pga,78,17,79,1,0.355744426
"Wallace, Matt",150,euro,79,-10,49,0,0.35463043
"Kirk, Chris",150,pga,80,-2,121,-2,0.335589489
"Huh, John",150,pga,81,-6,319,0,0.328641573
"Glover, Lucas",150,pga,82,2,128,-3,0.327923582
"Kizzire, Patton",150,pga,83,-1,200,4,0.321267678
"Poston, J.T.",150,pga,84,20,74,5,0.317269727
"Malnati, Peter",150,pga,85,27,143,21,0.306620871
"Clark, Wyndham",150,pga,86,11,149,2,0.300659288
"Molinari, Francesco",150,pga,87,28,95,15,0.29692685
"Furyk, Jim",150,pga,88,-5,238,-9,0.292750278
"Hoffman, Charley",150,pga,89,-17,146,-9,0.291518653
"Sullivan, Andy",150,euro,90,-13,55,-2,0.272227056
"An, Byeong Hun",150,pga,91,-21,71,2,0.267307605
"Cauley, Bud",150,pga,92,-6,186,0,0.266841518
"Hoge, Tom",150,pga,93,-17,123,-6,0.247209285
"Leishman, Marc",150,pga,94,26,31,0,0.223518159
"Thompson, Michael",150,pga,95,-3,89,0,0.22099846
"Ghim, Doug",150,pga,96,13,270,8,0.220742159
"Redman, Doc",150,pga,97,-3,111,-13,0.210683764
"Knox, Russell",150,pga,98,-8,225,-5,0.207386921
"Kaymer, Martin",150,euro,99,-10,84,0,0.202421759
"McCarthy, Denny",150,pga,100,-20,213,-4,0.199537945
"Westwood, Lee",150,euro,101,16,36,1,0.194919255
"Cink, Stewart",150,pga,102,-3,133,-5,0.190127337
"Taylor, Nick",150,pga,103,-2,125,1,0.184135449
"Spieth, Jordan",150,pga,104,20,92,-1,0.180432605
"Bradley, Keegan",150,pga,105,-3,147,-8,0.175885578
"Pieters, Thomas",150,euro,106,5,83,-2,0.174637785
"Perez, Victor",150,euro,107,-16,35,-1,0.171639867
"Varner III, Harold",150,pga,108,-10,141,-5,0.165161611
"Piercy, Scott",150,pga,109,-3,152,-3,0.150534627
"Detry, Thomas",150,euro,110,19,81,5,0.14528904
"Hahn, James",150,pga,111,-24,231,-1,0.137466629
"Hoag, Bo",150,pga,112,22,255,19,0.129886382
"Werenski, Richy",150,pga,113,-6,145,-7,0.12619015
"Stanley, Kyle",150,pga,114,22,224,18,0.124137929
"Duncan, Tyler",150,pga,115,-7,156,-6,0.116395862
"Champ, Cameron",150,pga,116,-16,70,1,0.115029176
"Schwab, Matthias",150,euro,117,18,99,10,0.114077882
"Rozner, Antoine",150,euro,118,19,93,11,0.107970676
"Herbert, Lucas",150,euro,119,7,64,4,0.0872293
"Johnston, Andrew",150,euro,120,24,235,-3,0.085048916
"Steele, Brendan",150,pga,121,-7,85,-3,0.084663499
"Laird, Martin",150,pga,122,-6,77,-1,0.083964586
"Hubbard, Mark",150,pga,123,-5,153,-7,0.071268681
"List, Luke",150,pga,124,29,159,21,0.069323284
"Higgs, Harry",150,pga,125,-6,127,-4,0.045815325
"Perez, Pat",150,pga,126,-13,215,-5,0.043545702
"McNealy, Maverick",150,pga,127,-17,182,-7,0.043503545
"Langer, Bernhard",150,champ,128,-7,9999,0,0.03678231
"Pan, C.T.",150,pga,129,-7,163,-6,0.023107671
"Hardy, Nick",150,kft,130,-7,355,-2,0.016413465
"Stallings, Scott",150,pga,131,-6,251,-2,0.013247029
"Stenson, Henrik",150,pga,132,-39,75,-5,0.01251765
"Cabrera Bello, Rafa",150,pga,133,-2,82,1,0.009976618
"Cook, Austin",150,pga,134,-6,179,-6,-0.003992522
"Reavie, Chez",150,pga,135,-5,65,-1,-0.013811269
"Vegas, Jhonattan",150,pga,136,2,233,-8,-0.021638609
"Stuard, Brian",150,pga,137,-4,192,-5,-0.027301555
"NeSmith, Matthew",150,pga,138,5,195,8,-0.029468
"Lipsky, David",150,euro,139,0,173,-1,-0.034608534
"Taylor, Vaughn",150,pga,140,-8,184,0,-0.035255122
"Schenk, Adam",150,pga,141,-14,248,-5,-0.03823658
"Kanaya, Takumi",146,jpn,142,28,105,19,-0.041256566
"Burgoon, Bronson",150,pga,143,7,315,11,-0.055651492
"Lorenzo-Vera, Michael",150,euro,144,-39,120,-9,-0.059536256
"Snedeker, Brandt",150,pga,145,19,114,-6,-0.060039561
"Percy, Cameron",150,pga,146,0,335,17,-0.066848265
"Garnett, Brice",150,pga,147,-5,272,-7,-0.090540186
"Suh, Justin",150,pga,148,43,375,43,-0.109488912
"Stricker, Steve",150,pga,149,-2,460,-1,-0.116526207
"Mickelson, Phil",150,pga,150,2,73,-1,-0.119672675
"Wu, Brandon",150,kft,151,-6,181,-4,-0.123170204
"Arnaus, Adri",150,euro,152,30,115,12,-0.126969568
"Ryder, Sam",150,pga,153,43,266,47,-0.127381734
"Pendrith, Taylor",150,kft,154,-6,136,-2,-0.134609152
"Scrivener, Jason",150,euro,155,1,117,-3,-0.142797048
"Sloan, Roger",150,pga,156,4,331,11,-0.145013064
"Merritt, Troy",150,pga,157,-17,169,-9,-0.14722871
"Lee, Danny",150,pga,158,-9,160,-8,-0.152107412
"Hadley, Chesson",150,pga,159,-8,262,-7,-0.159485107
"Zhang, Xinjun",150,pga,160,-1,214,-6,-0.168138018
"Norris, Shaun",150,jpn,161,-3,119,-3,-0.187153939
"Sigg, Greyson",150,kft,162,0,242,-2,-0.19763373
"Luiten, Joost",150,euro,163,4,171,-4,-0.197984171
"Schniederjans, Ollie",150,kft,164,-1,291,-1,-0.198001937
"Rai, Aaron",150,euro,165,-24,78,-4,-0.198854334
"Ramey, Chad",150,kft,166,-1,281,-6,-0.199566937
"Martin, Ben",150,kft,167,-1,480,2,-0.201336792
"Hickok, Kramer",150,pga,168,-14,306,-6,-0.202865761
"Rodgers, Patrick",150,pga,169,-14,241,-2,-0.205741834
"Willett, Danny",150,pga,170,-1,67,-1,-0.207134448
"Sterne, Richard",150,euro,171,17,288,32,-0.207385954
"Samooja, Kalle",150,euro,172,37,131,34,-0.213322762
"Lewis, Tom",150,euro,173,10,72,3,-0.214086275
"Sutherland, Kevin",150,champ,174,-6,9999,0,-0.220198922
"Kitayama, Kurt",150,euro,175,19,142,1,-0.237395427
"Ventura, Kristoffer",150,pga,176,-15,203,-9,-0.243891502
"Korhonen, Mikko",150,euro,177,4,210,8,-0.24438783
"Shelton, Robby",150,pga,178,37,168,10,-0.253156512
"Stone, Brandon",150,euro,179,67,110,95,-0.260578365
"Coetzee, George",150,euro,180,-23,90,0,-0.264795242
"Putnam, Andrew",150,pga,181,-6,211,-4,-0.265365894
"Lahiri, Anirban",150,pga,182,-11,440,-3,-0.269114072
"Goosen, Retief",150,champ,183,-7,9999,0,-0.280000335
"Donaldson, Jamie",150,euro,184,-7,175,-4,-0.280299108
"Harrington, Padraig",150,euro,185,34,244,64,-0.281544443
"Armour, Ryan",150,pga,186,-8,217,-1,-0.281916331
"Grace, Branden",150,pga,187,-8,140,-5,-0.282186742
"Kim, Chan",150,jpn,188,-8,79,-1,-0.294589925
"Jamieson, Scott",150,euro,189,9,212,3,-0.295538534
"Otaegui, Adrian",150,euro,190,-16,167,-6,-0.300226614
"Hansen, Joachim B",150,euro,191,-19,154,-9,-0.323665383
"Burmester, Dean",150,euro,192,10,183,7,-0.327812574
"Canter, Laurie",150,euro,193,50,94,37,-0.330496124
"Herman, Jim",150,pga,194,-9,103,-1,-0.331173125
"Hojgaard, Rasmus",150,euro,195,36,86,6,-0.335889633
"Holmes, J.B.",150,pga,196,25,257,-5,-0.3401158
"Jaeger, Stephan",150,kft,197,-10,229,7,-0.340579214
"Hodges, Lee",150,kft,198,-8,278,-6,-0.368317548
"Lebioda, Hank",150,pga,199,0,348,-5,-0.370136555
"Seiffert, Chase",150,pga,200,4,253,-2,-0.371652255
"Zanotti, Fabrizio",150,euro,201,12,256,12,-0.373270712
"Kennedy, Brad",150,jpn,202,-9,144,25,-0.375123195
"Lee, Kyounghoon",150,pga,203,-14,263,-6,-0.376099096
"Olesen, Thorbjorn",150,euro,204,-9,393,-3,-0.380747307
"Jordan, Matthew",150,euro,205,-8,207,-2,-0.384315218
"Harding, Justin",150,euro,206,10,177,2,-0.390448543
"Dufner, Jason",150,pga,207,-34,361,-6,-0.398407852
"Bramlett, Joseph",150,pga,208,49,276,17,-0.398495871
"Bland, Richard",150,euro,209,-9,185,-3,-0.400678575
"Langasque, Romain",150,euro,210,-26,129,-11,-0.410746289
"Lindheim, Nicholas",150,kft,211,-6,470,1,-0.41642607
"Gordon, Will",150,pga,212,15,221,17,-0.424188248
"Mitchell, Keith",150,pga,213,-21,187,-6,-0.426244607
"Hagy, Brandon",150,pga,214,22,327,27,-0.435329641
"Dubuisson, Victor",145,euro,215,-12,316,-7,-0.437211459
"Couples, Fred",144,champ,216,-6,9999,0,-0.45853268
"Teater, Josh",150,pga,217,-6,322,1,-0.459180507
"Hopfinger, Brad",150,kft,218,-6,427,-1,-0.475498956
"Els, Ernie",150,champ,219,-33,9999,0,-0.48400493
"Zecheng, Marty Dou",150,kft,220,-3,341,-3,-0.497621181
"Smith, Jordan",150,euro,221,-14,204,-2,-0.508619237
"Svensson, Adam",150,kft,222,-4,490,0,-0.510506582
"Fox, Ryan",150,euro,223,17,208,4,-0.511200644
"Baddeley, Aaron",150,pga,224,-16,419,-13,-0.513656335
"Hebert, Benjamin",150,euro,225,-5,137,-4,-0.522044023
"Kohles, Ben",150,kft,226,-3,310,-5,-0.531319693
"Streb, Robert",150,pga,227,14,112,-5,-0.53337292
"Gutschewski, Scott",150,kft,228,-4,9999,0,-0.536645658
"Oppenheim, Rob",150,pga,229,-28,434,0,-0.543521224
"Swafford, Hudson",150,pga,230,-2,176,-6,-0.544260044
"Veerman, Johannes",150,euro,231,-2,275,-8,-0.544829112
"Hill, Calum",150,euro,232,-2,196,1,-0.547995715
"Waring, Paul",150,euro,233,-19,157,-9,-0.550615825
"Janewattananond, Jazz",150,jpn,234,-1,97,-4,-0.552241367
"Crocker, Sean",150,euro,235,-3,220,-6,-0.552473317
"Chappell, Kevin",150,pga,236,1,9999,0,-0.572265984
"Hearn, David",150,pga,237,-31,466,-3,-0.579578778
"Wolfe, Jared",150,kft,238,1,216,-3,-0.580709545
"Lagergren, Joakim",150,euro,239,-17,191,-2,-0.582504923
"Harkins, Brandon",150,kft,240,2,441,3,-0.587871328
"Besseling, Wil",150,euro,241,4,180,-6,-0.590527926
"Landry, Andrew",150,pga,242,5,122,-7,-0.591849494
"Aphibarnrat, Kiradech",150,pga,243,-18,293,-6,-0.601211625
"Gay, Brian",150,pga,244,5,194,-1,-0.603633384
"Spaun, J.J.",150,pga,245,-19,499,-3,-0.603981164
"Fichardt, Darren",150,euro,246,5,239,2,-0.609302478
"Hall, Harry",150,am,247,6,386,-2,-0.618572787
"Valimaki, Sami",150,euro,248,6,69,0,-0.619535192
"Bjork, Alexander",150,euro,249,29,271,9,-0.620629997
"Armitage, Marcus",150,euro,250,5,189,-1,-0.621006667
"Bryan, Wesley",150,pga,251,5,468,5,-0.62201397
"Kelly, Jerry",150,champ,252,6,9999,0,-0.629573694
"Barnes, Erik",150,kft,253,6,9999,0,-0.630445739
"Baker, Chris",150,kft,254,-6,442,-4,-0.631327165
"Rock, Robert",150,euro,255,-17,237,0,-0.641422368
"Heisele, Sebastian",150,cha,256,19,219,-2,-0.644945065
"Haas, Bill",150,pga,257,41,9999,0,-0.645427507
"Theegala, Sahith",150,am,258,9,9999,0,-0.658182194
"Levy, Alexander",150,euro,259,66,259,52,-0.65827986
"Vincent, Scott",150,euro,260,8,230,-3,-0.66801265
"Shinkwin, Callum",150,euro,261,-26,135,-5,-0.671428743
"Kawamura, Masahiro",150,euro,262,-1,172,-4,-0.672660202
"Horsey, David",150,euro,263,-13,282,-12,-0.673012403
"Paisley, Chris",150,euro,264,0,232,-4,-0.679388869
"Van Der Walt, Dawie",150,kft,265,6,500,0,-0.685518505
"Catlin, John",150,euro,266,4,113,-10,-0.690631058
"Imahira, Shugo",150,jpn,267,5,76,1,-0.690720982
"Lashley, Nate",150,pga,268,5,134,-2,-0.69468022
"Anderson, Mark",150,pga,269,-17,9999,0,-0.695847471
"Charoenkul, Gunn",150,jpn,270,4,161,-8,-0.70654156
"Brown, Steven",150,euro,271,11,247,1,-0.708119166
"Paratore, Renato",150,euro,272,-28,155,-8,-0.713055216
"Mullinax, Trey",150,pga,273,4,303,-6,-0.728678267
"Hossler, Beau",150,pga,274,21,302,-7,-0.732680967
"Parel, Scott",150,champ,275,4,9999,0,-0.736423427
"Whaley, Vincent",150,kft,276,-42,475,-10,-0.737250107
"O'Hair, Sean",150,pga,277,4,9999,0,-0.740709169
"Syme, Connor",150,euro,278,-9,240,-5,-0.741317359
"McDowell, Graeme",150,pga,279,-19,91,-4,-0.743708912
"Lower, Justin",150,kft,280,3,399,-1,-0.743931814
"Southgate, Matthew",150,euro,281,-18,222,-1,-0.748127004
"Barjon, Paul",150,kft,282,3,227,-4,-0.749607773
"Kim, Joohyung",132,owgr,283,4,164,-8,-0.751314118
"Augenstein, John",150,am,284,4,9999,0,-0.755354108
"Watney, Nick",150,pga,285,-20,382,-11,-0.75905386
"Diaz, Roberto",150,kft,286,3,356,3,-0.759335079
"Pereira, Mito",150,kft,287,4,311,-5,-0.761889115
"Fisher, Ross",150,euro,288,-12,228,-4,-0.766096597
"Bhatia, Akshay",149,pga,289,4,9999,0,-0.766835505
"Ormsby, Wade",150,euro,290,50,174,9,-0.773862675
"Warren, Marc",150,euro,291,6,165,-3,-0.785467055
"Wilkinson, Tim",150,pga,292,0,484,-5,-0.788978934
"Colsaerts, Nicolas",150,euro,293,44,218,16,-0.790464055
"Migliozzi, Guido",150,euro,294,20,222,0,-0.793408989
"De Jager, Louis",150,euro,295,4,309,-8,-0.793752609
"Morrison, James",150,euro,296,-16,400,-5,-0.794380359
"Villegas, Camilo",150,pga,297,-31,396,1,-0.795088872
"Uihlein, Peter",150,pga,298,2,485,-1,-0.798467612
"Power, Seamus",150,pga,299,-37,436,-1,-0.804863204
"Riley, Davis",150,kft,300,1,234,-3,-0.808857748
"Brehm, Ryan",150,kft,301,-7,453,-10,-0.812854682
"Guerrier, Julien",150,euro,302,-12,437,2,-0.818524233
"Lovemark, Jamie",150,pga,303,-19,9999,0,-0.822986226
"Schaper, Jayden Trey",150,am,304,39,318,16,-0.824640566
"Young, Cameron",150,am,305,49,9999,0,-0.826073469
"Crick, Brandon",150,kft,306,-1,9999,0,-0.829272961
"Hoshino, Rikuya",150,jpn,307,1,118,-13,-0.832031083
"Gomez, Fabian",150,pga,308,-2,305,-6,-0.84041692
"Chun-an, Yu",150,am,309,0,9999,0,-0.844142298
"Horsfield, Sam",150,euro,310,1,101,-2,-0.846549034
"Van Tonder, Daniel",150,afr,311,2,148,-4,-0.847450948
"Tarren, Callum",150,kft,312,0,9999,0,-0.847836639
"Brown, Scott",150,pga,313,15,249,-3,-0.855652948
"Thompson, Davis",150,am,314,2,9999,0,-0.867352595
"Pepperell, Eddie",150,euro,315,-13,151,-11,-0.870597159
"Roach, Wes",150,pga,316,1,382,-5,-0.872857154
"Kraft, Kelly",150,pga,317,31,477,-10,-0.874977957
"Stroud, Chris",150,pga,318,0,390,2,-0.875699878
"McCumber, Tyler",150,pga,319,-16,292,-9,-0.878496225
"Winther, Jeff",150,euro,320,49,280,8,-0.879556417
"Ahlers, Jaco",150,afr,321,-1,267,-5,-0.880305318
"Austin, Woody",150,champ,322,-3,9999,0,-0.880880593
"Nienaber, Wilco",150,euro,323,-27,170,-4,-0.883182076
"Nunez, Augusto",150,kft,324,-3,364,5,-0.883681066
"Horikawa, Mikumu",150,jpn,325,-2,188,4,-0.885058968
"Ramsay, Richie",150,euro,326,-40,295,-10,-0.885543037
"Wang, Jeunghun",150,euro,327,-5,329,-4,-0.886233756
"Thornberry, Braden",150,kft,328,-4,9999,0,-0.897572714
"Pak, John",150,am,329,-3,9999,0,-0.897899757
"Buckley, Hayden",150,kft,330,-3,9999,0,-0.899240624
"Tway, Kevin",150,pga,331,-27,395,-13,-0.904429816
"Trahan, D.J.",150,pga,332,-2,463,1,-0.92487596
"Blixt, Jonas",150,pga,333,-2,9999,0,-0.929505893
"Laporta, Francesco",150,cha,334,-1,166,-7,-0.929603781
"Garber, Joey",150,kft,335,-3,9999,0,-0.930074457
"Greyserman, Max",150,kft,336,-2,9999,0,-0.930857663
"Lemke, Niklas",150,euro,337,-1,283,-6,-0.935315066
"Ishikawa, Ryo",150,jpn,338,0,108,-11,-0.938280526
"Montgomery, Taylor",107,kft,339,0,398,-2,-0.939841626
"Karlsson, Robert",150,euro,340,-11,9999,0,-0.94017285
"Larrazabal, Pablo",150,euro,341,8,250,0,-0.941610565
"Singh Brar, Jack",150,euro,342,-7,433,-2,-0.943729925
"Eckroat, Austin",150,am,343,-2,9999,0,-0.945240136
"Potter Jr, Ted",150,pga,344,80,408,54,-0.94789975
"Donald, Luke",150,pga,345,-3,9999,0,-0.948269095
"Cockerill, Aaron",150,euro,346,0,376,-3,-0.961970722
"Meronk, Adrian",150,euro,347,0,193,3,-0.963312063
"Forrest, Grant",150,euro,348,46,300,16,-0.967068322
"Choi, K.J.",150,pga,349,11,9999,0,-0.973935758
"Roy, Kevin",96,kft,350,0,9999,0,-0.978080564
"Kinhult, Marcus",150,euro,351,-6,124,-4,-0.980509501
"Harrington, Scott",150,pga,352,-8,350,-3,-0.995907988
"Smalley, Alex",150,am,353,-1,9999,0,-0.998473053
"Stanger, Jimmy",150,kft,354,-1,415,1,-1.001757772
"Karlberg, Rikard",150,euro,355,0,428,-1,-1.003989696
"Kang, Kyungnam",150,kor,356,0,362,3,-1.009944597
"Albertson, Anders",150,kft,357,0,9999,0,-1.012599502
"Cummins, Quade",150,am,358,0,9999,0,-1.013623259
"Moore, Taylor",150,kft,359,0,9999,0,-1.016517538
"Higgo, Garrick",150,euro,360,-50,98,-4,-1.019944869
"Baek, Todd",150,jpn,361,0,402,-1,-1.02504425
"Green, Gavin",150,euro,362,-47,202,-3,-1.026899033
"Endycott, Harrison",150,kft,363,-1,9999,0,-1.027189572
"Truslow, Austen",86,kft,364,-1,439,1,-1.032689188
"Reifers, Kyle",150,kft,365,-1,9999,0,-1.037087588
"Jones, Kyle",150,kft,366,-1,451,7,-1.037625329
"Antcliff, Maverick",150,euro,367,-1,265,-6,-1.039540403
"Drewitt, Brett",150,kft,368,0,369,-3,-1.041403084
"Blair, Zac",150,pga,369,1,321,-7,-1.047183865
"McCarthy, Dan",150,kft,370,1,373,-3,-1.049208567
"Farr, Oliver",150,euro,371,1,268,-5,-1.063090282
"Ogletree, Andy",150,am,372,2,9999,0,-1.063183968
"Walker, Jimmy",150,pga,373,3,438,-5,-1.069871832
"Gligic, Michael",150,pga,374,-67,458,-2,-1.07433829
"Kinoshita, Ryosuke",150,jpn,375,0,245,-1,-1.077552973
"Yuan, Yechun",150,kft,376,1,420,-1,-1.079684301
"Thompson, Curtis",150,kft,377,1,332,-2,-1.081204607
"Lengden, Oscar",150,cha,378,1,287,-5,-1.081414533
"Tokimatsu, Ryuko",150,jpn,379,1,236,-3,-1.087058279
"Castro, Roberto",150,pga,380,1,9999,0,-1.088747221
"Park, Sanghyun",150,jpn,381,1,246,1,-1.094848608
"Wagner, Johnson",150,pga,382,1,9999,0,-1.098010547
"Kieffer, Maximilian",150,euro,383,-32,461,0,-1.10604452
"Pastore, David",108,can,384,0,458,2,-1.111190083
"Fishburn, Patrick",150,kft,385,0,9999,0,-1.115574274
"Wu, Ashun",150,euro,386,95,297,84,-1.115917984
"Chesters, Ashley",150,euro,387,15,9999,0,-1.11685439
"Byrd, Jonathan",150,pga,388,-2,9999,0,-1.122245741
"Toms, David",150,champ,389,-1,9999,0,-1.124348705
"Hoey, Rico",150,kft,390,-1,9999,0,-1.132484269
"Aiken, Thomas",150,euro,391,-4,9999,0,-1.132667532
"Dougherty, Kevin",150,kft,392,-2,446,0,-1.139794954
"Sordet, Clement",150,euro,393,0,481,-1,-1.141885002
"Jobe, Brandt",150,champ,394,1,9999,0,-1.143587262
"Easton, Bryce",150,cha,395,2,391,0,-1.143762529
"Kim, Whee",150,kft,396,0,9999,0,-1.143906607
"Ros, Pep Angles",150,cha,397,1,260,-1,-1.145517845
"Otsuki, Tomoharu",150,jpn,398,2,209,2,-1.150233909
"Gagli, Lorenzo",150,euro,399,-7,377,-10,-1.159639464
"Li, Haotong",150,euro,400,-33,197,-6,-1.162158537
"Saxon, Charlie",150,kft,401,0,9999,0,-1.164362595
"Jimenez, Miguel A",150,champ,402,-29,9999,0,-1.165266961
"Perry, Kenny",150,champ,403,0,9999,0,-1.167430075
"Wu, Dylan",150,kft,404,0,325,-3,-1.168201979
"Weir, Mike",150,kft,405,0,9999,0,-1.173158899
"Blaum, Ryan",150,pga,406,0,9999,0,-1.183157981
"Walters, Justin",150,euro,407,7,284,-8,-1.184365528
"Castillo, Ricky",109,am,408,-1,9999,0,-1.186919723
"VanDerLaan, John",150,kft,409,1,9999,0,-1.192870898
"Bertasio, Nino",150,euro,410,45,366,20,-1.194788854
"Moon, Kyongjun",150,kor,411,1,328,-4,-1.205662182
"Chin, John",150,kft,412,1,371,5,-1.206309271
"Kjeldsen, Soren",150,euro,413,-2,9999,0,-1.211469701
"Kodaira, Satoshi",150,pga,414,21,423,-12,-1.211892266
"Bae, Sangmoon",150,pga,415,3,9999,0,-1.216246462
"Kang, Sung",150,pga,416,3,104,-9,-1.217876502
"Murray, Grayson",150,pga,417,-26,9999,0,-1.223877029
"Smotherman, Austin",150,kft,418,2,9999,0,-1.223950084
"India, Vince",150,kft,419,2,9999,0,-1.224231763
"Rodriguez, Jose de Jesus",150,kft,420,2,465,12,-1.228999442
"Barnes, Ricky",150,pga,421,2,9999,0,-1.230063255
"Coletta, Brett",150,kft,422,3,443,-2,-1.233991788
"Elvira Mijares, Ignacio",150,euro,423,22,417,-2,-1.238847186
"Ruffels, Ryan",150,kft,424,3,9999,0,-1.250828956
"Cappelen, Sebastian",150,pga,425,-16,432,-5,-1.251772143
"Knous, Jim",150,pga,426,24,9999,0,-1.254810615
"Taylor, Ben",150,kft,427,1,9999,0,-1.261256716
"Suri, Julian",150,euro,428,-29,456,-3,-1.261730271
"Blaauw, Jacques",150,afr,429,0,407,0,-1.262981686
"Arnold, Jamie",150,kft,430,0,9999,0,-1.269796832
"Blomstrand, Christofer",150,cha,431,0,298,-4,-1.269854856
"Luck, Curtis",150,kft,432,1,374,-2,-1.271949941
"Kim, Sihwan",150,euro,433,-1,9999,0,-1.272153662
"Humphrey, Theo",150,kft,434,0,9999,0,-1.272287548
"Gallacher, Stephen",150,euro,435,-9,9999,0,-1.274907391
"Soderberg, Sebastian",150,euro,436,-19,206,-6,-1.276643695
"Pavon, Matthieu",150,euro,437,-21,363,-3,-1.278490675
"McGreevy, Max",150,kft,438,-2,273,-7,-1.281953716
"Van Driel, Darius",150,euro,439,-2,304,-8,-1.284961753
"Lawrence, Thriston",150,afr,440,-2,345,-8,-1.285145116
"Pope, Andy",86,kft,441,-2,9999,0,-1.286614325
"Lamb, Rick",150,kft,442,-2,9999,0,-1.293888554
"Senior, Jack",150,euro,443,-2,254,-1,-1.294006109
"Phillips, Chandler",150,am,444,-2,9999,0,-1.295130432
"Armstrong, Dawson",150,kft,445,-2,9999,0,-1.297956284
"Gibson, Rhein",150,pga,446,0,471,0,-1.29838338
"Vick, Travis",146,am,447,-3,9999,0,-1.30087893
"Kim, Seunghyuk",150,kor,448,-2,424,-3,-1.304716021
"Pampling, Rod",150,pga,449,-2,9999,0,-1.30611421
"Ikeda, Yuta",150,jpn,450,-2,294,-5,-1.307177626
"Lee, Min Woo",150,euro,451,-36,190,-5,-1.32231304
"Campillo, Jorge",150,euro,452,-44,126,-5,-1.322498987
"Moller, Niklas Norgaard",150,owgr,453,-4,354,-4,-1.324437735
"Salinda, Isaiah",150,am,454,-3,9999,0,-1.327610882
"Siem, Marcel",150,euro,455,-3,9999,0,-1.332967363
"Hammer, Cole",150,am,456,-3,9999,0,-1.333559059
"Daffue, MJ",75,kft,457,-1,9999,0,-1.333658407
"Iwata, Hiroshi",150,jpn,458,-4,278,-6,-1.334765146
"Stow, Ben",150,cha,459,-2,384,-4,-1.338656749
"Sauers, Gene",150,champ,460,-2,9999,0,-1.342705819
"Ford, Matt",150,cha,461,-2,387,0,-1.343372824
"Canizares, Alejandro",150,euro,462,-1,9999,0,-1.350707385
"Novak, Andrew",150,kft,463,-3,467,2,-1.350783202
"Du Plessis, Hennie",150,afr,464,-2,405,-1,-1.354033029
"Limbhasut, KK",150,kft,465,-2,9999,0,-1.356518017
"McCormick, Ryan",117,kft,466,-2,9999,0,-1.359096804
"Ritthammer, Bernard",150,euro,467,-1,422,1,-1.368661819
"Knappe, Alexander",150,cha,468,0,402,3,-1.37029138
"Yonezawa, Ren",103,jpn,469,-4,9999,0,-1.372379313
"Compton, Erik",150,kft,470,-1,9999,0,-1.373300119
"Montgomerie, Colin",150,champ,471,-1,9999,0,-1.374987696
"Tuten, Shad",150,sam,472,-1,9999,0,-1.378771524
"Harmeling, Evan",150,kft,473,0,339,-4,-1.380714471
"Randolph, Jonathan",150,kft,474,0,9999,0,-1.381734597
"Simonsen, Martin Leth",150,cha,475,0,9999,0,-1.382843888
"Lieser, Ondrej",105,owgr,476,-4,178,-2,-1.382938141
"Van Aswegen, Tyrone",150,kft,477,-1,9999,0,-1.384693083
"Broadhurst, Paul",150,champ,478,-1,9999,0,-1.385940255
"Holt, Ian",150,can,479,-1,9999,0,-1.390510535
"Cho, Mingyu",150,jpn,480,-1,9999,0,-1.392567909
"Chiarella, Alex",97,kft,481,-1,9999,0,-1.402493644
"Lee, Jaekyeong",81,kor,482,1,301,-3,-1.407226749
"Rocha, Alexandre",150,sam,483,-1,9999,0,-1.408444387
"Goya, Estanislao",150,sam,484,0,9999,0,-1.409362955
"Campbell, Brian",150,kft,485,0,9999,0,-1.410720024
"Miller, Michael",150,kft,486,0,9999,0,-1.41357366
"Vogel, T.J.",150,kft,487,0,9999,0,-1.419087505
"Haley II, Paul",120,kft,488,0,426,-1,-1.424813345
"Coody, Pierceson",150,am,489,0,9999,0,-1.427814521
"Hirschman, Grant",150,kft,490,0,9999,0,-1.432293006
"Miller, Cole",150,can,491,0,9999,0,-1.433102426
"Franken, Stephen",150,kft,492,0,9999,0,-1.436419802
"Schneider, Marcel",150,cha,493,0,330,-3,-1.437947993
"Whitnell, Dale",105,euro,494,0,277,-8,-1.439734687
"Baldwin, Matthew",150,cha,495,0,404,-1,-1.440597032
"Nimmer, Bryson",150,can,496,0,9999,0,-1.440806752
"Wright, Chase",150,kft,497,0,9999,0,-1.443485769
"Chawrasia, S.S.P.",150,euro,498,0,9999,0,-1.445002235
"Shieh, Hayden",145,can,499,0,9999,0,-1.447103021
"Sciot-Siegrist, Robin",150,cha,500,0,307,-6,-1.447141529
