player_name,sample_size,primary_tour,dg_rank,dg_change,owgr_rank,owgr_change,dg_index
"Johnson, Dustin",150,pga,1,0,1,0,2.326006297
"Rahm, Jon",150,pga,2,0,2,0,2.178206685
"Thomas, Justin",150,pga,3,0,3,0,2.161184224
"Schauffele, Xander",150,pga,4,0,6,2,2.053798988
"Reed, Patrick",150,pga,5,0,11,0,1.726037101
"McIlroy, Rory",150,pga,6,0,4,0,1.721848138
"Simpson, Webb",150,pga,7,0,8,-2,1.66229095
"English, Harris",150,pga,8,0,29,0,1.63781479
"DeChambeau, Bryson",150,pga,9,0,5,0,1.6072799
"Hovland, Viktor",150,pga,10,0,14,0,1.537611671
"Matsuyama, Hideki",150,pga,11,0,19,2,1.509967265
"Cantlay, Patrick",150,pga,12,0,9,0,1.487118966
"Hatton, Tyrrell",150,pga,13,0,10,0,1.438356018
"Berger, Daniel",150,pga,14,0,13,0,1.431749806
"Finau, Tony",150,pga,15,0,20,-1,1.372300918
"Ancer, Abraham",150,pga,16,0,23,0,1.147611994
"Scheffler, Scottie",150,pga,17,0,32,-1,1.139170683
"Fitzpatrick, Matthew",150,pga,18,0,16,0,1.138166379
"Koepka, Brooks",150,pga,19,0,12,0,1.118100671
"Morikawa, Collin",150,pga,20,0,7,0,1.108932494
"Conners, Corey",150,pga,21,0,54,0,1.050057999
"Scott, Adam",150,pga,22,0,21,-1,1.028989299
"Niemann, Joaquin",150,pga,23,0,45,1,1.010714459
"Smith, Cameron",150,pga,24,0,27,0,0.997118202
"Kisner, Kevin",150,pga,25,0,26,-1,0.992332629
"Henley, Russell",150,pga,26,0,57,3,0.989976326
"Im, Sungjae",150,pga,27,0,18,0,0.980302308
"Kokrak, Jason",150,pga,28,0,25,1,0.931964676
"Oosthuizen, Louis",150,pga,29,0,22,0,0.931553988
"Zalatoris, Will",150,kft,30,0,59,-2,0.855850234
"Bezuidenhout, Christiaan",150,euro,31,0,34,1,0.851960431
"Horschel, Billy",150,pga,32,0,42,0,0.849924545
"Day, Jason",150,pga,33,0,43,0,0.839003614
"Harman, Brian",150,pga,34,0,92,-1,0.836102902
"Fleetwood, Tommy",150,pga,35,0,17,0,0.828794418
"Watson, Bubba",150,pga,36,0,44,0,0.817447323
"Palmer, Ryan",150,pga,37,0,30,0,0.786913204
"Johnson, Zach",150,pga,38,0,100,-5,0.756394202
"Ortiz, Carlos",150,pga,39,0,60,3,0.672527147
"Wolff, Matthew",150,pga,40,0,15,0,0.654413171
"Poulter, Ian",150,pga,41,0,48,0,0.65007068
"Hughes, Mackenzie",150,pga,42,0,49,1,0.64696341
"Dahmen, Joel",150,pga,43,0,64,2,0.64333677
"Gooch, Talor",150,pga,44,0,82,-2,0.636729644
"Rose, Justin",150,pga,45,0,35,-3,0.631492029
"Todd, Brendon",150,pga,46,0,47,0,0.626369425
"Na, Kevin",150,pga,47,0,37,2,0.611784211
"Tringale, Cameron",150,pga,48,0,102,4,0.599129722
"Long, Adam",150,pga,49,0,62,0,0.594729111
"Casey, Paul",150,pga,50,0,24,0,0.593063741
"Fowler, Rickie",150,pga,51,0,56,-5,0.585021874
"Lowry, Shane",150,pga,52,0,33,1,0.567246863
"Van Rooyen, Erik",150,euro,53,0,51,1,0.565904173
"Streelman, Kevin",150,pga,54,0,52,1,0.556525967
"Kuchar, Matt",150,pga,55,0,38,-1,0.542165624
"Woods, Tiger",150,pga,56,0,41,-1,0.528193458
"Munoz, Sebastian",150,pga,57,0,61,-2,0.521691886
"Garcia, Sergio",150,pga,58,0,46,-1,0.52000177
"Howell III, Charles",150,pga,59,0,117,-9,0.51931611
"Grillo, Emiliano",150,pga,60,0,157,-3,0.483396777
"Wise, Aaron",150,pga,61,0,125,1,0.477235168
"Griffin, Lanto",150,pga,62,0,63,-2,0.47018925
"Frittelli, Dylan",150,pga,63,0,68,0,0.442705756
"Hoge, Tom",150,pga,64,0,107,0,0.434079631
"Kim, Si Woo",150,pga,65,0,99,-5,0.432226413
"Woodland, Gary",150,pga,66,0,39,-1,0.406614618
"Bradley, Keegan",150,pga,67,0,130,-2,0.401395034
"Burns, Sam",150,pga,68,0,156,2,0.395023535
"Champ, Cameron",150,pga,69,0,72,0,0.386710991
"Noren, Alex",150,pga,70,0,97,-4,0.385351939
"Poston, J.T.",150,pga,71,0,73,-2,0.374127687
"Straka, Sepp",150,pga,72,0,142,0,0.336474064
"Redman, Doc",150,pga,73,0,89,-1,0.318955756
"Kaymer, Martin",150,euro,74,0,78,3,0.317066696
"Cauley, Bud",150,pga,75,0,176,3,0.312790732
"Moore, Ryan",150,pga,76,0,172,-6,0.302861027
"McNealy, Maverick",150,pga,77,0,166,2,0.30014468
"Glover, Lucas",150,pga,78,0,114,-5,0.29627834
"McCarthy, Denny",150,pga,79,0,201,-3,0.285646319
"Sabbatini, Rory",150,pga,80,0,119,-5,0.283942718
"Wallace, Matt",150,euro,81,0,50,-1,0.282667548
"Sullivan, Andy",150,euro,82,0,55,3,0.28083693
"Perez, Victor",150,euro,83,0,31,2,0.244605048
"Piercy, Scott",150,pga,84,0,138,2,0.239098116
"Macintyre, Robert",150,euro,85,0,53,3,0.238460174
"Furyk, Jim",150,pga,86,0,210,-13,0.234563057
"Varner III, Harold",150,pga,87,0,129,-2,0.234014849
"Stenson, Henrik",150,pga,88,0,65,-1,0.229203937
"Huh, John",150,pga,89,0,367,5,0.218914162
"An, Byeong Hun",150,pga,90,0,75,0,0.207863119
"Westwood, Lee",150,euro,91,0,36,0,0.202555775
"Wiesberger, Bernd",150,euro,92,0,40,1,0.195224668
"Homa, Max",150,pga,93,0,101,0,0.164994916
"NeSmith, Matthew",150,pga,94,0,193,-5,0.149564856
"Detry, Thomas",150,euro,95,0,80,2,0.132683678
"Lorenzo-Vera, Michael",150,euro,96,0,105,-2,0.127268063
"Duncan, Tyler",150,pga,97,0,146,1,0.127233382
"Knox, Russell",150,pga,98,0,227,-7,0.116869213
"Schwartzel, Charl",150,pga,99,0,207,-1,0.109992142
"Pieters, Thomas",150,euro,100,0,81,4,0.105378555
"Clark, Wyndham",150,pga,101,0,147,1,0.101475768
"Davis, Cameron",150,pga,102,0,230,-3,0.092349055
"Hoffman, Charley",150,pga,103,0,145,-1,0.082766281
"Jones, Matt",150,pga,104,0,116,-1,0.06919774
"Kizzire, Patton",150,pga,105,0,236,1,0.057690446
"Hahn, James",150,pga,106,0,249,0,0.054187434
"Spieth, Jordan",150,pga,107,0,84,-6,0.053856364
"Langer, Bernhard",150,champ,108,0,9999,0,0.018153858
"Hadwin, Adam",150,pga,109,0,79,-2,0.01284517
"Hubbard, Mark",150,pga,110,0,141,-4,0.007944623
"Schenk, Adam",150,pga,111,0,240,-2,0.006976836
"Malnati, Peter",150,pga,112,0,169,2,-0.008362715
"Cink, Stewart",150,pga,113,0,138,1,-0.012405773
"Perez, Pat",150,pga,114,0,208,0,-0.021811575
"Reavie, Chez",150,pga,115,0,58,-3,-0.025542333
"Vegas, Jhonattan",150,pga,116,0,219,-3,-0.028615615
"Hadley, Chesson",150,pga,117,0,251,1,-0.029454215
"Norlander, Henrik",150,pga,118,0,165,-1,-0.030891891
"Garnett, Brice",150,pga,119,0,275,-5,-0.04079436
"Snedeker, Brandt",150,pga,120,0,95,2,-0.044740254
"Higgs, Harry",150,pga,121,0,121,-5,-0.05673215
"Johnston, Andrew",150,euro,122,0,216,-3,-0.070465549
"Ghim, Doug",150,pga,123,0,389,4,-0.076771366
"Pan, C.T.",150,pga,124,0,148,-5,-0.082949143
"Wu, Brandon",150,kft,125,0,170,2,-0.095762271
"Stallings, Scott",150,pga,126,0,245,-1,-0.105281091
"Werenski, Richy",150,pga,127,0,150,1,-0.108679992
"Pendrith, Taylor",150,kft,128,0,128,1,-0.115484806
"Merritt, Troy",150,pga,129,0,151,-1,-0.121201614
"Grace, Branden",150,pga,130,0,126,-1,-0.136041146
"Kirk, Chris",150,pga,131,0,264,-1,-0.14765475
"Norris, Shaun",150,jpn,132,0,109,-5,-0.148587317
"Taylor, Nick",150,pga,133,0,136,2,-0.149402297
"Stanley, Kyle",150,pga,134,0,241,1,-0.151319136
"Mickelson, Phil",150,pga,135,0,66,1,-0.15494085
"Schwab, Matthias",150,euro,136,0,105,7,-0.157384919
"Percy, Cameron",150,pga,137,0,339,-7,-0.157523723
"Lahiri, Anirban",150,pga,138,0,431,4,-0.162336707
"Taylor, Vaughn",150,pga,139,0,182,-2,-0.174464571
"Laird, Martin",150,pga,140,0,85,4,-0.176870488
"Rai, Aaron",150,euro,141,0,76,3,-0.179883647
"Schniederjans, Ollie",150,pga,142,0,294,14,-0.180630795
"Rozner, Antoine",150,euro,143,1,112,6,-0.182499434
"Sigg, Greyson",150,kft,144,-1,233,0,-0.183871226
"Stricker, Steve",150,pga,145,0,462,8,-0.18581043
"Ramey, Chad",150,kft,146,0,276,-2,-0.189087674
"Stuard, Brian",150,pga,147,0,190,-5,-0.194344581
"Rodgers, Patrick",150,pga,148,0,232,-8,-0.200154808
"Herbert, Lucas",150,euro,149,0,70,-1,-0.217138919
"Ventura, Kristoffer",150,pga,150,0,177,-1,-0.227901633
"Lewis, Tom",150,euro,151,0,71,2,-0.230155023
"Zhang, Xinjun",150,pga,152,0,183,-6,-0.234348951
"Cook, Austin",150,pga,153,0,186,4,-0.238565274
"Lee, Danny",150,pga,154,0,137,-2,-0.242516551
"Kim, Chan",150,jpn,155,0,74,0,-0.251431172
"Molinari, Francesco",150,pga,156,0,123,-18,-0.26409055
"Lashley, Nate",150,pga,157,0,122,-1,-0.26465999
"Hansen, Joachim B",150,euro,158,0,144,5,-0.265684228
"Kanaya, Takumi",140,jpn,159,0,120,3,-0.267922021
"Hoag, Bo",150,pga,160,0,299,-4,-0.277554524
"Donaldson, Jamie",150,euro,161,0,166,7,-0.278927841
"Otaegui, Adrian",150,euro,162,0,154,-2,-0.285199238
"Luiten, Joost",150,euro,163,0,164,-4,-0.290273447
"Cabrera Bello, Rafa",150,pga,164,0,103,-5,-0.307030334
"Dufner, Jason",150,pga,165,0,350,4,-0.311648004
"Burgoon, Bronson",150,pga,166,0,337,0,-0.313433297
"Sloan, Roger",150,pga,167,0,349,-10,-0.322226019
"Jaeger, Stephan",150,kft,168,0,234,2,-0.326277031
"List, Luke",150,pga,169,1,178,-4,-0.329513256
"Kennedy, Brad",150,jpn,170,-1,159,-4,-0.333051253
"Suh, Justin",150,pga,171,0,416,4,-0.345772125
"Leishman, Marc",150,pga,172,0,28,0,-0.347247323
"Martin, Ben",150,kft,173,0,488,1,-0.348413811
"Willett, Danny",150,pga,174,0,67,-2,-0.34916574
"Hardy, Nick",150,kft,175,0,437,4,-0.351887113
"Olesen, Thorbjorn",150,euro,176,0,364,-18,-0.354119648
"Steele, Brendan",150,pga,177,1,115,9,-0.357422896
"Hodges, Lee",150,kft,178,-1,268,0,-0.357868323
"Burmester, Dean",150,euro,179,0,181,0,-0.361288729
"Jordan, Matthew",150,euro,180,0,196,3,-0.364217794
"Thompson, Michael",150,pga,181,0,108,2,-0.367530767
"Lebioda, Hank",150,pga,182,0,326,2,-0.377281446
"Sutherland, Kevin",150,champ,183,0,9999,0,-0.381730631
"Landry, Andrew",150,pga,184,0,104,7,-0.385061317
"Coetzee, George",150,euro,185,0,93,-1,-0.385723232
"Els, Ernie",150,champ,186,0,9999,0,-0.392047
"Waring, Paul",150,euro,187,0,140,-6,-0.397799134
"Bramlett, Joseph",150,kft,188,1,285,-1,-0.403293919
"Lindheim, Nicholas",150,kft,189,-1,473,3,-0.404055243
"Harding, Justin",150,euro,190,0,162,-5,-0.414322984
"Putnam, Andrew",150,pga,191,0,199,-13,-0.416502638
"Valimaki, Sami",150,euro,192,0,69,1,-0.448789228
"Hopfinger, Brad",150,kft,193,0,423,-2,-0.465682227
"Smith, Jordan",150,euro,194,1,187,0,-0.469000212
"Sterne, Richard",150,euro,195,-1,331,-16,-0.469069224
"Paratore, Renato",150,euro,196,1,143,2,-0.471799522
"Lipsky, David",150,euro,197,-1,215,-6,-0.472502336
"Hearn, David",150,pga,198,0,451,6,-0.475320463
"Korhonen, Mikko",150,euro,199,0,247,-6,-0.480853843
"Samooja, Kalle",150,euro,200,0,160,5,-0.484702779
"Zecheng, Marty Dou",150,kft,201,0,323,0,-0.487028898
"Holmes, J.B.",150,pga,202,0,235,-16,-0.492001668
"Svensson, Adam",150,kft,203,0,9999,0,-0.500777673
"Harrington, Padraig",150,euro,204,0,305,-2,-0.503414131
"Crocker, Sean",150,euro,205,0,212,9,-0.505437244
"Lagergren, Joakim",150,euro,206,0,185,8,-0.508240522
"Arnaus, Adri",150,euro,207,1,133,-2,-0.508354341
"Herman, Jim",150,pga,208,-1,96,4,-0.508397098
"Anderson, Mark",150,pga,209,0,465,-14,-0.509856685
"Ryder, Sam",150,pga,210,0,319,0,-0.51592938
"Oppenheim, Rob",150,pga,211,0,447,2,-0.517492766
"Bland, Richard",150,euro,212,0,188,12,-0.517549771
"Gordon, Will",150,pga,213,0,229,-3,-0.519646283
"Kohles, Ben",150,kft,214,0,301,-4,-0.522355165
"Aphibarnrat, Kiradech",150,pga,215,0,273,-9,-0.522395689
"Veerman, Johannes",150,euro,216,1,263,3,-0.523381782
"Gutschewski, Scott",150,kft,217,-1,9999,0,-0.523420502
"Stone, Brandon",150,euro,218,0,200,-4,-0.52463134
"Streb, Robert",150,pga,219,0,113,6,-0.527851435
"Langasque, Romain",150,euro,220,0,124,-2,-0.532550428
"Jamieson, Scott",150,euro,221,1,226,8,-0.540546236
"Chappell, Kevin",150,pga,222,-1,9999,0,-0.540873631
"Goosen, Retief",150,champ,223,0,9999,0,-0.543512247
"Baker, Chris",150,kft,224,0,429,-5,-0.551659411
"Baddeley, Aaron",150,pga,225,0,412,-9,-0.555045478
"Rock, Robert",150,euro,226,0,223,6,-0.558185338
"Catlin, John",150,euro,227,0,94,5,-0.561147948
"Nienaber, Wilco",150,euro,228,0,161,1,-0.567166067
"Besseling, Wil",150,euro,229,0,173,9,-0.569940596
"Wolfe, Jared",150,kft,230,0,209,5,-0.572742886
"Watney, Nick",150,pga,231,0,353,4,-0.576616467
"Harkins, Brandon",150,kft,232,0,452,2,-0.578306443
"Scrivener, Jason",150,euro,233,0,225,-10,-0.582721709
"Spaun, J.J.",150,pga,234,0,475,-6,-0.582817683
"Fichardt, Darren",150,euro,235,1,239,7,-0.58606856
"Kitayama, Kurt",150,euro,236,-1,134,-1,-0.587157671
"Canter, Laurie",150,euro,237,0,127,5,-0.591060966
"Villegas, Camilo",150,pga,238,0,401,9,-0.594961969
"Shelton, Robby",150,pga,239,0,175,0,-0.607231353
"Theegala, Sahith",150,am,240,0,9999,0,-0.613157374
"Couples, Fred",141,champ,241,0,9999,0,-0.619931102
"Barnes, Erik",150,kft,242,0,9999,0,-0.621340286
"Hill, Calum",150,euro,243,0,197,7,-0.622954292
"Mitchell, Keith",150,pga,244,0,189,-11,-0.62490564
"Kawamura, Masahiro",150,euro,245,0,163,-2,-0.625239592
"Armitage, Marcus",150,euro,246,0,184,18,-0.639354976
"Whaley, Vincent",150,kft,247,0,455,-7,-0.642234033
"Hagy, Brandon",150,pga,248,1,398,-3,-0.644908229
"Dubuisson, Victor",139,euro,249,-1,333,-3,-0.646365192
"Vincent, Scott",150,euro,250,0,214,-3,-0.646654899
"Armour, Ryan",150,pga,251,0,238,-3,-0.654256748
"Hickok, Kramer",150,pga,252,0,366,-4,-0.656010387
"Imahira, Shugo",150,jpn,253,0,77,-1,-0.656804286
"McDowell, Graeme",150,pga,254,1,83,0,-0.656957469
"Horsey, David",150,euro,255,-1,267,9,-0.657070348
"Syme, Connor",150,euro,256,0,227,5,-0.657799307
"Shinkwin, Callum",150,euro,257,0,131,10,-0.665933279
"Charoenkul, Gunn",150,jpn,258,0,158,9,-0.669671652
"Hebert, Benjamin",150,euro,259,0,135,1,-0.670674118
"Gligic, Michael",150,kft,260,0,445,-3,-0.671446097
"Janewattananond, Jazz",150,jpn,261,0,88,-1,-0.673547549
"Van Der Walt, Dawie",150,kft,262,0,9999,0,-0.678763248
"Teater, Josh",150,pga,263,0,340,-2,-0.681189025
"Swafford, Hudson",150,pga,264,0,198,-7,-0.684587719
"Hojgaard, Rasmus",150,cha,265,0,87,-1,-0.685021727
"Kelly, Jerry",150,champ,266,0,9999,0,-0.693104523
"Heisele, Sebastian",150,cha,267,0,206,1,-0.698369668
"Fisher, Ross",150,euro,268,1,211,6,-0.710322375
"Mullinax, Trey",150,pga,269,-1,290,2,-0.710492025
"Pepperell, Eddie",150,euro,270,0,132,-2,-0.71843701
"Gay, Brian",150,pga,271,0,202,1,-0.727915783
"Fox, Ryan",150,euro,272,0,204,1,-0.731056485
"Lower, Justin",150,kft,273,0,390,-4,-0.734798089
"Seiffert, Chase",150,kft,274,2,262,-4,-0.73768202
"Power, Seamus",150,pga,275,0,433,0,-0.73822206
"Barjon, Paul",150,kft,276,-2,213,-3,-0.73837956
"Zanotti, Fabrizio",150,euro,277,0,368,-7,-0.742501551
"Brehm, Ryan",150,kft,278,0,435,-7,-0.744196154
"Diaz, Roberto",150,kft,279,0,358,6,-0.749856586
"Pereira, Mito",150,kft,280,0,302,5,-0.756186071
"Lee, Kyounghoon",150,pga,281,0,274,-2,-0.762054718
"De Jager, Louis",150,euro,282,0,295,-6,-0.77513538
"Uihlein, Peter",150,pga,283,0,492,-2,-0.77693854
"Gomez, Fabian",150,pga,284,0,291,-3,-0.779239364
"O'Hair, Sean",150,pga,285,0,9999,0,-0.786757995
"Southgate, Matthew",150,euro,286,0,224,7,-0.794708219
"Brown, Steven",150,euro,287,0,244,-1,-0.796143882
"Chun-an, Yu",150,am,288,0,9999,0,-0.796709198
"Hossler, Beau",150,pga,289,0,288,-3,-0.79780674
"Austin, Woody",150,champ,290,0,9999,0,-0.79982896
"Riley, Davis",150,kft,291,0,222,-4,-0.800872839
"Hoshino, Rikuya",150,jpn,292,0,110,7,-0.801239574
"Kinhult, Marcus",150,euro,293,0,111,9,-0.808436439
"Bjork, Alexander",150,euro,294,0,284,-1,-0.820034766
"Crick, Brandon",150,kft,295,0,9999,0,-0.821587172
"Horsfield, Sam",150,euro,296,0,98,4,-0.823221615
"Van Tonder, Daniel",150,afr,297,0,155,0,-0.824389701
"Ramsay, Richie",150,euro,298,0,277,2,-0.827135599
"Morrison, James",150,euro,299,0,411,11,-0.827411776
"Guerrier, Julien",150,euro,300,0,439,6,-0.827960682
"Ishikawa, Ryo",150,jpn,301,1,91,5,-0.832579643
"Augenstein, John",150,am,302,-1,9999,0,-0.832853121
"Thompson, Davis",150,am,303,0,9999,0,-0.836249673
"Tarren, Callum",150,kft,304,0,9999,0,-0.840027174
"Tway, Kevin",150,pga,305,0,361,-8,-0.842706941
"Stroud, Chris",150,pga,306,0,386,-11,-0.845742165
"Bhatia, Akshay",147,pga,307,0,9999,0,-0.847788337
"Horikawa, Mikumu",150,jpn,308,0,194,-2,-0.854063075
"Roach, Wes",150,pga,309,0,380,-4,-0.856096762
"Ahlers, Jaco",150,afr,310,0,261,6,-0.856999487
"Higgo, Garrick",150,euro,311,0,90,0,-0.858630105
"Haas, Bill",150,pga,312,0,9999,0,-0.872580191
"Hall, Harry",150,am,313,0,402,5,-0.87510707
"Nunez, Augusto",150,kft,314,1,369,8,-0.880891034
"Wilkinson, Tim",150,kft,315,2,462,-3,-0.882589276
"Wang, Jeunghun",150,euro,316,-2,330,13,-0.883531044
"Buckley, Hayden",150,kft,317,-1,9999,0,-0.883991568
"Blixt, Jonas",150,pga,318,0,9999,0,-0.889507634
"Thornberry, Braden",150,kft,319,0,9999,0,-0.892087859
"McCumber, Tyler",150,pga,320,0,281,1,-0.892272852
"Karlsson, Robert",150,euro,321,0,9999,0,-0.892677002
"Kim, Joohyung",130,owgr,322,0,149,-3,-0.901089902
"Harrington, Scott",150,pga,323,1,332,-3,-0.901115068
"Singh Brar, Jack",150,euro,324,-1,430,-4,-0.901920898
"Green, Gavin",150,euro,325,0,191,3,-0.903122958
"Migliozzi, Guido",150,euro,326,0,203,-8,-0.912140045
"Parel, Scott",150,champ,327,0,9999,0,-0.914189373
"Eckroat, Austin",150,am,328,0,9999,0,-0.917274599
"Lemke, Niklas",150,euro,329,0,283,4,-0.918101256
"Greyserman, Max",150,kft,330,0,9999,0,-0.920631759
"Montgomery, Taylor",107,kft,331,0,392,3,-0.923214698
"Garber, Joey",150,kft,332,0,9999,0,-0.924824407
"Schaper, Jayden Trey",150,am,333,0,342,8,-0.932782609
"Cockerill, Aaron",150,euro,334,0,376,4,-0.945024455
"Meronk, Adrian",150,euro,335,0,192,9,-0.950119079
"Roy, Kevin",96,kft,336,0,9999,0,-0.964586254
"Trahan, D.J.",150,pga,337,0,452,-9,-0.96578568
"Lovemark, Jamie",150,pga,338,0,9999,0,-0.966583025
"Smalley, Alex",150,am,339,0,9999,0,-0.971570489
"Paisley, Chris",150,euro,340,0,256,-1,-0.974481957
"Brown, Scott",150,pga,341,0,242,-3,-0.976368392
"Young, Cameron",150,am,342,0,499,0,-0.981311319
"Laporta, Francesco",150,cha,343,0,152,1,-0.983299689
"Karlberg, Rikard",150,euro,344,0,424,-5,-0.98470749
"Cummins, Quade",150,am,345,0,9999,0,-0.990045734
"Baek, Todd",150,kft,346,0,399,0,-0.993458559
"Stanger, Jimmy",150,kft,347,0,407,-2,-0.99629477
"Larrazabal, Pablo",150,euro,348,0,245,2,-0.996657146
"Albertson, Anders",150,kft,349,0,9999,0,-1.004255141
"Moore, Taylor",150,kft,350,0,9999,0,-1.010984965
"Truslow, Austen",86,kft,351,0,436,4,-1.015842688
"Blair, Zac",150,pga,352,0,307,-6,-1.020058084
"Kang, Sung",150,pga,353,1,86,-2,-1.021054607
"Endycott, Harrison",150,kft,354,2,9999,0,-1.021766548
"Donald, Luke",150,pga,355,2,9999,0,-1.02185333
"Kang, Kyungnam",150,kor,356,-1,381,7,-1.022051282
"Antcliff, Maverick",150,euro,357,-4,254,11,-1.022077305
"Kraft, Kelly",150,pga,358,0,454,-17,-1.02312686
"Jones, Kyle",150,kft,359,0,474,12,-1.02744285
"Reifers, Kyle",150,kft,360,0,9999,0,-1.030503794
"Drewitt, Brett",150,kft,361,1,362,7,-1.03728085
"Pak, John",150,am,362,-1,9999,0,-1.038296785
"Kieffer, Maximilian",150,euro,363,0,459,7,-1.040957704
"McCarthy, Dan",150,kft,364,0,359,0,-1.043918905
"Ogletree, Andy",150,am,365,0,9999,0,-1.044987077
"Farr, Oliver",150,euro,366,1,259,0,-1.046881492
"Colsaerts, Nicolas",150,euro,367,-1,231,-3,-1.046932948
"Tokimatsu, Ryuko",150,jpn,368,0,217,6,-1.054479965
"Winther, Jeff",150,euro,369,0,279,-6,-1.05586379
"Choi, K.J.",150,pga,370,1,9999,0,-1.059929577
"Castro, Roberto",150,pga,371,-1,9999,0,-1.061086159
"Lengden, Oscar",150,cha,372,0,286,5,-1.064620998
"Li, Haotong",150,euro,373,0,168,-5,-1.066874314
"Yuan, Yechun",150,kft,374,0,414,0,-1.073798647
"Jimenez, Miguel A",150,champ,375,1,9999,0,-1.073977754
"Thompson, Curtis",150,kft,376,-1,320,7,-1.074877965
"Wagner, Johnson",150,pga,377,0,9999,0,-1.076235679
"Levy, Alexander",150,euro,378,0,341,10,-1.081160281
"Pastore, David",108,can,379,0,466,13,-1.085797961
"Warren, Marc",150,euro,380,0,220,2,-1.092729313
"Byrd, Jonathan",150,pga,381,0,9999,0,-1.09835846
"Park, Sanghyun",150,jpn,382,0,243,5,-1.108100259
"Fishburn, Patrick",150,kft,383,0,9999,0,-1.109405342
"Otsuki, Tomoharu",150,jpn,384,0,218,12,-1.120194063
"Ros, Pep Angles",150,cha,385,0,260,1,-1.123652088
"Hoey, Rico",150,kft,386,0,9999,0,-1.12499536
"Sordet, Clement",150,euro,387,0,484,7,-1.125889862
"Easton, Bryce",150,cha,388,0,382,0,-1.12860867
"Walker, Jimmy",150,pga,389,0,420,-6,-1.1286129
"Kinoshita, Ryosuke",150,jpn,390,0,236,4,-1.13281906
"Dougherty, Kevin",150,kft,391,0,460,5,-1.134550815
"Kim, Whee",150,kft,392,0,9999,0,-1.137652575
"Murray, Grayson",150,pga,393,0,9999,0,-1.142973429
"Castillo, Ricky",109,am,394,0,9999,0,-1.150726705
"Soderberg, Sebastian",150,euro,395,1,195,-6,-1.159522715
"Saxon, Charlie",150,kft,396,-1,9999,0,-1.160272582
"Blaum, Ryan",150,pga,397,0,9999,0,-1.16217784
"Campillo, Jorge",150,euro,398,0,118,-5,-1.163712368
"Wu, Dylan",150,kft,399,0,313,-2,-1.165434056
"Perry, Kenny",150,champ,400,0,9999,0,-1.1673365
"Gagli, Lorenzo",150,euro,401,0,363,3,-1.177811524
"Suri, Julian",150,euro,402,0,443,-11,-1.181787474
"VanDerLaan, John",150,kft,403,0,9999,0,-1.186431876
"Kjeldsen, Soren",150,euro,404,0,9999,0,-1.191271581
"Toms, David",150,champ,405,0,9999,0,-1.196835224
"Forrest, Grant",150,euro,406,0,315,5,-1.196866981
"Barnes, Ricky",150,pga,407,0,9999,0,-1.201542195
"Chin, John",150,kft,408,0,384,3,-1.203963075
"Bae, Sangmoon",150,pga,409,0,9999,0,-1.207858527
"Jobe, Brandt",150,champ,410,0,9999,0,-1.209869371
"Pavon, Matthieu",150,euro,411,2,347,-7,-1.219375445
"Smotherman, Austin",150,kft,412,0,9999,0,-1.220577653
"Moon, Kyongjun",150,kor,413,-2,322,4,-1.221155079
"India, Vince",150,kft,414,0,9999,0,-1.222895045
"Walters, Justin",150,euro,415,2,270,-1,-1.222995818
"Rodriguez, Jose de Jesus",150,kft,416,-1,493,2,-1.223027794
"Coletta, Brett",150,kft,417,-1,434,-5,-1.224378971
"Pampling, Rod",150,pga,418,0,9999,0,-1.241566868
"Blaauw, Jacques",150,afr,419,0,422,5,-1.242932258
"Cappelen, Sebastian",150,pga,420,1,409,-5,-1.244446048
"Blomstrand, Christofer",150,cha,421,1,298,6,-1.244975611
"Ruffels, Ryan",150,kft,422,1,9999,0,-1.247593996
"Kim, Sihwan",150,euro,423,-3,9999,0,-1.247742982
"Aiken, Thomas",150,euro,424,0,9999,0,-1.254353308
"Phillips, Chandler",150,am,425,1,9999,0,-1.261783124
"Luck, Curtis",150,kft,426,1,379,5,-1.262258497
"Ormsby, Wade",150,euro,427,1,205,7,-1.263683067
"Ortiz, Alvaro",150,sam,428,2,9999,0,-1.264635126
"Lawrence, Thriston",150,afr,429,2,336,-3,-1.26468478
"Arnold, Jamie",150,kft,430,-1,9999,0,-1.265075809
"Humphrey, Theo",150,kft,431,1,9999,0,-1.26674003
"Chesters, Ashley",150,euro,432,1,9999,0,-1.270591392
"Ikeda, Yuta",150,jpn,433,1,278,2,-1.273942794
"Van Driel, Darius",150,euro,434,2,300,-4,-1.274494908
"McGreevy, Max",150,kft,435,0,265,-5,-1.274925276
"Pope, Andy",86,kft,436,1,9999,0,-1.279986213
"Senior, Jack",150,euro,437,1,252,-1,-1.281668825
"Vick, Travis",146,am,438,-13,9999,0,-1.28216123
"Lamb, Rick",150,kft,439,0,9999,0,-1.289093163
"Armstrong, Dawson",150,kft,440,0,9999,0,-1.294331847
"Salinda, Isaiah",150,am,441,0,9999,0,-1.301450368
"Moller, Niklas Norgaard",150,owgr,442,1,343,-1,-1.305649369
"Knous, Jim",150,pga,443,-1,9999,0,-1.306245989
"Montgomerie, Colin",150,champ,444,0,9999,0,-1.306457781
"Iwata, Hiroshi",150,jpn,445,0,266,-4,-1.307464757
"Daffue, MJ",73,kft,446,1,9999,0,-1.308977188
"Rocha, Alexandre",146,sam,447,-1,9999,0,-1.311720294
"Siem, Marcel",150,euro,448,0,9999,0,-1.315484209
"Hammer, Cole",150,am,449,0,9999,0,-1.315881203
"Kim, Seunghyuk",150,jpn,450,-1,428,11,-1.318593711
"Nakajima, Keita",129,am,451,-1,478,13,-1.322558645
"Ford, Matt",150,cha,452,-1,387,4,-1.32301212
"Stow, Ben",150,cha,453,-1,388,12,-1.32702776
"Potter Jr, Ted",150,pga,454,-1,444,2,-1.327555132
"Yonezawa, Ren",103,am,455,-1,9999,0,-1.329215163
"Taylor, Ben",150,kft,456,-1,9999,0,-1.333153881
"Du Plessis, Hennie",150,afr,457,-1,400,-2,-1.334264164
"Lee, Min Woo",150,euro,458,-1,171,-2,-1.33659116
"Canizares, Alejandro",150,euro,459,-1,9999,0,-1.337388624
"Broadhurst, Paul",150,champ,460,-1,9999,0,-1.344874259
"Lieser, Ondrej",105,owgr,461,-1,174,10,-1.346615208
"Novak, Andrew",150,kft,462,-1,471,-3,-1.347278238
"Limbhasut, KK",150,kft,463,-1,9999,0,-1.349445221
"Knappe, Alexander",150,cha,464,0,406,5,-1.350623715
"McCormick, Ryan",117,kft,465,-2,9999,0,-1.351328619
"Ritthammer, Bernard",150,euro,466,-1,425,0,-1.351621696
"Shieh, Hayden",143,can,467,-1,9999,0,-1.367809248
"Simonsen, Martin Leth",150,cha,468,-1,9999,0,-1.368068933
"Compton, Erik",150,kft,469,-1,9999,0,-1.370970786
"Holt, Ian",150,can,470,-1,9999,0,-1.373794718
"Tuten, Shad",150,sam,471,-1,9999,0,-1.375603493
"Randolph, Jonathan",150,kft,472,-1,9999,0,-1.379236181
"Harmeling, Evan",150,sam,473,-1,334,9,-1.379380457
"Gallegos, Andres",150,sam,474,0,9999,0,-1.381383353
"Van Aswegen, Tyrone",150,kft,475,-2,9999,0,-1.381641665
"Wu, Ashun",150,euro,476,-1,378,-4,-1.386624268
"Chiarella, Alex",97,kft,477,-1,9999,0,-1.390758808
"Coody, Pierceson",150,am,478,-1,9999,0,-1.400422323
"Campbell, Brian",150,kft,479,-1,9999,0,-1.407176497
"Cho, Mingyu",150,jpn,480,-1,9999,0,-1.408265617
"Miller, Michael",150,kft,481,-1,9999,0,-1.410046772
"Vogel, T.J.",150,kft,482,-1,9999,0,-1.414509644
"Miller, Cole",150,can,483,-1,9999,0,-1.416080753
"Haley II, Paul",120,kft,484,-1,419,-3,-1.417654984
"Lee, Jaekyeong",81,kor,485,-1,296,2,-1.418974832
"Whitnell, Dale",105,euro,486,-1,269,2,-1.425271119
"Schneider, Marcel",150,cha,487,-1,335,10,-1.426270812
"Nimmer, Bryson",150,can,488,-1,9999,0,-1.426294587
"Baldwin, Matthew",150,cha,489,-1,408,1,-1.426768763
"Izumida, Daijiro",150,jpn,490,0,329,2,-1.430376305
"Mansell, Richard",150,cha,491,-2,257,-1,-1.430576584
"Hirschman, Grant",150,kft,492,-1,9999,0,-1.431656396
"Franken, Stephen",150,kft,493,-1,9999,0,-1.431852579
"Goya, Estanislao",150,sam,494,-1,9999,0,-1.431976522
"Rohwer, Martin",150,afr,495,-1,385,-7,-1.432116364
"Sciot-Siegrist, Robin",150,cha,496,-1,306,11,-1.432875809
"O'Neill, Chris",59,can,497,3,9999,0,-1.435428074
"Sharvin, Cormac",150,euro,498,0,391,-2,-1.439886789
"Chan, Lorens",150,can,499,-2,9999,0,-1.440078902
"Schmid, Matthias",150,am,500,-1,9999,0,-1.441215316
