player_name,sample_size,primary_tour,dg_rank,dg_change,owgr_rank,owgr_change,dg_index
"Johnson, Dustin",150,pga,1,0,1,0,2.431989286
"Rahm, Jon",150,pga,2,1,2,0,2.344968022
"Schauffele, Xander",150,pga,3,1,6,-1,2.252875286
"Thomas, Justin",150,pga,4,-2,3,0,2.230628521
"McIlroy, Rory",150,pga,5,4,7,-1,1.956023284
"Cantlay, Patrick",150,pga,6,4,10,0,1.904516339
"Simpson, Webb",150,pga,7,-2,9,-1,1.821833529
"DeChambeau, Bryson",150,pga,8,-2,8,-1,1.810600798
"English, Harris",150,pga,9,-2,16,0,1.78458511
"Hatton, Tyrrell",150,pga,10,4,5,4,1.722263926
"Reed, Patrick",150,pga,11,-3,11,0,1.644113914
"Berger, Daniel",150,pga,12,-1,13,0,1.623786206
"Finau, Tony",150,pga,13,4,20,2,1.56973211
"Niemann, Joaquin",150,pga,14,-2,26,-1,1.452962494
"Hovland, Viktor",150,pga,15,-2,14,0,1.440404808
"Matsuyama, Hideki",150,pga,16,-1,21,-1,1.366696294
"Morikawa, Collin",150,pga,17,-1,4,0,1.355429169
"Ancer, Abraham",150,pga,18,1,25,1,1.319528426
"Scheffler, Scottie",150,pga,19,-1,33,0,1.307933977
"Im, Sungjae",150,pga,20,5,17,1,1.150311391
"Koepka, Brooks",150,pga,21,3,12,0,1.128293898
"Fitzpatrick, Matthew",150,pga,22,0,18,-1,1.119044342
"Palmer, Ryan",150,pga,23,-2,28,0,1.108426357
"Henley, Russell",150,pga,24,-4,55,-3,1.09661131
"Scott, Adam",150,pga,25,-2,23,-2,1.092912358
"Kisner, Kevin",150,pga,26,0,30,-1,1.050147257
"Horschel, Billy",150,pga,27,0,39,0,1.028611712
"Conners, Corey",150,pga,28,0,59,-1,1.021028532
"Kim, Si Woo",150,pga,29,18,48,48,1.015043405
"Smith, Cameron",150,pga,30,-1,32,0,0.971116079
"Fleetwood, Tommy",150,pga,31,5,19,0,0.970352877
"Harman, Brian",150,pga,32,0,88,9,0.957735982
"Bezuidenhout, Christiaan",150,euro,33,0,35,1,0.943181876
"Oosthuizen, Louis",150,pga,34,-4,24,0,0.899989107
"Casey, Paul",150,pga,35,21,27,0,0.883437934
"Zalatoris, Will",150,kft,36,-5,62,-1,0.844564072
"Wolff, Matthew",150,pga,37,9,15,0,0.82390638
"Day, Jason",150,pga,38,-4,43,0,0.811778768
"Kokrak, Jason",150,pga,39,-4,29,2,0.808305987
"Gooch, Talor",150,pga,40,2,85,-1,0.807485095
"Watson, Bubba",150,pga,41,-4,47,-1,0.787755242
"Fowler, Rickie",150,pga,42,15,61,-1,0.753855865
"Todd, Brendon",150,pga,43,-3,46,0,0.740968385
"Garcia, Sergio",150,pga,44,-3,45,0,0.720023043
"Moore, Ryan",150,pga,45,35,195,-13,0.704900409
"Na, Kevin",150,pga,46,-7,22,1,0.69166755
"Ortiz, Carlos",150,pga,47,-4,54,-1,0.688461799
"Dahmen, Joel",150,pga,48,2,65,-1,0.686701058
"Griffin, Lanto",150,pga,49,-4,56,0,0.649529421
"Johnson, Zach",150,pga,50,-12,113,-8,0.642943297
"Howell III, Charles",150,pga,51,-7,122,-7,0.635623562
"Tringale, Cameron",150,pga,52,2,106,-6,0.631780806
"Woodland, Gary",150,pga,53,17,40,0,0.63011045
"Hughes, Mackenzie",150,pga,54,-5,50,-1,0.61608941
"Lowry, Shane",150,pga,55,4,36,-1,0.603478627
"Davis, Cameron",150,pga,56,27,142,75,0.601655146
"Kuchar, Matt",150,pga,57,-5,41,1,0.588251535
"Rose, Justin",150,pga,58,-7,38,0,0.577949706
"Grillo, Emiliano",150,pga,59,2,155,4,0.563386646
"Streelman, Kevin",150,pga,60,0,58,-1,0.556168088
"Poulter, Ian",150,pga,61,-13,51,-3,0.550230101
"Munoz, Sebastian",150,pga,62,-4,60,-1,0.549889437
"Burns, Sam",150,pga,63,8,163,-5,0.500048286
"Van Rooyen, Erik",150,euro,64,-11,57,-2,0.497769019
"Woods, Tiger",150,pga,65,-3,44,0,0.491036767
"Long, Adam",150,pga,66,-11,63,-1,0.490010022
"Noren, Alex",150,pga,67,5,96,-4,0.489192584
"Jones, Matt",150,pga,68,6,101,3,0.472826945
"An, Byeong Hun",150,pga,69,27,73,4,0.468876158
"Wallace, Matt",150,euro,70,15,49,1,0.466403019
"Wise, Aaron",150,pga,71,-5,129,-2,0.455816141
"Hoffman, Charley",150,pga,72,5,137,-4,0.44278334
"Sabbatini, Rory",150,pga,73,14,112,10,0.437957909
"Frittelli, Dylan",150,pga,74,-7,67,-2,0.417616081
"Huh, John",150,pga,75,20,319,41,0.401694249
"Hoge, Tom",150,pga,76,-12,117,-8,0.366851512
"Furyk, Jim",150,pga,77,-4,229,-15,0.352870876
"Kirk, Chris",150,pga,78,20,119,9,0.350638545
"Homa, Max",150,pga,79,24,100,3,0.349087327
"Sullivan, Andy",150,euro,80,6,53,1,0.345857894
"McCarthy, Denny",150,pga,81,3,209,-5,0.344512493
"Kizzire, Patton",150,pga,82,-7,204,-9,0.33456988
"Macintyre, Robert",150,euro,83,7,52,-1,0.327535766
"Glover, Lucas",150,pga,84,-2,125,-6,0.297386505
"Cauley, Bud",150,pga,85,-6,186,1,0.285804144
"Straka, Sepp",150,pga,86,-23,141,-3,0.282986867
"Hahn, James",150,pga,87,12,230,9,0.274307858
"Wiesberger, Bernd",150,euro,88,14,42,-1,0.26700071
"Kaymer, Martin",150,euro,89,-11,84,-4,0.248063504
"Knox, Russell",150,pga,90,19,220,15,0.245959172
"Thompson, Michael",150,pga,91,30,89,13,0.233225671
"Perez, Victor",150,euro,92,-4,34,0,0.231504899
"Stenson, Henrik",150,pga,93,1,70,-4,0.224173651
"Redman, Doc",150,pga,94,-18,98,-8,0.222614162
"Hadwin, Adam",150,pga,95,29,80,-1,0.220136195
"Schwartzel, Charl",150,pga,96,14,219,-6,0.215797242
"Clark, Wyndham",150,pga,97,15,151,0,0.211002972
"Varner III, Harold",150,pga,98,-7,136,-1,0.209217043
"Cink, Stewart",150,pga,99,-6,128,-5,0.204270514
"Champ, Cameron",150,pga,100,-35,71,0,0.201570073
"Taylor, Nick",150,pga,101,0,126,-1,0.196782179
"Bradley, Keegan",150,pga,102,-33,139,-3,0.190843237
"Norlander, Henrik",150,pga,103,20,158,11,0.18499152
"Poston, J.T.",150,pga,104,-36,79,-5,0.172630957
"Lorenzo-Vera, Michael",150,euro,105,3,111,3,0.165945254
"Piercy, Scott",150,pga,106,-14,149,-3,0.163918605
"Werenski, Richy",150,pga,107,12,138,3,0.157784228
"Duncan, Tyler",150,pga,108,-1,150,-1,0.150121922
"Ghim, Doug",150,pga,109,28,278,112,0.149642913
"McNealy, Maverick",150,pga,110,-29,175,-5,0.148241366
"Pieters, Thomas",150,euro,111,2,81,0,0.127834564
"Malnati, Peter",150,pga,112,-23,164,-4,0.118295223
"Perez, Pat",150,pga,113,-7,210,-7,0.113381678
"Steele, Brendan",150,pga,114,12,82,3,0.097697023
"Molinari, Francesco",150,pga,115,48,110,20,0.092710191
"Laird, Martin",150,pga,116,0,76,-1,0.089598002
"Hubbard, Mark",150,pga,117,-13,146,-2,0.08483564
"Westwood, Lee",150,euro,118,-18,37,0,0.077844087
"Higgs, Harry",150,pga,119,-5,123,-5,0.076366212
"Leishman, Marc",150,pga,120,-5,31,-1,0.054703288
"Hardy, Nick",150,kft,121,-4,353,-3,0.036757638
"Pan, C.T.",150,pga,122,0,157,-7,0.036247666
"Spieth, Jordan",150,pga,123,-5,91,-5,0.028586104
"Stallings, Scott",150,pga,124,14,249,-3,0.014570408
"Schenk, Adam",150,pga,125,7,243,2,0.009162629
"Cook, Austin",150,pga,126,13,173,7,0.008005259
"Herbert, Lucas",150,euro,127,30,68,2,0.00570297
"Reavie, Chez",150,pga,128,-1,64,-1,-0.001760748
"Detry, Thomas",150,euro,129,-24,86,-3,-0.001836694
"Cabrera Bello, Rafa",150,pga,130,42,83,27,-0.020603491
"Taylor, Vaughn",150,pga,131,-11,184,-8,-0.02276247
"Stuard, Brian",150,pga,132,3,187,4,-0.026382252
"Langer, Bernhard",150,champ,133,-8,9999,0,-0.027839809
"Hoag, Bo",150,pga,134,18,274,27,-0.03149821
"Schwab, Matthias",150,euro,135,8,109,4,-0.041408456
"Stanley, Kyle",150,pga,136,5,242,1,-0.041978355
"Vegas, Jhonattan",150,pga,137,-9,225,-3,-0.050696486
"Rozner, Antoine",150,euro,138,13,104,4,-0.054901057
"Lipsky, David",150,euro,139,61,172,56,-0.061559655
"Merritt, Troy",150,pga,140,-10,160,-4,-0.07239576
"Garnett, Brice",150,pga,141,-30,265,-1,-0.079263965
"NeSmith, Matthew",150,pga,142,-45,203,-4,-0.080378713
"Rai, Aaron",150,euro,143,7,74,4,-0.083115801
"Wu, Brandon",150,kft,144,-10,177,-4,-0.101073592
"Johnston, Andrew",150,euro,145,-12,232,-8,-0.103701065
"Stricker, Steve",150,pga,146,7,459,2,-0.106696618
"Percy, Cameron",150,pga,147,-2,352,-8,-0.11417861
"Pendrith, Taylor",150,kft,148,-12,134,-2,-0.114206605
"Lee, Danny",150,pga,149,-9,152,-4,-0.13044922
"Hadley, Chesson",150,pga,150,-21,255,-3,-0.134976539
"Burgoon, Bronson",150,pga,151,7,326,20,-0.136574406
"Mickelson, Phil",150,pga,152,-4,72,-5,-0.148378711
"List, Luke",150,pga,153,16,180,10,-0.152388144
"Hickok, Kramer",150,pga,154,22,300,19,-0.160860217
"Rodgers, Patrick",150,pga,155,-1,239,-7,-0.161547994
"Scrivener, Jason",150,euro,156,84,114,105,-0.176389015
"Zhang, Xinjun",150,pga,157,-8,208,-8,-0.176577459
"Sigg, Greyson",150,kft,158,-16,240,-5,-0.177267155
"Sloan, Roger",150,pga,159,1,342,12,-0.177899731
"Coetzee, George",150,euro,160,28,90,8,-0.178342186
"Ramey, Chad",150,kft,161,-17,275,-1,-0.178491337
"Schniederjans, Ollie",150,kft,162,-15,290,1,-0.179758916
"Norris, Shaun",150,jpn,163,-17,116,1,-0.179909891
"Ventura, Kristoffer",150,pga,164,-8,194,-9,-0.180295887
"Martin, Ben",150,kft,165,10,482,0,-0.18612036
"Snedeker, Brandt",150,pga,166,-35,108,-9,-0.18682372
"Luiten, Joost",150,euro,167,1,167,0,-0.207759602
"Willett, Danny",150,pga,168,13,66,3,-0.215454963
"Kanaya, Takumi",142,jpn,169,-14,124,-4,-0.22146755
"Lahiri, Anirban",150,pga,170,-8,437,-4,-0.227999879
"Hansen, Joachim B",150,euro,171,-6,145,-3,-0.240619642
"Dufner, Jason",150,pga,172,1,355,-6,-0.241994414
"Putnam, Andrew",150,pga,173,20,207,-2,-0.25510852
"Otaegui, Adrian",150,euro,174,-7,161,-6,-0.261845153
"Grace, Branden",150,pga,175,-14,135,-4,-0.270970166
"Armour, Ryan",150,pga,176,28,216,21,-0.272054745
"Donaldson, Jamie",150,euro,177,-11,171,-3,-0.279449063
"Kim, Chan",150,jpn,178,-14,78,-5,-0.286681187
"Korhonen, Mikko",150,euro,179,31,218,31,-0.29954027
"Lewis, Tom",150,euro,180,-21,75,-3,-0.307996463
"Arnaus, Adri",150,euro,181,39,127,7,-0.309497509
"Herman, Jim",150,pga,182,-11,102,-9,-0.318354367
"Jaeger, Stephan",150,kft,183,-13,236,-3,-0.32108581
"Langasque, Romain",150,euro,184,44,118,3,-0.326094367
"Sterne, Richard",150,euro,185,23,320,27,-0.340265037
"Lee, Kyounghoon",150,pga,186,27,257,8,-0.345412772
"Hodges, Lee",150,kft,187,-13,272,-2,-0.348388345
"Mitchell, Keith",150,pga,188,-11,181,-7,-0.358276128
"Suh, Justin",150,pga,189,-11,418,-2,-0.35936594
"Kennedy, Brad",150,jpn,190,-10,169,-6,-0.365413934
"Kitayama, Kurt",150,euro,191,52,143,-3,-0.371057281
"Ryder, Sam",150,pga,192,6,313,8,-0.372221138
"Olesen, Thorbjorn",150,euro,193,-11,390,-10,-0.375721181
"Jordan, Matthew",150,euro,194,-10,205,-4,-0.383536943
"Lebioda, Hank",150,pga,195,-16,343,-9,-0.386382996
"Jamieson, Scott",150,euro,196,34,215,15,-0.389575455
"Oppenheim, Rob",150,pga,197,12,434,15,-0.392078826
"Lindheim, Nicholas",150,kft,198,-11,471,1,-0.396697342
"Seiffert, Chase",150,pga,199,58,251,20,-0.399048835
"Bland, Richard",150,euro,200,23,182,1,-0.402120296
"Burmester, Dean",150,euro,201,-18,190,-6,-0.404282261
"Dubuisson, Victor",143,euro,202,56,309,30,-0.405369352
"Hearn, David",150,pga,203,-18,463,-12,-0.427600029
"Sutherland, Kevin",150,champ,204,-10,9999,0,-0.428079234
"Els, Ernie",150,champ,205,-10,9999,0,-0.434649629
"Baddeley, Aaron",150,pga,206,-15,406,-15,-0.439300981
"Smith, Jordan",150,euro,207,-2,202,-5,-0.441884519
"Teater, Josh",150,pga,208,56,323,15,-0.446974143
"Samooja, Kalle",150,euro,209,3,165,-4,-0.455457251
"Hopfinger, Brad",150,kft,210,-11,426,-1,-0.45592592
"Zanotti, Fabrizio",150,euro,211,70,268,104,-0.474322791
"Waring, Paul",150,euro,212,-22,148,-3,-0.478216233
"Shelton, Robby",150,pga,213,-27,178,-6,-0.479869615
"Zecheng, Marty Dou",150,kft,214,-11,338,-10,-0.480589566
"Harding, Justin",150,euro,215,-19,179,-13,-0.490304997
"Svensson, Adam",150,kft,216,-10,9999,0,-0.491188459
"Harrington, Padraig",150,euro,217,1,308,-2,-0.507020282
"Hebert, Benjamin",150,euro,218,47,133,6,-0.510550539
"Kohles, Ben",150,kft,219,-5,305,-3,-0.512002995
"Holmes, J.B.",150,pga,220,-5,252,-2,-0.515058305
"Gutschewski, Scott",150,kft,221,-4,9999,0,-0.517607875
"Lagergren, Joakim",150,euro,222,-1,189,-8,-0.528688755
"Aphibarnrat, Kiradech",150,pga,223,1,287,-7,-0.529416841
"Spaun, J.J.",150,pga,224,-8,496,-8,-0.529437261
"Swafford, Hudson",150,pga,225,-33,170,-5,-0.534927227
"Gordon, Will",150,pga,226,-24,238,-7,-0.53514895
"Whaley, Vincent",150,kft,227,25,465,-7,-0.541243075
"Veerman, Johannes",150,euro,228,-3,267,-1,-0.544760565
"Janewattananond, Jazz",150,jpn,229,37,93,-2,-0.54757304
"Hojgaard, Rasmus",150,cha,230,38,92,-5,-0.547819116
"Hagy, Brandon",150,pga,231,48,354,44,-0.548778231
"Crocker, Sean",150,euro,232,-13,214,-4,-0.549707704
"Hill, Calum",150,euro,233,17,197,1,-0.549995998
"Shinkwin, Callum",150,euro,234,29,130,-1,-0.556936933
"Chappell, Kevin",150,pga,235,-6,9999,0,-0.560443317
"Wolfe, Jared",150,kft,236,-5,213,-6,-0.561930761
"Harkins, Brandon",150,kft,237,-4,444,1,-0.569088335
"Streb, Robert",150,pga,238,-4,107,-1,-0.57202642
"Rock, Robert",150,euro,239,-4,237,-8,-0.576688025
"Fox, Ryan",150,euro,240,38,212,-6,-0.579969938
"Landry, Andrew",150,pga,241,-14,115,-4,-0.581951378
"Baker, Chris",150,kft,242,-45,438,-6,-0.586292218
"Canter, Laurie",150,euro,243,1,131,-5,-0.587623333
"Paratore, Renato",150,euro,244,-37,147,0,-0.58811387
"Goosen, Retief",150,champ,245,-7,9999,0,-0.589301428
"Besseling, Wil",150,euro,246,-7,174,-3,-0.589755755
"Stone, Brandon",150,euro,247,-21,205,-3,-0.592589922
"Gay, Brian",150,pga,248,-1,193,-7,-0.594117417
"Hall, Harry",150,am,249,69,384,23,-0.600058429
"Anderson, Mark",150,pga,250,-18,488,-12,-0.60151214
"Fichardt, Darren",150,euro,251,-10,241,-3,-0.60746259
"Horsey, David",150,euro,252,7,270,-7,-0.609478967
"Bryan, Wesley",150,pga,253,-8,473,4,-0.610960687
"Barnes, Erik",150,kft,254,-8,9999,0,-0.613814447
"Valimaki, Sami",150,euro,255,-54,69,-1,-0.617860096
"Bramlett, Joseph",150,pga,256,-67,293,-6,-0.618462806
"Armitage, Marcus",150,euro,257,-4,188,-10,-0.62300545
"McDowell, Graeme",150,pga,258,3,87,-5,-0.624509015
"Power, Seamus",150,pga,259,-11,435,-1,-0.626192794
"Theegala, Sahith",150,am,260,-11,9999,0,-0.636427428
"Kawamura, Masahiro",150,euro,261,-10,168,-4,-0.636461452
"Southgate, Matthew",150,euro,262,28,221,2,-0.640099685
"Paisley, Chris",150,euro,263,82,228,34,-0.640517829
"Villegas, Camilo",150,pga,264,-22,397,-1,-0.641735358
"Watney, Nick",150,pga,265,-43,371,-8,-0.644529244
"Couples, Fred",141,champ,266,-12,9999,0,-0.667309313
"Vincent, Scott",150,euro,267,-12,227,-9,-0.668373726
"Van Der Walt, Dawie",150,kft,268,-12,9999,0,-0.668521656
"Syme, Connor",150,euro,269,-9,235,-8,-0.678386497
"Catlin, John",150,euro,270,-34,103,-9,-0.679173839
"Lashley, Nate",150,pga,271,-60,132,-8,-0.68506434
"Imahira, Shugo",150,jpn,272,-10,77,-1,-0.685529427
"Charoenkul, Gunn",150,jpn,273,-6,153,4,-0.702711056
"Mullinax, Trey",150,pga,274,-5,297,-5,-0.710544589
"Heisele, Sebastian",150,cha,275,-5,217,-5,-0.717182409
"Fisher, Ross",150,euro,276,-3,224,-9,-0.723202981
"Lower, Justin",150,kft,277,-5,398,-4,-0.726256719
"Bjork, Alexander",150,euro,278,21,280,5,-0.728796866
"O'Hair, Sean",150,pga,279,7,9999,0,-0.728876605
"Barjon, Paul",150,kft,280,-6,223,-7,-0.732666921
"Morrison, James",150,euro,281,22,395,14,-0.737864852
"Augenstein, John",150,am,282,24,9999,0,-0.739567118
"Lovemark, Jamie",150,pga,283,37,9999,0,-0.740136999
"Diaz, Roberto",150,kft,284,-8,359,0,-0.742956623
"Pereira, Mito",150,kft,285,-8,306,-3,-0.744126449
"Kim, Joohyung",132,owgr,286,43,156,-2,-0.744483619
"Brown, Steven",150,euro,287,4,248,0,-0.744590772
"Ramsay, Richie",150,euro,288,14,285,-9,-0.749415273
"Bhatia, Akshay",149,pga,289,23,9999,0,-0.753292476
"Brehm, Ryan",150,kft,290,-10,443,-4,-0.755964366
"Wilkinson, Tim",150,kft,291,-3,479,-11,-0.756268632
"Guerrier, Julien",150,euro,292,12,439,-1,-0.761276351
"Hossler, Beau",150,pga,293,-1,295,-5,-0.766622277
"Kelly, Jerry",150,champ,294,-12,9999,0,-0.778452626
"Nienaber, Wilco",150,euro,295,-58,166,-4,-0.779008821
"Haas, Bill",150,pga,296,2,9999,0,-0.784025092
"Uihlein, Peter",150,pga,297,-14,484,5,-0.78506013
"Warren, Marc",150,euro,298,86,162,59,-0.785505361
"Riley, Davis",150,kft,299,-15,231,-5,-0.792298168
"De Jager, Louis",150,euro,300,-15,301,-4,-0.794070379
"McCumber, Tyler",150,pga,301,43,283,3,-0.802801572
"Pepperell, Eddie",150,euro,302,-27,140,-3,-0.810221045
"Crick, Brandon",150,kft,303,-14,9999,0,-0.812019012
"Tway, Kevin",150,pga,304,-11,382,-9,-0.817507609
"Chun-an, Yu",150,am,305,-11,9999,0,-0.820832143
"Gligic, Michael",150,pga,306,-35,456,-3,-0.821451206
"Gomez, Fabian",150,pga,307,4,299,-6,-0.822543987
"Hoshino, Rikuya",150,jpn,308,-13,105,2,-0.829465724
"Tarren, Callum",150,kft,309,-12,9999,0,-0.83063841
"Austin, Woody",150,champ,310,-9,9999,0,-0.844301694
"Horsfield, Sam",150,euro,311,-11,99,2,-0.844506668
"Higgo, Garrick",150,euro,312,2,94,-5,-0.84475413
"Van Tonder, Daniel",150,afr,313,-8,144,-1,-0.846519198
"Thompson, Davis",150,am,314,-7,9999,0,-0.852682598
"Migliozzi, Guido",150,euro,315,16,222,-13,-0.856746745
"Roach, Wes",150,pga,316,-8,377,1,-0.859687875
"Stroud, Chris",150,pga,317,-8,392,-4,-0.863797453
"Green, Gavin",150,euro,318,10,199,-6,-0.865204191
"Nunez, Augusto",150,kft,319,-9,369,-3,-0.867023924
"Ahlers, Jaco",150,afr,320,-7,262,-5,-0.879045992
"Thornberry, Braden",150,kft,321,-6,9999,0,-0.880157115
"Horikawa, Mikumu",150,jpn,322,-6,192,0,-0.882242391
"Wang, Jeunghun",150,euro,323,-6,325,-2,-0.88290954
"Buckley, Hayden",150,kft,324,-5,9999,0,-0.884118592
"Karlsson, Robert",150,euro,325,7,9999,0,-0.888370648
"Brown, Scott",150,pga,326,-39,246,-4,-0.899343618
"Levy, Alexander",150,euro,327,53,311,25,-0.900339346
"Garber, Joey",150,kft,328,-7,9999,0,-0.913589551
"Greyserman, Max",150,kft,329,-7,9999,0,-0.914380292
"Blixt, Jonas",150,pga,330,-7,9999,0,-0.915747597
"Trahan, D.J.",150,pga,331,-7,464,-4,-0.915880947
"Montgomery, Taylor",107,kft,332,-6,396,-4,-0.922562269
"Singh Brar, Jack",150,euro,333,-6,431,-1,-0.929561032
"Laporta, Francesco",150,cha,334,15,159,-8,-0.930326494
"Eckroat, Austin",150,am,335,-5,9999,0,-0.930389848
"Lemke, Niklas",150,euro,336,-3,277,1,-0.935239832
"Ishikawa, Ryo",150,jpn,337,-3,97,-2,-0.936286786
"Colsaerts, Nicolas",150,euro,338,30,234,0,-0.938449911
"Donald, Luke",150,pga,339,24,9999,0,-0.94054943
"Harrington, Scott",150,pga,340,-15,347,-8,-0.945171183
"Ormsby, Wade",150,euro,341,95,183,25,-0.945980798
"Schaper, Jayden Trey",150,am,342,-7,334,-2,-0.950637777
"Parel, Scott",150,champ,343,-7,9999,0,-0.957997872
"Kinhult, Marcus",150,euro,344,-48,120,-8,-0.96181815
"Roy, Kevin",96,kft,345,-8,9999,0,-0.962087572
"Cockerill, Aaron",150,euro,346,-8,373,-2,-0.962572937
"Kraft, Kelly",150,pga,347,14,467,-4,-0.96277838
"Meronk, Adrian",150,euro,348,-9,196,-9,-0.96540844
"Larrazabal, Pablo",150,euro,349,5,250,-3,-0.976721604
"Stanger, Jimmy",150,kft,350,-9,416,-5,-0.985194959
"Smalley, Alex",150,am,351,-9,9999,0,-0.985462437
"Kieffer, Maximilian",150,euro,352,14,461,-2,-0.986478491
"Young, Cameron",150,am,353,-10,9999,0,-0.986781657
"Cummins, Quade",150,am,354,-8,9999,0,-0.994713526
"Albertson, Anders",150,kft,355,-8,9999,0,-0.996530227
"Moore, Taylor",150,kft,356,-8,9999,0,-0.999809502
"Karlberg, Rikard",150,euro,357,-7,427,0,-1.003426876
"Kang, Kyungnam",150,kor,358,-7,365,3,-1.007394595
"Endycott, Harrison",150,kft,359,-7,9999,0,-1.01245652
"Truslow, Austen",86,kft,360,-5,440,-3,-1.018357281
"Reifers, Kyle",150,kft,361,-4,9999,0,-1.021227423
"Baek, Todd",150,jpn,362,-9,401,-2,-1.021755713
"Jones, Kyle",150,kft,363,-7,458,6,-1.021986805
"Drewitt, Brett",150,kft,364,-6,366,-2,-1.025157318
"McCarthy, Dan",150,kft,365,-6,370,-3,-1.033268121
"Blair, Zac",150,pga,366,-6,314,-6,-1.036714328
"Li, Haotong",150,euro,367,10,191,-14,-1.03877985
"Antcliff, Maverick",150,euro,368,-6,259,-4,-1.040245533
"Choi, K.J.",150,pga,369,-5,9999,0,-1.040783393
"Winther, Jeff",150,euro,370,2,288,-11,-1.04502009
"Pak, John",150,am,371,-6,9999,0,-1.056892428
"Ogletree, Andy",150,am,372,-5,9999,0,-1.062538079
"Yuan, Yechun",150,kft,373,-4,419,-4,-1.063931891
"Farr, Oliver",150,euro,374,-3,263,-2,-1.06402273
"Thompson, Curtis",150,kft,375,-5,330,-10,-1.064819928
"Walker, Jimmy",150,pga,376,16,433,-7,-1.071320396
"Kinoshita, Ryosuke",150,jpn,377,-4,244,-4,-1.076425893
"Castro, Roberto",150,pga,378,-4,9999,0,-1.078355188
"Lengden, Oscar",150,cha,379,-4,282,2,-1.081024065
"Tokimatsu, Ryuko",150,jpn,380,-4,233,-8,-1.085580494
"Wagner, Johnson",150,pga,381,-3,9999,0,-1.088846267
"Park, Sanghyun",150,jpn,382,-3,247,-6,-1.092147705
"Fishburn, Patrick",150,kft,383,-2,9999,0,-1.100353484
"Pastore, David",108,can,384,-2,460,2,-1.10563069
"Jimenez, Miguel A",150,champ,385,-2,9999,0,-1.10921603
"Byrd, Jonathan",150,pga,386,-1,9999,0,-1.112938806
"Hoey, Rico",150,kft,387,-1,9999,0,-1.117833568
"Aiken, Thomas",150,euro,388,44,9999,0,-1.118879026
"Dougherty, Kevin",150,kft,389,-2,446,6,-1.123881546
"Kim, Whee",150,kft,390,-2,9999,0,-1.128073516
"Murray, Grayson",150,pga,391,3,9999,0,-1.1326163
"Sordet, Clement",150,euro,392,-3,480,-1,-1.142327201
"Ros, Pep Angles",150,cha,393,-3,259,-1,-1.142518861
"Gagli, Lorenzo",150,euro,394,9,367,-5,-1.144274349
"Forrest, Grant",150,euro,395,17,316,-5,-1.145329635
"Easton, Bryce",150,cha,396,-5,391,-6,-1.145419348
"Saxon, Charlie",150,kft,397,-2,9999,0,-1.148425566
"Suri, Julian",150,euro,398,6,453,-6,-1.148718743
"Otsuki, Tomoharu",150,jpn,399,-6,211,0,-1.149823255
"Wu, Dylan",150,kft,400,-4,322,-8,-1.152533297
"Chesters, Ashley",150,euro,401,38,9999,0,-1.16741537
"Blaum, Ryan",150,pga,402,-5,9999,0,-1.172069429
"Castillo, Ricky",109,am,403,-5,9999,0,-1.173017748
"VanDerLaan, John",150,kft,404,-4,9999,0,-1.177356168
"Cappelen, Sebastian",150,pga,405,16,427,-8,-1.182796221
"Chin, John",150,kft,406,-4,376,5,-1.190725779
"Campillo, Jorge",150,euro,407,-6,121,-5,-1.191913083
"Kjeldsen, Soren",150,euro,408,0,9999,0,-1.200008905
"Bae, Sangmoon",150,pga,409,-4,9999,0,-1.20351809
"Moon, Kyongjun",150,kor,410,-4,324,-9,-1.204976874
"Smotherman, Austin",150,kft,411,-4,9999,0,-1.208459633
"Perry, Kenny",150,champ,412,-2,9999,0,-1.208546094
"India, Vince",150,kft,413,-4,9999,0,-1.208794906
"Kang, Sung",150,pga,414,-74,95,-7,-1.21094895
"Walters, Justin",150,euro,415,3,276,-3,-1.212726145
"Lee, Min Woo",150,euro,416,45,185,-6,-1.212789898
"Rodriguez, Jose de Jesus",150,kft,417,-6,477,7,-1.213839452
"Soderberg, Sebastian",150,euro,418,-19,200,-4,-1.218320291
"Pavon, Matthieu",150,euro,419,-3,360,-8,-1.219381564
"Coletta, Brett",150,kft,420,-6,441,-5,-1.219822532
"Barnes, Ricky",150,pga,421,-8,9999,0,-1.221402126
"Potter Jr, Ted",150,pga,422,9,462,-14,-1.22477079
"Ruffels, Ryan",150,kft,423,-8,9999,0,-1.235896547
"Toms, David",150,champ,424,-7,9999,0,-1.237038109
"Gallacher, Stephen",150,euro,425,0,499,0,-1.240782862
"Taylor, Ben",150,kft,426,1,9999,0,-1.24481848
"Jobe, Brandt",150,champ,427,-8,9999,0,-1.251832505
"Arnold, Jamie",150,kft,428,-8,9999,0,-1.255312921
"Weir, Mike",150,kft,429,-7,9999,0,-1.255885833
"Humphrey, Theo",150,kft,430,-6,9999,0,-1.257539869
"Luck, Curtis",150,kft,431,-8,372,2,-1.257728704
"Blaauw, Jacques",150,afr,432,-7,407,-2,-1.263206031
"Blomstrand, Christofer",150,cha,433,-7,294,0,-1.265244048
"McGreevy, Max",150,kft,434,-6,266,1,-1.267183008
"Kim, Sihwan",150,euro,435,-6,9999,0,-1.270443757
"Pope, Andy",86,kft,436,-6,9999,0,-1.272705068
"Kodaira, Satoshi",150,pga,437,5,411,-9,-1.275049632
"Pampling, Rod",150,pga,438,-3,9999,0,-1.279592274
"Lamb, Rick",150,kft,439,-5,9999,0,-1.279747013
"Phillips, Chandler",150,am,440,-7,9999,0,-1.280330374
"Armstrong, Dawson",150,kft,441,-4,9999,0,-1.283461219
"Lawrence, Thriston",150,afr,442,-4,337,-11,-1.285731795
"Van Driel, Darius",150,euro,443,-3,296,2,-1.288008423
"Vick, Travis",146,am,444,-3,9999,0,-1.289704998
"Senior, Jack",150,euro,445,-2,253,0,-1.296279357
"Kim, Seunghyuk",150,kor,446,-1,421,2,-1.303401617
"Ikeda, Yuta",150,jpn,447,-3,289,-6,-1.306054048
"Elvira Mijares, Ignacio",150,euro,448,0,415,0,-1.307783056
"Knous, Jim",150,pga,449,-3,9999,0,-1.312750976
"Salinda, Isaiah",150,am,450,-3,9999,0,-1.315870264
"Moller, Niklas Norgaard",150,owgr,451,-3,350,-5,-1.321034961
"Hammer, Cole",150,am,452,-3,9999,0,-1.323465493
"Daffue, MJ",75,kft,453,-1,9999,0,-1.331874779
"Siem, Marcel",150,euro,454,-3,9999,0,-1.333328658
"Iwata, Hiroshi",150,jpn,455,-5,272,-4,-1.334336585
"Novak, Andrew",150,kft,456,-3,469,0,-1.336365408
"Bertasio, Nino",150,euro,457,0,386,0,-1.337312414
"Limbhasut, KK",150,kft,458,-4,9999,0,-1.340597392
"Ford, Matt",150,cha,459,-4,387,-4,-1.34071463
"Stow, Ben",150,cha,460,-4,380,4,-1.341612309
"McCormick, Ryan",117,kft,461,-4,9999,0,-1.344531438
"Montgomerie, Colin",150,champ,462,-4,9999,0,-1.347920453
"Canizares, Alejandro",150,euro,463,-4,9999,0,-1.352683513
"Du Plessis, Hennie",150,afr,464,-4,404,-3,-1.355342129
"Compton, Erik",150,kft,465,-3,9999,0,-1.359894704
"Yonezawa, Ren",103,jpn,466,-3,9999,0,-1.361654123
"Ledesma, Nelson",150,kft,467,9,495,-2,-1.361937354
"Tuten, Shad",150,sam,468,-4,9999,0,-1.366184125
"Harmeling, Evan",150,kft,469,-3,335,-8,-1.367546062
"Randolph, Jonathan",150,kft,470,-5,9999,0,-1.367796863
"Knappe, Alexander",150,cha,471,-4,405,1,-1.368089962
"Ritthammer, Bernard",150,euro,472,-4,423,-3,-1.368478922
"Van Aswegen, Tyrone",150,kft,473,-4,9999,0,-1.370955649
"Lieser, Ondrej",105,owgr,474,-4,176,-1,-1.375805767
"Simonsen, Martin Leth",150,cha,475,-4,9999,0,-1.38360519
"Broadhurst, Paul",150,champ,476,-4,9999,0,-1.386276702
"Holt, Ian",150,can,477,-4,9999,0,-1.386589453
"Chiarella, Alex",97,kft,478,-4,9999,0,-1.389606469
"Cho, Mingyu",150,jpn,479,-4,9999,0,-1.391639173
"Campbell, Brian",150,kft,480,-3,9999,0,-1.397069647
"Miller, Michael",150,kft,481,-3,9999,0,-1.40011046
"Goya, Estanislao",150,sam,482,-2,9999,0,-1.402338817
"Rocha, Alexandre",150,sam,483,-2,9999,0,-1.402854043
"Vogel, T.J.",150,kft,484,-2,9999,0,-1.404960888
"Lee, Jaekyeong",81,kor,485,-2,298,-3,-1.40759292
"Haley II, Paul",120,kft,486,-2,425,-4,-1.410540201
"Wu, Ashun",150,euro,487,-8,381,-6,-1.410673355
"Coody, Pierceson",150,am,488,-3,9999,0,-1.411883325
"Hirschman, Grant",150,kft,489,-3,9999,0,-1.417751276
"Franken, Stephen",150,kft,490,-3,9999,0,-1.421894203
"Miller, Cole",150,can,491,-2,9999,0,-1.429118331
"Wright, Chase",150,kft,492,-4,9999,0,-1.429451731
"Nimmer, Bryson",150,can,493,-3,9999,0,-1.435499981
"Schneider, Marcel",150,cha,494,-3,327,-2,-1.440242092
"Whitney, Tom",150,kft,495,-3,9999,0,-1.440681869
"Baldwin, Matthew",150,cha,496,-3,403,-3,-1.441879916
"Shieh, Hayden",145,can,497,-3,9999,0,-1.442930506
"Whitnell, Dale",105,euro,498,-2,269,0,-1.443635084
"Chawrasia, S.S.P.",150,euro,499,-4,9999,0,-1.445942147
"Ortiz, Alvaro",150,sam,500,-1,9999,0,-1.447569085
