player_name,sample_size,primary_tour,dg_rank,dg_change,owgr_rank,owgr_change,dg_index
"McIlroy, Rory",150,pga,1,0,9999,0,2.34265
"Rahm, Jon",150,pga,2,0,9999,0,2.311613
"Thomas, Justin",150,pga,3,0,9999,0,2.075545
"Simpson, Webb",150,pga,4,0,9999,0,1.823495
"Woods, Tiger",150,pga,5,0,9999,0,1.681929
"Matsuyama, Hideki",150,pga,6,0,9999,0,1.6779080000000002
"Cantlay, Patrick",150,pga,7,0,9999,0,1.616306
"Schauffele, Xander",150,pga,8,0,9999,0,1.5866930000000001
"Fleetwood, Tommy",150,pga,9,0,9999,0,1.518294
"Reed, Patrick",150,pga,10,0,9999,0,1.442768
"Koepka, Brooks",150,pga,11,0,9999,0,1.419031
"Oosthuizen, Louis",150,pga,12,0,9999,0,1.353435
"Scott, Adam",150,pga,13,0,9999,0,1.342808
"Fowler, Rickie",150,pga,14,0,9999,0,1.322186
"Rose, Justin",150,pga,15,0,9999,0,1.2959399999999999
"Im, Sungjae",150,pga,16,0,9999,0,1.212418
"Woodland, Gary",150,pga,17,0,9999,0,1.2002389999999998
"Casey, Paul",150,pga,18,0,9999,0,1.198836
"DeChambeau, Bryson",150,pga,19,0,9999,0,1.168152
"Johnson, Dustin",150,pga,20,0,9999,0,1.141265
"Stenson, Henrik",150,pga,21,0,9999,0,1.134717
"Horschel, Billy",150,pga,22,0,9999,0,1.129202
"An, Byeong Hun",150,pga,23,0,9999,0,1.023787
"Morikawa, Collin",150,am,24,0,9999,0,1.015264
"Hovland, Viktor",150,am,25,0,9999,0,0.9797208000000001
"Fitzpatrick, Matthew",150,pga,26,0,9999,0,0.9785514000000001
"Schwab, Matthias",150,euro,27,0,9999,0,0.8341113000000001
"Conners, Corey",150,pga,28,0,9999,0,0.8310890999999999
"Hatton, Tyrrell",150,pga,29,0,9999,0,0.8260561
"Snedeker, Brandt",150,pga,30,0,9999,0,0.8206530000000001
"Finau, Tony",150,pga,31,0,9999,0,0.8190235
"Macintyre, Robert",150,euro,32,0,9999,0,0.8117359000000001
"McCarthy, Denny",150,pga,33,0,9999,0,0.803367
"Day, Jason",150,pga,34,0,9999,0,0.7983946
"Howell III, Charles",150,pga,35,0,9999,0,0.7900463000000001
"Scheffler, Scottie",150,kft,36,0,9999,0,0.7839234
"Taylor, Vaughn",150,pga,37,0,9999,0,0.7798716
"Kuchar, Matt",150,pga,38,0,9999,0,0.7730130000000001
"Niemann, Joaquin",150,pga,39,0,9999,0,0.7713220999999999
"Lowry, Shane",150,pga,40,0,9999,0,0.7657245
"Kokrak, Jason",150,pga,41,0,9999,0,0.742346
"Frittelli, Dylan",150,pga,42,0,9999,0,0.7386186
"Furyk, Jim",150,pga,43,0,9999,0,0.7314956
"Ancer, Abraham",150,pga,44,0,9999,0,0.7244519
"Putnam, Andrew",150,pga,45,0,9999,0,0.7101506999999999
"Poston, J.T.",150,pga,46,0,9999,0,0.7091036999999999
"Cabrera Bello, Rafa",150,pga,47,0,9999,0,0.7022305
"Ortiz, Carlos",150,pga,48,0,9999,0,0.6956896
"Munoz, Sebastian",150,pga,49,0,9999,0,0.6663726
"Hadwin, Adam",150,pga,50,0,9999,0,0.649943
"Lorenzo-Vera, Michael",150,euro,51,0,9999,0,0.6410009
"Na, Kevin",150,pga,52,0,9999,0,0.6367946
"Van Rooyen, Erik",150,euro,53,0,9999,0,0.635491
"Kisner, Kevin",150,pga,54,0,9999,0,0.6322532
"Spieth, Jordan",150,pga,55,0,9999,0,0.627
"Detry, Thomas",150,euro,56,0,9999,0,0.5968085999999999
"Leishman, Marc",150,pga,57,0,9999,0,0.5941314999999999
"Waring, Paul",150,euro,58,0,9999,0,0.5894292
"Palmer, Ryan",150,pga,59,0,9999,0,0.5728880000000001
"English, Harris",150,pga,60,0,9999,0,0.5605993
"Knox, Russell",150,pga,61,0,9999,0,0.5576135999999999
"Luiten, Joost",150,euro,62,0,9999,0,0.5457531
"Sabbatini, Rory",150,pga,63,0,9999,0,0.5431127
"Harman, Brian",150,pga,64,0,9999,0,0.5410753
"Wiesberger, Bernd",150,euro,65,0,9999,0,0.536767
"Wise, Aaron",150,pga,66,0,9999,0,0.5232846999999999
"Glover, Lucas",150,pga,67,0,9999,0,0.5073239
"Kinhult, Marcus",150,euro,68,0,9999,0,0.4907361
"Perez, Victor",150,euro,69,0,9999,0,0.48458429999999997
"Garcia, Sergio",150,pga,70,0,9999,0,0.4802393
"Willett, Danny",150,pga,71,0,9999,0,0.47925100000000004
"Jones, Matt",150,pga,72,0,9999,0,0.46353859999999997
"Noren, Alex",150,pga,73,0,9999,0,0.4597529
"Molinari, Francesco",150,pga,74,0,9999,0,0.4512549
"Pieters, Thomas",150,euro,75,0,9999,0,0.4508907999999999
"Smith, Cameron",150,pga,76,0,9999,0,0.4507644
"Griffin, Lanto",150,pga,77,0,9999,0,0.44949209999999995
"Poulter, Ian",150,pga,78,0,9999,0,0.44818379999999997
"Perez, Pat",150,pga,79,0,9999,0,0.4453195
"Grillo, Emiliano",150,pga,80,0,9999,0,0.43962829999999997
"Cauley, Bud",150,pga,81,0,9999,0,0.4349772
"Moore, Ryan",150,pga,82,0,9999,0,0.42861980000000005
"Burgoon, Bronson",150,pga,83,0,9999,0,0.42209430000000003
"Tringale, Cameron",150,pga,84,0,9999,0,0.4184753
"Wolff, Matthew",150,am,85,0,9999,0,0.4163992
"Varner III, Harold",150,pga,86,0,9999,0,0.4002083
"Lewis, Tom",150,euro,87,0,9999,0,0.3864599
"Taylor, Nick",150,pga,88,0,9999,0,0.38312199999999996
"Reavie, Chez",150,pga,89,0,9999,0,0.38170740000000003
"Olesen, Thorbjorn",150,euro,90,0,9999,0,0.37352859999999993
"Berger, Daniel",150,pga,91,0,9999,0,0.3582074
"Stanley, Kyle",150,pga,92,0,9999,0,0.3542053
"Garnett, Brice",150,pga,93,0,9999,0,0.3425882
"Imahira, Shugo",150,jpn,94,0,9999,0,0.32309040000000006
"Johnson, Zach",150,pga,95,0,9999,0,0.3214867
"Stuard, Brian",150,pga,96,0,9999,0,0.2913361
"Armour, Ryan",150,pga,97,0,9999,0,0.27611040000000003
"Baddeley, Aaron",150,pga,98,0,9999,0,0.27103299999999997
"Long, Adam",150,pga,99,0,9999,0,0.26267240000000003
"Bradley, Keegan",150,pga,100,0,9999,0,0.260708
"Wallace, Matt",150,euro,101,0,9999,0,0.2566345
"Watson, Bubba",150,pga,102,0,9999,0,0.2558217
"Higgs, Harry",150,kft,103,0,9999,0,0.24388510000000002
"Zhang, Xinjun",150,pga,104,0,9999,0,0.2417508
"Lashley, Nate",150,pga,105,0,9999,0,0.23978020000000003
"Janewattananond, Jazz",150,jpn,106,0,9999,0,0.2381799
"Todd, Brendon",150,pga,107,0,9999,0,0.2354973
"Johnston, Andrew",150,euro,108,0,9999,0,0.2220252
"Lee, Danny",150,pga,109,0,9999,0,0.21601479999999998
"Kaymer, Martin",150,euro,110,0,9999,0,0.2121051
"Mitchell, Keith",150,pga,111,0,9999,0,0.2120138
"Schenk, Adam",150,pga,112,0,9999,0,0.2003959
"Kang, Sung",150,pga,113,0,9999,0,0.19688989999999998
"Westwood, Lee",150,euro,114,0,9999,0,0.1834819
"Watney, Nick",150,pga,115,0,9999,0,0.1800354
"Li, Haotong",150,euro,116,0,9999,0,0.1759321
"Gomez, Fabian",150,pga,117,0,9999,0,0.1754228
"Hubbard, Mark",150,kft,118,0,9999,0,0.1563745
"Bezuidenhout, Christiaan",150,euro,119,0,9999,0,0.14370220000000003
"Scrivener, Jason",150,euro,120,0,9999,0,0.1242317
"Gay, Brian",150,pga,121,0,9999,0,0.11761019999999998
"Merritt, Troy",150,pga,122,0,9999,0,0.09733346
"Hebert, Benjamin",150,euro,123,0,9999,0,0.08926681
"Clark, Wyndham",150,pga,124,0,9999,0,0.08776139
"Werenski, Richy",150,pga,125,0,9999,0,0.08275001
"McDowell, Graeme",150,pga,126,0,9999,0,0.07927056
"Pepperell, Eddie",150,euro,127,0,9999,0,0.07693832
"Dahmen, Joel",150,pga,128,0,9999,0,0.0690477
"Tway, Kevin",150,pga,129,0,9999,0,0.05074707
"Duncan, Tyler",150,pga,130,0,9999,0,0.05021593
"Gooch, Talor",150,pga,131,0,9999,0,0.04525164
"Norlander, Henrik",150,kft,132,0,9999,0,0.03759709
"Norris, Shaun",150,jpn,133,0,9999,0,0.03534165
"Langasque, Romain",150,euro,134,0,9999,0,0.02864222
"Hearn, David",150,pga,135,0,9999,0,0.02437535
"Stallings, Scott",150,pga,136,0,9999,0,0.02263339
"Cink, Stewart",150,pga,137,0,9999,0,0.02016562
"Vegas, Jhonattan",150,pga,138,0,9999,0,0.01770492
"Trahan, D.J.",150,pga,139,0,9999,0,0.01057867
"Redman, Doc",150,pga,140,0,9999,0,0.01041174
"Mickelson, Phil",150,pga,141,0,9999,0,0.003562047
"Kitayama, Kurt",150,euro,142,0,9999,0,0.0035097229999999997
"Percy, Cameron",150,kft,143,0,9999,0,-0.004307636
"Streelman, Kevin",150,pga,144,0,9999,0,-0.006534565
"Champ, Cameron",150,pga,145,0,9999,0,-0.009069156
"Chappell, Kevin",150,pga,146,0,9999,0,-0.04199741
"Kim, Si Woo",150,pga,147,0,9999,0,-0.05170683
"Harrington, Scott",150,kft,148,0,9999,0,-0.05363164
"Hansen, Joachim B",150,euro,149,0,9999,0,-0.05581577
"Henley, Russell",150,pga,150,0,9999,0,-0.05663494
"Ramsay, Richie",150,euro,151,0,9999,0,-0.05836094
"Ryder, Sam",150,pga,152,0,9999,0,-0.06881084
"Hossler, Beau",150,pga,153,0,9999,0,-0.07765127
"Kirk, Chris",150,pga,154,0,9999,0,-0.08006845
"Piercy, Scott",150,pga,155,0,9999,0,-0.08069806
"Laird, Martin",150,pga,156,0,9999,0,-0.08883114
"Korhonen, Mikko",150,euro,157,0,9999,0,-0.09655581
"Pan, C.T.",150,pga,158,0,9999,0,-0.0983825
"Hickok, Kramer",150,pga,159,0,9999,0,-0.10059680000000001
"Hoge, Tom",150,pga,160,0,9999,0,-0.1059308
"Grace, Branden",150,pga,161,0,9999,0,-0.1067867
"Cook, Austin",150,pga,162,0,9999,0,-0.10693119999999999
"Harding, Justin",150,euro,163,0,9999,0,-0.11741199999999999
"Samooja, Kalle",150,euro,164,0,9999,0,-0.1316318
"Landry, Andrew",150,pga,165,0,9999,0,-0.1355478
"Charoenkul, Gunn",150,jpn,166,0,9999,0,-0.1360247
"Streb, Robert",150,pga,167,0,9999,0,-0.15111549999999999
"Schwartzel, Charl",150,pga,168,0,9999,0,-0.1529395
"Coetzee, George",150,euro,169,0,9999,0,-0.1594671
"Hadley, Chesson",150,pga,170,0,9999,0,-0.1749341
"Horsfield, Sam",150,euro,171,0,9999,0,-0.1808235
"Hoag, Bo",150,kft,172,0,9999,0,-0.18200739999999999
"Sloan, Roger",150,pga,173,0,9999,0,-0.18356029999999998
"Pavan, Andrea",150,euro,174,0,9999,0,-0.185308
"Rai, Aaron",150,euro,175,0,9999,0,-0.19741470000000003
"Nunez, Augusto",150,sam,176,0,9999,0,-0.2007729
"Paratore, Renato",150,euro,177,0,9999,0,-0.21315820000000002
"List, Luke",150,pga,178,0,9999,0,-0.22100429999999996
"Thompson, Michael",150,pga,179,0,9999,0,-0.2330076
"Hahn, James",150,pga,180,0,9999,0,-0.2340646
"Campillo, Jorge",150,euro,181,0,9999,0,-0.237934
"Hoffman, Charley",150,pga,182,0,9999,0,-0.24157929999999997
"Hwang, Junggon",150,jpn,183,0,9999,0,-0.24834679999999998
"Aphibarnrat, Kiradech",150,pga,184,0,9999,0,-0.2524331
"Blair, Zac",150,kft,185,0,9999,0,-0.252723
"Smith, Jordan",150,euro,186,0,9999,0,-0.2540196
"Brown, Scott",150,pga,187,0,9999,0,-0.25424949999999996
"Steele, Brendan",150,pga,188,0,9999,0,-0.25889670000000004
"Every, Matt",150,pga,189,0,9999,0,-0.26078920000000005
"Dufner, Jason",150,pga,190,0,9999,0,-0.2743965
"Hill, Calum",136,cha,191,0,9999,0,-0.2806782
"NeSmith, Matthew",150,kft,192,0,9999,0,-0.2810284
"Paisley, Chris",150,euro,193,0,9999,0,-0.2812038
"Kennedy, Brad",150,jpn,194,0,9999,0,-0.28316890000000006
"Homa, Max",150,pga,195,0,9999,0,-0.28745709999999997
"Svensson, Adam",150,kft,196,0,9999,0,-0.2896823
"Ormsby, Wade",150,euro,197,0,9999,0,-0.2952749
"Oppenheim, Rob",150,kft,198,0,9999,0,-0.2961541
"Lebioda, Hank",150,kft,199,0,9999,0,-0.3019192
"Malnati, Peter",150,pga,200,0,9999,0,-0.303683
"Vincent, Scott",150,jpn,201,0,9999,0,-0.31362579999999995
"Uihlein, Peter",150,pga,202,0,9999,0,-0.3165972
"Burns, Sam",150,pga,203,0,9999,0,-0.3278023
"Suri, Julian",150,euro,204,0,9999,0,-0.3443297
"Migliozzi, Guido",150,euro,205,0,9999,0,-0.35532909999999995
"Lahiri, Anirban",150,pga,206,0,9999,0,-0.3578935
"Sterne, Richard",150,euro,207,0,9999,0,-0.3599378
"Blixt, Jonas",150,pga,208,0,9999,0,-0.3695448
"Arnaus, Adri",150,euro,209,0,9999,0,-0.37057070000000003
"Larrazabal, Pablo",150,euro,210,0,9999,0,-0.37310909999999997
"Bozzelli, Dominic",150,pga,211,0,9999,0,-0.3752359
"McNealy, Maverick",150,kft,212,0,9999,0,-0.38012290000000004
"Southgate, Matthew",150,euro,213,0,9999,0,-0.38668359999999996
"Teater, Josh",150,kft,214,0,9999,0,-0.3868238
"Dubuisson, Victor",150,euro,215,0,9999,0,-0.39145019999999997
"Fox, Ryan",150,euro,216,0,9999,0,-0.3917579
"Brehm, Ryan",150,kft,217,0,9999,0,-0.3957394
"Hughes, Mackenzie",150,pga,218,0,9999,0,-0.396855
"Roach, Wes",150,kft,219,0,9999,0,-0.40557020000000005
"Lee, Kyounghoon",150,pga,220,0,9999,0,-0.40606279999999995
"Walker, Jimmy",150,pga,221,0,9999,0,-0.4065705
"Straka, Sepp",150,pga,222,0,9999,0,-0.4087947
"Green, Gavin",150,euro,223,0,9999,0,-0.40964459999999997
"Guerrier, Julien",150,euro,224,0,9999,0,-0.4147976
"Kizzire, Patton",150,pga,225,0,9999,0,-0.42181670000000004
"Colsaerts, Nicolas",150,euro,226,0,9999,0,-0.4250656
"Laporta, Francesco",150,cha,227,0,9999,0,-0.42896670000000003
"Suh, Justin",150,am,228,0,9999,0,-0.4381491
"Kim, Chan",150,jpn,229,0,9999,0,-0.44063459999999993
"Besseling, Wil",150,cha,230,0,9999,0,-0.4412804
"Holmes, J.B.",150,pga,231,0,9999,0,-0.45062070000000004
"Stroud, Chris",150,pga,232,0,9999,0,-0.4569768
"Wu, Brandon",150,am,233,0,9999,0,-0.4671175
"Tokimatsu, Ryuko",150,jpn,234,0,9999,0,-0.47009300000000004
"Syme, Connor",150,euro,235,0,9999,0,-0.4701093
"Seiffert, Chase",150,kft,236,0,9999,0,-0.4711577
"Jamieson, Scott",150,euro,237,0,9999,0,-0.4738128
"Lagergren, Joakim",150,euro,238,0,9999,0,-0.4788547
"Stefani, Shawn",150,pga,239,0,9999,0,-0.4809445
"Lombard, Zander",150,euro,240,0,9999,0,-0.4834825
"Donald, Luke",150,pga,241,0,9999,0,-0.48403779999999996
"Wagner, Johnson",150,pga,242,0,9999,0,-0.4929664000000001
"Shelton, Robby",150,kft,243,0,9999,0,-0.4954139
"Martin, Ben",150,pga,244,0,9999,0,-0.4983616
"Kanaya, Takumi",150,am,245,0,9999,0,-0.49945020000000007
"Diaz, Roberto",150,pga,246,0,9999,0,-0.5054314
"Haas, Bill",150,pga,247,0,9999,0,-0.5058942
"Rodgers, Patrick",150,pga,248,0,9999,0,-0.5097069000000001
"Ghim, Doug",150,kft,249,0,9999,0,-0.5128634
"Rozner, Antoine",150,cha,250,0,9999,0,-0.5185465
"Hoshino, Rikuya",150,jpn,251,0,9999,0,-0.5256911999999999
"Ahlers, Jaco",150,afr,252,0,9999,0,-0.5335165
"Crane, Ben",150,pga,253,0,9999,0,-0.5376671
"Bertasio, Nino",150,euro,254,0,9999,0,-0.5387867
"Lee, Min Woo",150,euro,255,0,9999,0,-0.5514676
"Veerman, Johannes",150,euro,256,0,9999,0,-0.5529779
"Bramlett, Joseph",150,kft,257,0,9999,0,-0.5559141
"Bland, Richard",150,euro,258,0,9999,0,-0.5562884
"Zalatoris, Will",150,kft,259,0,9999,0,-0.5564730999999999
"Spaun, J.J.",150,pga,260,0,9999,0,-0.5591284000000001
"Barber, Blayne",150,kft,261,0,9999,0,-0.5652679
"Jones, Kyle",150,kft,262,0,9999,0,-0.567971
"Chesters, Ashley",150,euro,263,0,9999,0,-0.5691811999999999
"Swafford, Hudson",150,pga,264,0,9999,0,-0.5700718000000001
"Huh, John",150,pga,265,0,9999,0,-0.5714066
"Castro, Roberto",150,pga,266,0,9999,0,-0.5773121999999999
"Meronk, Adrian",150,cha,267,0,9999,0,-0.5776444000000001
"Zanotti, Fabrizio",150,euro,268,0,9999,0,-0.5790810000000001
"Heisele, Sebastian",150,cha,269,0,9999,0,-0.5815186
"Cejka, Alex",150,pga,270,0,9999,0,-0.5879985
"Ishikawa, Ryo",150,jpn,271,0,9999,0,-0.5884425999999999
"Crocker, Sean",150,euro,272,0,9999,0,-0.5885634
"Harrington, Padraig",150,euro,273,0,9999,0,-0.5983515
"Barjon, Paul",150,can,274,0,9999,0,-0.6010363000000001
"Hurley III, Billy",150,pga,275,0,9999,0,-0.6062036
"Singh Brar, Jack",150,euro,276,0,9999,0,-0.6065050999999999
"Fisher, Ross",150,euro,277,0,9999,0,-0.6093347
"Shinkwin, Callum",150,euro,278,0,9999,0,-0.6126844
"Hammer, Cole",150,am,279,0,9999,0,-0.626546
"Harkins, Brandon",150,pga,280,0,9999,0,-0.6269461
"Herbert, Lucas",150,euro,281,1,9999,0,-0.6272339
"Mullinax, Trey",150,pga,282,-1,9999,0,-0.6273310000000001
"Han, Seungsu",150,jpn,283,0,9999,0,-0.6297328000000001
"Horsey, David",150,euro,284,0,9999,0,-0.6303464
"Winther, Jeff",150,euro,285,0,9999,0,-0.631957
"Kim, Sihwan",150,euro,286,0,9999,0,-0.6336463999999999
"McCumber, Tyler",150,kft,287,0,9999,0,-0.6363725
"Campbell, Brian",150,kft,288,0,9999,0,-0.6468754
"Jordan, Matthew",150,cha,289,0,9999,0,-0.6473575
"Molinari, Edoardo",150,euro,290,0,9999,0,-0.6551666
"Chan, Lorens",150,can,291,0,9999,0,-0.6554384
"Prugh, Alex",150,kft,292,0,9999,0,-0.6565339
"Blaum, Ryan",150,pga,293,0,9999,0,-0.6603134
"Compton, Erik",150,kft,294,0,9999,0,-0.6669644
"Baek, Todd",150,kft,295,0,9999,0,-0.6698458
"Arnold, Jamie",150,kft,296,0,9999,0,-0.6720748000000001
"Pendrith, Taylor",150,can,297,0,9999,0,-0.6743140000000001
"Murray, Grayson",150,pga,298,0,9999,0,-0.6745587
"Baker, Chris",150,kft,299,0,9999,0,-0.6791147
"De Jager, Louis",150,euro,300,0,9999,0,-0.6844793
"Dredge, Bradley",150,euro,301,0,9999,0,-0.6877800999999999
"Donaldson, Jamie",150,euro,302,0,9999,0,-0.6953344
"Stone, Brandon",150,euro,303,0,9999,0,-0.6955039000000001
"Chun-an, Yu",150,am,304,0,9999,0,-0.6959243
"Gordon, Will",150,am,305,0,9999,0,-0.7090975
"Davis, Cameron",150,pga,306,0,9999,0,-0.7092839
"Levy, Alexander",150,euro,307,0,9999,0,-0.7100229
"Anderson, Mark",150,kft,308,0,9999,0,-0.7123715
"Jaeger, Stephan",150,pga,309,0,9999,0,-0.7129687
"Power, Seamus",150,pga,310,0,9999,0,-0.7144102
"Lipsky, David",150,euro,311,0,9999,0,-0.7154468
"Park, Sanghyun",150,jpn,312,0,9999,0,-0.7196991
"Porteous, Haydn",150,euro,313,0,9999,0,-0.7197697
"Riley, Davis",150,kft,314,0,9999,0,-0.7204469
"Saunders, Sam",150,pga,315,0,9999,0,-0.7221899
"Weekley, Boo",150,pga,316,0,9999,0,-0.7231373999999999
"Sigg, Greyson",150,can,317,0,9999,0,-0.7303894000000001
"Roussel, Robin",150,cha,318,0,9999,0,-0.7323286999999999
"Kawamura, Masahiro",150,euro,319,0,9999,0,-0.7369277
"Stow, Ben",150,cha,320,0,9999,0,-0.738388
"Bjork, Alexander",150,euro,321,0,9999,0,-0.7430706
"Burmester, Dean",150,euro,322,0,9999,0,-0.7515909000000001
"Kjeldsen, Soren",150,euro,323,0,9999,0,-0.7531230999999999
"Dougherty, Kevin",150,kft,324,0,9999,0,-0.7557066
"Sharvin, Cormac",150,cha,325,0,9999,0,-0.7585062
"Pulkkanen, Tapio",150,euro,326,0,9999,0,-0.7585723000000001
"Vogel, T.J.",150,kft,327,0,9999,0,-0.7633171
"Rock, Robert",150,euro,328,0,9999,0,-0.7651935999999999
"Rodriguez, Jose de Jesus",150,kft,329,0,9999,0,-0.7741696
"Wolfe, Jared",150,sam,330,0,9999,0,-0.7789094
"Ramey, Chad",150,kft,331,0,9999,0,-0.7805104
"Slattery, Lee",150,euro,332,0,9999,0,-0.7812435999999999
"Hagy, Brandon",150,pga,333,0,9999,0,-0.7814135
"Aiken, Thomas",150,euro,334,0,9999,0,-0.7841084
"Soderberg, Sebastian",150,euro,335,0,9999,0,-0.8009
"Ventura, Kristoffer",150,kft,336,0,9999,0,-0.8015871
"Campos, Rafael",150,kft,337,0,9999,0,-0.8017917
"McGreevy, Max",150,kft,338,0,9999,0,-0.8060166
"Phillips, Chandler",150,am,339,0,9999,0,-0.8065161
"Canizares, Alejandro",150,euro,340,0,9999,0,-0.8109458
"Easton, Bryce",150,cha,341,0,9999,0,-0.8119604
"Flores, Martin",150,kft,342,0,9999,0,-0.8179774999999999
"Zecheng, Marty Dou",150,kft,343,0,9999,0,-0.8201956
"Taylor, Ben",150,kft,344,0,9999,0,-0.8210619
"Kang, Kyungnam",150,jpn,345,0,9999,0,-0.8243826999999999
"Lindheim, Nicholas",150,pga,346,0,9999,0,-0.8254645
"Vilips, Karl",150,am,347,0,9999,0,-0.8297728999999999
"Alexander, Tyson",150,kft,348,0,9999,0,-0.8313630999999999
"Whaley, Vincent",150,kft,349,0,9999,0,-0.8341856
"Wang, Jeunghun",150,euro,350,0,9999,0,-0.8382395
"Crick, Brandon",150,kft,351,0,9999,0,-0.8387995999999999
"Kozuma, Jinichiro",150,jpn,352,0,9999,0,-0.8440107
"Dodt, Andrew",150,euro,353,0,9999,0,-0.8504649
"Fishburn, Patrick",150,can,354,0,9999,0,-0.8558465000000001
"Sullivan, Andy",150,euro,355,0,9999,0,-0.8559324
"Elvira Mijares, Ignacio",150,euro,356,0,9999,0,-0.8565164000000001
"Lingmerth, David",150,pga,357,0,9999,0,-0.8597878000000001
"Yuan, Yechun",150,kft,358,0,9999,0,-0.8639616
"Pavon, Matthieu",150,euro,359,0,9999,0,-0.8644103000000001
"Walters, Justin",150,euro,360,0,9999,0,-0.8679870999999999
"Lawrence, Thriston",150,afr,361,0,9999,0,-0.8695371
"Augenstein, John",150,am,362,0,9999,0,-0.8699046999999999
"Gligic, Michael",150,kft,363,0,9999,0,-0.8705081
"Senior, Jack",150,cha,364,0,9999,0,-0.8708205
"Brown, Steven",150,euro,365,0,9999,0,-0.8720986999999999
"Buckley, Hayden",150,can,366,0,9999,0,-0.8742646999999999
"Wilkinson, Tim",150,kft,367,0,9999,0,-0.8774252
"Van Aswegen, Tyrone",150,pga,368,0,9999,0,-0.8806398999999999
"Schniederjans, Ollie",150,pga,369,0,9999,0,-0.8842386999999999
"Choi, K.J.",150,pga,370,0,9999,0,-0.8874363999999999
"Karlberg, Rikard",150,euro,371,0,9999,0,-0.8883136999999999
"Wright, Zach",150,kft,372,0,9999,0,-0.8930866
"Fisk, Steven",150,am,373,0,9999,0,-0.8989246
"Jones, Brendan",150,jpn,374,0,9999,0,-0.9007324000000001
"Holt, Ian",150,can,375,0,9999,0,-0.901508
"Sharma, Shubhankar",150,euro,376,0,9999,0,-0.9027886999999999
"Fdez-Castano, Gonzalo",150,euro,377,0,9999,0,-0.9038179000000001
"Garber, Joey",150,kft,378,0,9999,0,-0.9061425
"Forrest, Grant",150,euro,379,0,9999,0,-0.9114709000000001
"Gutschewski, Scott",150,kft,380,0,9999,0,-0.9144
"Smalley, Alex",150,am,381,0,9999,0,-0.9150065999999999
"Randolph, Jonathan",150,kft,382,0,9999,0,-0.9153157
"Leon, Hugo",150,cha,383,0,9999,0,-0.9176489
"Otaegui, Adrian",150,euro,384,0,9999,0,-0.9185283000000001
"Naegel, Chris",150,kft,385,0,9999,0,-0.9190721
"Byrd, Jonathan",150,pga,386,0,9999,0,-0.9204148999999999
"Wright, Chase",150,kft,387,0,9999,0,-0.9208061
"Kim, K.T.",150,jpn,388,0,9999,0,-0.9251572
"Gibson, Rhein",150,kft,389,0,9999,0,-0.9316725
"Horikawa, Mikumu",150,jpn,390,0,9999,0,-0.9323879
"Hojgaard, Rasmus",150,cha,391,0,9999,0,-0.9329790000000001
"Fisher, Oliver",150,euro,392,0,9999,0,-0.9376518
"Kim, Joohyung",94,owgr,393,1,9999,0,-0.9394594999999999
"Bhatia, Akshay",135,am,394,1,9999,0,-0.9417317
"Thompson, Davis",132,am,395,1,9999,0,-0.9434594000000001
"Creel, Joshua",150,kft,396,1,9999,0,-0.9449822
"Katayama, Shingo",150,jpn,397,1,9999,0,-0.9449837999999999
"Salinda, Isaiah",150,am,398,1,9999,0,-0.9451564
"Morrison, James",150,euro,399,1,9999,0,-0.9492980999999999
"Van Tonder, Daniel",150,afr,400,1,9999,0,-0.9496513000000001
"Ikeda, Yuta",150,jpn,401,1,9999,0,-0.9510655000000001
"Van Der Walt, Dawie",150,kft,402,1,9999,0,-0.9535287
"Hodges, Lee",150,kft,403,1,9999,0,-0.9541815
"Kraft, Kelly",150,pga,404,1,9999,0,-0.9567481
"Lovemark, Jamie",150,pga,405,1,9999,0,-0.9573632
"Gagli, Lorenzo",150,euro,406,1,9999,0,-0.9606719000000001
"Moon, Kyongjun",150,kor,407,1,9999,0,-0.9626994000000001
"Oda, John",150,kft,408,1,9999,0,-0.9633014999999999
"Akiyoshi, Shota",150,jpn,409,1,9999,0,-0.9700568000000002
"Reifers, Kyle",150,kft,410,1,9999,0,-0.9703984
"Lower, Justin",150,kft,411,1,9999,0,-0.9743761000000001
"Ferguson, Ewen",150,cha,412,1,9999,0,-0.9746388000000001
"Ruffels, Ryan",150,sam,413,1,9999,0,-0.9761632
"Catlin, John",150,euro,414,1,9999,0,-0.9810957
"Farr, Oliver",150,euro,415,1,9999,0,-0.9855669
"Gallacher, Stephen",150,euro,416,1,9999,0,-0.9871126
"Eckroat, Austin",150,am,417,1,9999,0,-0.9887735999999999
"Alker, Steven",150,kft,418,1,9999,0,-0.992297
"Whitney, Tom",150,sam,419,1,9999,0,-0.9931684999999999
"Luck, Curtis",150,kft,420,1,9999,0,-1.004024
"Marino, Steve",150,kft,421,1,9999,0,-1.004932
"Hardy, Nick",150,am,422,1,9999,0,-1.005978
"Reitan, Kristoffer",150,euro,423,1,9999,0,-1.015048
"Theegala, Sahith",150,am,424,1,9999,0,-1.015799
"Hoffmann, Morgan",150,pga,425,1,9999,0,-1.017439
"Tabuena, Miguel",150,asa,426,1,9999,0,-1.020538
"Wilson, Oliver",150,euro,427,1,9999,0,-1.021636
"Cappelen, Sebastian",150,kft,428,1,9999,0,-1.0280129999999998
"Els, Ernie",150,pga,429,1,9999,0,-1.032822
"Drewitt, Brett",150,kft,430,1,9999,0,-1.037493
"Ieremia, Denzel",150,am,431,1,9999,0,-1.041424
"Higa, Kazuki",150,jpn,432,-39,9999,0,-1.042086
"Khongwatmai, Phachara",150,euro,433,0,9999,0,-1.047316
"Moore, Taylor",150,kft,434,0,9999,0,-1.0474709999999998
"Potter Jr, Ted",150,pga,435,0,9999,0,-1.047665
"Kodaira, Satoshi",150,pga,436,0,9999,0,-1.0480040000000002
"Kohles, Ben",150,kft,437,0,9999,0,-1.053307
"Van Driel, Darius",150,cha,438,0,9999,0,-1.054057
"Barnes, Ricky",150,pga,439,0,9999,0,-1.060648
"Antcliff, Maverick",150,owgr,440,0,9999,0,-1.063792
"Evans, Ben",150,euro,441,0,9999,0,-1.064793
"Rocha, Alexandre",150,sam,442,1,9999,0,-1.072238
"Kieffer, Maximilian",150,euro,443,-1,9999,0,-1.072255
"Peterson, Paul",150,euro,444,0,9999,0,-1.07708
"Mun, Doyeob",150,kor,445,0,9999,0,-1.080281
"Hirschman, Grant",150,kft,446,0,9999,0,-1.082957
"Van Zyl, Jaco",150,euro,447,0,9999,0,-1.083552
"Love III, Davis",150,pga,448,0,9999,0,-1.084731
"Campbell, Chad",150,pga,449,0,9999,0,-1.086152
"Jung, Richard",150,owgr,450,0,9999,0,-1.090459
"Schneider, Marcel",150,cha,451,0,9999,0,-1.094406
"Langley, Scott",150,kft,452,0,9999,0,-1.0959860000000001
"Moynihan, Gavin",150,euro,453,0,9999,0,-1.099509
"Lee, Soomin",150,euro,454,0,9999,0,-1.101064
"Herman, Jim",150,pga,455,0,9999,0,-1.103668
"McNeill, George",150,pga,456,0,9999,0,-1.104929
"Mahan, Hunter",150,pga,457,0,9999,0,-1.106375
"Coletta, Brett",150,kft,458,0,9999,0,-1.107521
"Griffin, Matthew",150,jpn,459,0,9999,0,-1.1104120000000002
"Cullen, Nick",150,euro,460,0,9999,0,-1.115884
"Geary, Josh",150,euro,461,0,9999,0,-1.1172879999999998
"Bjerregaard, Lucas",150,euro,462,0,9999,0,-1.121204
"Kennerly, Billy",150,kft,463,0,9999,0,-1.125008
"Wu, Ashun",150,euro,464,0,9999,0,-1.129993
"Chin, John",150,kft,465,0,9999,0,-1.130147
"Perrier, Damien",150,cha,466,0,9999,0,-1.13119
"Lemke, Niklas",150,euro,467,0,9999,0,-1.13352
"Binfield, Wade",150,kft,468,0,9999,0,-1.1349870000000002
"Silverman, Ben",150,pga,469,0,9999,0,-1.140067
"Jaidee, Thongchai",150,euro,470,0,9999,0,-1.1407459999999998
"Yonezawa, Ren",80,am,471,0,9999,0,-1.142073
"Sucher, Zack",150,pga,472,0,9999,0,-1.143749
"Sjoholm, Joel",150,cha,473,0,9999,0,-1.1442709999999998
"LeBrun, Steve",150,kft,474,0,9999,0,-1.1448969999999998
"Fujita, Hiroyuki",150,jpn,475,0,9999,0,-1.14641
"Hall, Harry",150,am,476,0,9999,0,-1.150272
"Knost, Colt",150,pga,477,0,9999,0,-1.156384
"Windred, Blake",150,am,478,0,9999,0,-1.1582219999999999
"Mueller, Kyle",150,can,479,0,9999,0,-1.163233
"Quiros, Alvaro",150,euro,480,0,9999,0,-1.163563
"Wheatcroft, Steve",150,kft,481,0,9999,0,-1.165352
"Thornberry, Braden",150,am,482,0,9999,0,-1.16846
"Henson, Berry",150,asa,483,0,9999,0,-1.1716790000000001
"Muto, Toshinori",150,jpn,484,0,9999,0,-1.173329
"Covello, Vince",150,kft,485,0,9999,0,-1.180515
"Lee, Sanghee",150,jpn,486,0,9999,0,-1.180784
"Barnes, Erik",150,kft,487,0,9999,0,-1.182654
"Asaji, Yosuke",150,jpn,488,0,9999,0,-1.186273
"Hendry, Michael",150,jpn,489,0,9999,0,-1.186871
"Sandhu, Ajeetesh",150,asa,490,0,9999,0,-1.187366
"Toledo, José",150,kft,491,0,9999,0,-1.1985709999999998
"Iwata, Hiroshi",150,jpn,492,0,9999,0,-1.1991040000000002
"Endycott, Harrison",150,sam,493,0,9999,0,-1.203031
"Thompson, Nicholas",150,kft,494,0,9999,0,-1.2078950000000002
"Saddier, Adrien",150,euro,495,0,9999,0,-1.209327
"Gonzales, Andres",150,kft,496,0,9999,0,-1.21056
"Fichardt, Darren",150,euro,497,0,9999,0,-1.211912
"Pastore, David",150,can,498,0,9999,0,-1.214496
"Saxon, Charlie",150,kft,499,0,9999,0,-1.218575
"Reeves, Seth",150,kft,500,0,9999,0,-1.220515
