player_name,sample_size,primary_tour,dg_rank,dg_change,owgr_rank,owgr_change,dg_index
"Johnson, Dustin",150,pga,1,0,1,0,2.455477382
"Thomas, Justin",150,pga,2,0,3,0,2.370532767
"Rahm, Jon",150,pga,3,0,2,0,2.368204889
"Schauffele, Xander",150,pga,4,0,5,-1,2.275587764
"Simpson, Webb",150,pga,5,2,8,0,1.840613791
"DeChambeau, Bryson",150,pga,6,0,7,-1,1.830545657
"English, Harris",150,pga,7,-2,16,1,1.803438548
"Reed, Patrick",150,pga,8,0,11,0,1.725635117
"McIlroy, Rory",150,pga,9,0,6,1,1.708788596
"Cantlay, Patrick",150,pga,10,0,10,-1,1.646121885
"Berger, Daniel",150,pga,11,0,13,0,1.643443445
"Niemann, Joaquin",150,pga,12,4,25,6,1.470888653
"Hovland, Viktor",150,pga,13,-1,14,0,1.459202517
"Hatton, Tyrrell",150,pga,14,-1,9,1,1.425649631
"Matsuyama, Hideki",150,pga,15,-1,20,1,1.383011846
"Morikawa, Collin",150,pga,16,2,4,1,1.373500139
"Finau, Tony",150,pga,17,-2,22,-2,1.336582015
"Scheffler, Scottie",150,pga,18,-1,33,-1,1.320942208
"Ancer, Abraham",150,pga,19,0,26,-2,1.184903207
"Henley, Russell",150,pga,20,8,52,6,1.170623758
"Fitzpatrick, Matthew",150,pga,21,2,17,-1,1.124787033
"Palmer, Ryan",150,pga,22,-2,28,-3,1.123677755
"Scott, Adam",150,pga,23,-1,21,1,1.111585942
"Koepka, Brooks",150,pga,24,1,12,0,1.105622965
"Im, Sungjae",150,pga,25,-4,18,0,1.077780164
"Kisner, Kevin",150,pga,26,0,29,-1,1.066111922
"Horschel, Billy",150,pga,27,3,39,2,1.044990103
"Conners, Corey",150,pga,28,-1,58,-4,1.038043443
"Smith, Cameron",150,pga,29,-5,32,-3,0.986722184
"Oosthuizen, Louis",150,pga,30,-1,24,-1,0.917476199
"Harman, Brian",150,pga,31,4,97,-5,0.841850504
"Bezuidenhout, Christiaan",150,euro,32,0,36,-1,0.835350149
"Zalatoris, Will",150,kft,33,0,61,0,0.834868653
"Day, Jason",150,pga,34,0,43,1,0.826862527
"Kokrak, Jason",150,pga,35,-4,31,-4,0.822660569
"Fleetwood, Tommy",150,pga,36,0,19,0,0.815095304
"Watson, Bubba",150,pga,37,0,46,1,0.80406923
"Johnson, Zach",150,pga,38,2,105,-6,0.780566173
"Na, Kevin",150,pga,39,18,23,15,0.77166845
"Todd, Brendon",150,pga,40,-1,46,0,0.754943196
"Garcia, Sergio",150,pga,41,-3,45,0,0.73428789
"Gooch, Talor",150,pga,42,4,84,-1,0.721289321
"Ortiz, Carlos",150,pga,43,6,53,7,0.702122807
"Howell III, Charles",150,pga,44,16,115,1,0.687569346
"Griffin, Lanto",150,pga,45,-4,56,-1,0.679507524
"Wolff, Matthew",150,pga,46,-3,15,0,0.640133291
"Poulter, Ian",150,pga,47,-3,48,0,0.636917219
"Kim, Si Woo",150,pga,48,18,96,4,0.636365558
"Dahmen, Joel",150,pga,49,-4,64,0,0.631270064
"Hughes, Mackenzie",150,pga,50,6,49,0,0.628427305
"Rose, Justin",150,pga,51,-4,38,-1,0.61903639
"Kuchar, Matt",150,pga,52,6,42,-2,0.602362595
"Van Rooyen, Erik",150,euro,53,1,55,-3,0.590485663
"Tringale, Cameron",150,pga,54,-6,100,3,0.587065573
"Long, Adam",150,pga,55,-5,62,1,0.583278818
"Casey, Paul",150,pga,56,-5,27,-1,0.580183676
"Fowler, Rickie",150,pga,57,-5,60,-1,0.572513432
"Munoz, Sebastian",150,pga,58,-16,59,-3,0.561103752
"Lowry, Shane",150,pga,59,-6,35,-1,0.5544697
"Streelman, Kevin",150,pga,60,-5,57,-4,0.545009905
"Grillo, Emiliano",150,pga,61,1,159,0,0.535258389
"Woods, Tiger",150,pga,62,-3,44,-1,0.50851243
"Straka, Sepp",150,pga,63,9,138,6,0.495623683
"Hoge, Tom",150,pga,64,1,109,-2,0.483115626
"Champ, Cameron",150,pga,65,-4,71,0,0.473050038
"Wise, Aaron",150,pga,66,-3,127,-1,0.46619814
"Frittelli, Dylan",150,pga,67,-3,65,2,0.429564167
"Poston, J.T.",150,pga,68,3,74,-1,0.409754816
"Bradley, Keegan",150,pga,69,-1,136,-3,0.404831219
"Woodland, Gary",150,pga,70,-3,40,-1,0.394123996
"Burns, Sam",150,pga,71,-2,158,0,0.383377429
"Noren, Alex",150,pga,72,-2,92,2,0.373451179
"Furyk, Jim",150,pga,73,15,214,1,0.368333813
"Jones, Matt",150,pga,74,32,104,15,0.354084636
"Kizzire, Patton",150,pga,75,32,195,40,0.335312652
"Redman, Doc",150,pga,76,-3,90,-2,0.305826314
"Hoffman, Charley",150,pga,77,27,133,12,0.305679681
"Kaymer, Martin",150,euro,78,-4,80,-1,0.302744647
"Cauley, Bud",150,pga,79,-4,187,-5,0.300117603
"Moore, Ryan",150,pga,80,-4,182,-7,0.292018808
"McNealy, Maverick",150,pga,81,-4,170,-3,0.2885972
"Glover, Lucas",150,pga,82,-4,119,-2,0.283836018
"Davis, Cameron",150,pga,83,20,217,13,0.276393529
"McCarthy, Denny",150,pga,84,-5,204,-2,0.273772061
"Wallace, Matt",150,euro,85,-4,50,0,0.267550015
"Sabbatini, Rory",150,pga,86,-6,122,0,0.265737051
"Sullivan, Andy",150,euro,87,-5,54,3,0.264816842
"Perez, Victor",150,euro,88,-5,34,-1,0.229705395
"Macintyre, Robert",150,euro,89,-4,51,0,0.222558583
"Varner III, Harold",150,pga,90,-4,135,-3,0.221930072
"Malnati, Peter",150,pga,91,25,160,9,0.220934734
"Piercy, Scott",150,pga,92,-8,146,-8,0.220339117
"Stenson, Henrik",150,pga,93,-6,66,-1,0.217639326
"Cink, Stewart",150,pga,94,8,123,7,0.214672713
"Huh, John",150,pga,95,-6,360,2,0.206665241
"An, Byeong Hun",150,pga,96,-6,77,0,0.196254726
"NeSmith, Matthew",150,pga,97,-3,199,-2,0.190664342
"Westwood, Lee",150,euro,98,-7,37,-1,0.18820984
"Hahn, James",150,pga,99,11,239,10,0.188081778
"Taylor, Nick",150,pga,100,12,125,10,0.187352531
"Kirk, Chris",150,pga,101,33,128,135,0.184182412
"Wiesberger, Bernd",150,euro,102,-10,41,1,0.180214375
"Homa, Max",150,pga,103,-10,103,-1,0.152301907
"Hubbard, Mark",150,pga,104,9,144,-3,0.139484736
"Detry, Thomas",150,euro,105,-10,83,-1,0.116496714
"Lorenzo-Vera, Michael",150,euro,106,-10,114,-2,0.114499444
"Duncan, Tyler",150,pga,107,-10,149,-1,0.114104433
"Perez, Pat",150,pga,108,9,203,4,0.112880095
"Knox, Russell",150,pga,109,-11,235,-6,0.101453164
"Schwartzel, Charl",150,pga,110,-11,213,-3,0.098145323
"Garnett, Brice",150,pga,111,11,264,11,0.095684999
"Pieters, Thomas",150,euro,112,-12,81,3,0.091632861
"Clark, Wyndham",150,pga,113,-12,151,-1,0.090065143
"Higgs, Harry",150,pga,114,10,118,3,0.084849116
"Leishman, Marc",150,pga,115,26,30,0,0.066059496
"Laird, Martin",150,pga,116,-8,75,3,0.04650663
"Spieth, Jordan",150,pga,117,-8,86,-1,0.041242486
"Werenski, Richy",150,pga,118,-13,141,-2,0.030558841
"Taylor, Vaughn",150,pga,119,21,176,13,0.015850097
"Pan, C.T.",150,pga,120,7,150,-3,0.006593903
"Thompson, Michael",150,pga,121,9,102,-1,0.005747051
"Hardy, Nick",150,kft,122,56,350,88,0.004536151
"Norlander, Henrik",150,pga,123,-2,169,-3,0.001870933
"Hadwin, Adam",150,pga,124,-13,79,1,0.000131774
"Langer, Bernhard",150,champ,125,-10,9999,0,-0.010257925
"Steele, Brendan",150,pga,126,49,85,29,-0.029831677
"Reavie, Chez",150,pga,127,-9,63,-1,-0.032576158
"Vegas, Jhonattan",150,pga,128,-9,222,3,-0.039863069
"Hadley, Chesson",150,pga,129,-9,252,-2,-0.041884303
"Merritt, Troy",150,pga,130,1,156,-1,-0.052425026
"Snedeker, Brandt",150,pga,131,-8,99,-4,-0.074840595
"Schenk, Adam",150,pga,132,-18,245,-4,-0.078855256
"Johnston, Andrew",150,euro,133,-8,224,-7,-0.083852363
"Stuard, Brian",150,pga,134,13,191,4,-0.096891897
"Ghim, Doug",150,pga,135,-9,390,-2,-0.114033758
"Wu, Brandon",150,kft,136,-8,173,-3,-0.115901678
"Stallings, Scott",150,pga,137,-8,246,2,-0.116815539
"Cook, Austin",150,pga,138,16,180,0,-0.138288817
"Pendrith, Taylor",150,kft,139,-7,132,-3,-0.142126026
"Lee, Danny",150,pga,140,15,148,-8,-0.143021788
"Stanley, Kyle",150,pga,141,-6,243,-5,-0.162468884
"Norris, Shaun",150,jpn,142,-6,117,-4,-0.163150329
"Mickelson, Phil",150,pga,143,-6,67,-1,-0.169828668
"Percy, Cameron",150,pga,144,-6,344,-2,-0.170551626
"Schwab, Matthias",150,euro,145,-6,113,-2,-0.171539074
"Zhang, Xinjun",150,pga,146,7,200,-9,-0.193390962
"Rai, Aaron",150,euro,147,-5,78,-3,-0.194446679
"Rozner, Antoine",150,euro,148,-5,108,0,-0.197901685
"Schniederjans, Ollie",150,pga,149,-5,291,1,-0.202312561
"Kanaya, Takumi",142,jpn,150,10,120,-2,-0.203181386
"Stricker, Steve",150,pga,151,-6,461,1,-0.206013969
"Sigg, Greyson",150,kft,152,-6,235,-2,-0.206168703
"Hoag, Bo",150,pga,153,8,301,0,-0.211964544
"Ramey, Chad",150,kft,154,-6,274,3,-0.212221228
"Rodgers, Patrick",150,pga,155,-6,232,0,-0.21268876
"Herbert, Lucas",150,euro,156,-6,70,0,-0.231112574
"Lewis, Tom",150,euro,157,-5,72,0,-0.24178976
"Ventura, Kristoffer",150,pga,158,-7,185,-6,-0.242045646
"Burgoon, Bronson",150,pga,159,9,346,-8,-0.243120311
"Sloan, Roger",150,pga,160,9,354,-3,-0.25684979
"Grace, Branden",150,pga,161,-28,131,-3,-0.259855293
"Kim, Chan",150,jpn,162,-6,73,1,-0.26172051
"Lahiri, Anirban",150,pga,163,2,433,-1,-0.265520666
"Molinari, Francesco",150,pga,164,-7,130,-5,-0.274311604
"Hansen, Joachim B",150,euro,165,-6,142,0,-0.281295381
"Donaldson, Jamie",150,euro,166,-4,168,-3,-0.294927102
"Otaegui, Adrian",150,euro,167,-4,155,-1,-0.300687785
"Luiten, Joost",150,euro,168,-4,167,-3,-0.306518436
"List, Luke",150,pga,169,2,190,-6,-0.311901288
"Herman, Jim",150,pga,170,35,93,4,-0.314341999
"Cabrera Bello, Rafa",150,pga,171,-5,110,-4,-0.319593547
"Dufner, Jason",150,pga,172,-5,349,-4,-0.323044692
"Kennedy, Brad",150,jpn,173,-3,163,-2,-0.339879167
"Mitchell, Keith",150,pga,174,69,174,24,-0.348833919
"Jaeger, Stephan",150,kft,175,-3,233,1,-0.349080542
"Hickok, Kramer",150,pga,176,79,319,48,-0.358154265
"Lebioda, Hank",150,pga,177,5,334,-3,-0.360101806
"Willett, Danny",150,pga,178,-5,69,-1,-0.363645619
"Martin, Ben",150,kft,179,-5,482,1,-0.366019516
"Olesen, Thorbjorn",150,euro,180,-4,380,-10,-0.368570465
"Suh, Justin",150,pga,181,-4,416,0,-0.370040416
"Burmester, Dean",150,euro,182,-3,184,-3,-0.376843034
"Jordan, Matthew",150,euro,183,-3,201,-2,-0.379018454
"Hearn, David",150,pga,184,12,451,0,-0.379766239
"Hodges, Lee",150,kft,185,-4,270,-2,-0.380935978
"Shelton, Robby",150,pga,186,55,172,6,-0.387248303
"Coetzee, George",150,euro,187,-4,98,-5,-0.402977524
"Waring, Paul",150,euro,188,-2,145,-3,-0.411119989
"Sutherland, Kevin",150,champ,189,-4,9999,0,-0.411490901
"Baddeley, Aaron",150,pga,190,35,391,31,-0.411969601
"Bramlett, Joseph",150,kft,191,-4,287,-1,-0.415364865
"Els, Ernie",150,champ,192,-4,9999,0,-0.417814755
"Putnam, Andrew",150,pga,193,-3,205,-4,-0.418961619
"Swafford, Hudson",150,pga,194,38,165,11,-0.41944302
"Lindheim, Nicholas",150,kft,195,-6,472,0,-0.426726473
"Harding, Justin",150,euro,196,-5,166,-3,-0.429641027
"Ryder, Sam",150,pga,197,14,321,-2,-0.446136646
"Baker, Chris",150,kft,198,26,432,-2,-0.447690254
"Valimaki, Sami",150,euro,199,-7,68,1,-0.468109103
"Gordon, Will",150,pga,200,13,231,-3,-0.472217458
"Armour, Ryan",150,pga,201,52,237,2,-0.474238198
"Sterne, Richard",150,euro,202,-9,347,-8,-0.483495682
"Smith, Jordan",150,euro,203,-9,197,-3,-0.484295243
"Paratore, Renato",150,euro,204,-9,147,-1,-0.486663106
"Hopfinger, Brad",150,kft,205,-8,425,-1,-0.490440903
"Lashley, Nate",150,pga,206,-48,124,-1,-0.492141712
"Korhonen, Mikko",150,euro,207,-8,249,-6,-0.493518722
"Lipsky, David",150,euro,208,-10,228,-7,-0.493939795
"Oppenheim, Rob",150,pga,209,3,449,1,-0.496409468
"Samooja, Kalle",150,euro,210,-10,161,-5,-0.498733564
"Lee, Kyounghoon",150,pga,211,69,265,9,-0.500664865
"Holmes, J.B.",150,pga,212,-11,250,-6,-0.504436406
"Zecheng, Marty Dou",150,kft,213,-11,328,-1,-0.505230281
"Spaun, J.J.",150,pga,214,19,488,-13,-0.508933722
"Harrington, Padraig",150,euro,215,-11,306,0,-0.514715971
"Crocker, Sean",150,euro,216,-10,210,-2,-0.521474313
"Lagergren, Joakim",150,euro,217,-9,181,-4,-0.52258439
"Arnaus, Adri",150,euro,218,-8,134,-3,-0.523514377
"Svensson, Adam",150,kft,219,-10,9999,0,-0.523683903
"Watney, Nick",150,pga,220,11,363,-11,-0.527931277
"Bland, Richard",150,euro,221,-7,183,0,-0.533034765
"Aphibarnrat, Kiradech",150,pga,222,-7,280,-1,-0.533307586
"Veerman, Johannes",150,euro,223,-7,266,-1,-0.538534161
"Stone, Brandon",150,euro,224,-7,202,-2,-0.541613632
"Landry, Andrew",150,pga,225,-41,111,-7,-0.541841528
"Kohles, Ben",150,kft,226,-8,302,0,-0.54513499
"Langasque, Romain",150,euro,227,-8,121,-1,-0.546563347
"Gutschewski, Scott",150,kft,228,-8,9999,0,-0.548782657
"Chappell, Kevin",150,pga,229,-8,9999,0,-0.551923239
"Jamieson, Scott",150,euro,230,-7,230,-3,-0.555593506
"Anderson, Mark",150,pga,231,-24,476,-6,-0.563649893
"Streb, Robert",150,pga,232,-10,106,-1,-0.571205954
"Rock, Robert",150,euro,233,-7,229,-3,-0.572411736
"Goosen, Retief",150,champ,234,-7,9999,0,-0.57364945
"Catlin, John",150,euro,235,-7,94,2,-0.577031441
"Nienaber, Wilco",150,euro,236,-7,162,-2,-0.584825344
"Besseling, Wil",150,euro,237,-7,171,-3,-0.585352886
"Scrivener, Jason",150,euro,238,-4,219,3,-0.596792829
"Wolfe, Jared",150,kft,239,-4,207,-1,-0.598472651
"Kitayama, Kurt",150,euro,240,-4,140,-4,-0.599176436
"Harkins, Brandon",150,kft,241,-4,445,9,-0.60121795
"Fichardt, Darren",150,euro,242,-4,238,-2,-0.605095167
"Canter, Laurie",150,euro,243,-4,126,-2,-0.606011619
"Gay, Brian",150,pga,244,-41,186,1,-0.60892034
"Bryan, Wesley",150,pga,245,0,477,0,-0.610396295
"Villegas, Camilo",150,pga,246,-6,396,4,-0.612974303
"Power, Seamus",150,pga,247,26,434,-1,-0.625813044
"Theegala, Sahith",150,am,248,-6,9999,0,-0.633259566
"Hill, Calum",150,euro,249,-5,198,-2,-0.639080395
"Kawamura, Masahiro",150,euro,250,-5,164,-2,-0.640692835
"Barnes, Erik",150,kft,251,-5,9999,0,-0.642965476
"Couples, Fred",141,champ,252,-5,9999,0,-0.652692389
"Armitage, Marcus",150,euro,253,-5,178,-4,-0.655290107
"Whaley, Vincent",150,kft,254,-5,458,-1,-0.659443005
"Vincent, Scott",150,euro,255,-3,218,-4,-0.662149151
"Dubuisson, Victor",139,euro,256,-5,339,-3,-0.662246848
"Seiffert, Chase",150,pga,257,17,271,-7,-0.665893259
"Imahira, Shugo",150,jpn,258,-4,76,0,-0.666486268
"McDowell, Graeme",150,pga,259,-3,82,-1,-0.671079452
"Horsey, David",150,euro,260,-3,263,-1,-0.6719868
"Syme, Connor",150,euro,261,-3,227,-3,-0.672982393
"Charoenkul, Gunn",150,jpn,262,-3,157,0,-0.679924505
"Shinkwin, Callum",150,euro,263,-3,129,-2,-0.681193396
"Hebert, Benjamin",150,euro,264,-2,139,-2,-0.684877847
"Janewattananond, Jazz",150,jpn,265,-2,91,-1,-0.687814904
"Teater, Josh",150,pga,266,-2,338,3,-0.695216556
"Hojgaard, Rasmus",150,cha,267,-2,87,0,-0.699656334
"Van Der Walt, Dawie",150,kft,268,-2,9999,0,-0.700867601
"Heisele, Sebastian",150,cha,269,-2,212,-3,-0.711688473
"Gligic, Michael",150,pga,270,-9,453,-8,-0.718215134
"Fisher, Ross",150,euro,271,-2,215,-4,-0.724682291
"Mullinax, Trey",150,pga,272,-2,292,-1,-0.730371072
"Pepperell, Eddie",150,euro,273,-2,137,-3,-0.732873214
"Fox, Ryan",150,euro,274,-2,206,-1,-0.745421094
"Hagy, Brandon",150,pga,275,-25,398,-1,-0.747066791
"Zanotti, Fabrizio",150,euro,276,-1,372,-3,-0.754667274
"Lower, Justin",150,kft,277,-1,394,-4,-0.758033755
"Barjon, Paul",150,kft,278,-1,216,-3,-0.75941591
"Brehm, Ryan",150,kft,279,-1,439,-3,-0.760637139
"Kelly, Jerry",150,champ,280,-12,9999,0,-0.766171686
"Diaz, Roberto",150,kft,281,-2,359,6,-0.772141832
"Pereira, Mito",150,kft,282,-1,303,0,-0.78250561
"Uihlein, Peter",150,pga,283,-1,489,-2,-0.792389671
"De Jager, Louis",150,euro,284,-1,297,0,-0.792488211
"Brown, Scott",150,pga,285,53,242,3,-0.798869849
"O'Hair, Sean",150,pga,286,-1,9999,0,-0.803650519
"Wilkinson, Tim",150,kft,287,28,468,-2,-0.804962556
"Hoshino, Rikuya",150,jpn,288,-2,107,2,-0.808851106
"Southgate, Matthew",150,euro,289,-2,223,-5,-0.809051293
"Hossler, Beau",150,pga,290,-1,290,-1,-0.80974701
"Chun-an, Yu",150,am,291,-3,9999,0,-0.809848321
"Brown, Steven",150,euro,292,-2,248,-2,-0.811683363
"Tway, Kevin",150,pga,293,9,373,-15,-0.813887775
"Riley, Davis",150,kft,294,-3,226,-3,-0.823095715
"Kinhult, Marcus",150,euro,295,-3,112,-2,-0.82326069
"Haas, Bill",150,pga,296,17,9999,0,-0.829542664
"Austin, Woody",150,champ,297,-4,9999,0,-0.829740875
"Bjork, Alexander",150,euro,298,-4,285,2,-0.834189475
"Horsfield, Sam",150,euro,299,-4,101,-3,-0.838571689
"Ramsay, Richie",150,euro,300,-3,276,-3,-0.840594136
"Morrison, James",150,euro,301,-3,409,-2,-0.841831118
"Van Tonder, Daniel",150,afr,302,-3,143,8,-0.843206932
"Guerrier, Julien",150,euro,303,-3,438,1,-0.843602831
"Crick, Brandon",150,kft,304,-3,9999,0,-0.846357011
"Augenstein, John",150,am,305,-2,9999,0,-0.854515138
"Stroud, Chris",150,pga,306,-2,388,1,-0.856427926
"Thompson, Davis",150,am,307,-2,9999,0,-0.859850126
"Tarren, Callum",150,kft,308,-2,9999,0,-0.860998527
"Horikawa, Mikumu",150,jpn,309,-2,192,1,-0.862424955
"Bhatia, Akshay",147,pga,310,-2,9999,0,-0.867088914
"Roach, Wes",150,pga,311,-2,378,3,-0.871260241
"Gomez, Fabian",150,pga,312,-28,293,0,-0.874209829
"Higgo, Garrick",150,euro,313,-3,89,0,-0.875074975
"Ahlers, Jaco",150,afr,314,-3,257,3,-0.876031088
"Wang, Jeunghun",150,euro,315,-3,323,-2,-0.882350065
"Lovemark, Jamie",150,pga,316,20,9999,0,-0.886559396
"Hall, Harry",150,am,317,-3,407,-3,-0.896726464
"Buckley, Hayden",150,kft,318,-1,9999,0,-0.905022908
"Blixt, Jonas",150,pga,319,-3,9999,0,-0.905210599
"Nunez, Augusto",150,kft,320,-1,366,-6,-0.909388273
"Singh Brar, Jack",150,euro,321,0,430,-1,-0.910882218
"Kim, Joohyung",130,owgr,322,-2,154,-2,-0.912129616
"Trahan, D.J.",150,pga,323,14,460,-2,-0.912460796
"Harrington, Scott",150,pga,324,-2,339,-4,-0.913786594
"Thornberry, Braden",150,kft,325,-2,9999,0,-0.915494063
"Karlsson, Robert",150,euro,326,-2,9999,0,-0.917352282
"Green, Gavin",150,euro,327,-2,193,-3,-0.919030751
"Ishikawa, Ryo",150,jpn,328,-32,95,-4,-0.920152341
"Migliozzi, Guido",150,euro,329,-3,209,-6,-0.926782158
"Lemke, Niklas",150,euro,330,-3,278,0,-0.932989758
"Eckroat, Austin",150,am,331,-3,9999,0,-0.935268538
"Parel, Scott",150,champ,332,-3,9999,0,-0.944034975
"Greyserman, Max",150,kft,333,-3,9999,0,-0.945230047
"Garber, Joey",150,kft,334,-3,9999,0,-0.947228177
"Schaper, Jayden Trey",150,am,335,-2,332,5,-0.953564347
"Montgomery, Taylor",107,kft,336,-4,392,-1,-0.953814466
"Cockerill, Aaron",150,euro,337,-3,371,1,-0.960340589
"Meronk, Adrian",150,euro,338,-3,187,-1,-0.964029372
"Kang, Sung",150,pga,339,15,88,-2,-0.969438585
"Paisley, Chris",150,euro,340,-1,262,-4,-0.988692862
"McCumber, Tyler",150,pga,341,-23,286,-3,-0.988702808
"Smalley, Alex",150,am,342,-2,9999,0,-0.993384357
"Laporta, Francesco",150,cha,343,-2,151,-2,-0.997185411
"Baek, Todd",150,jpn,344,-2,399,0,-0.997608905
"Roy, Kevin",96,kft,345,-2,9999,0,-1.000467851
"Karlberg, Rikard",150,euro,346,-2,427,0,-1.002524419
"Cummins, Quade",150,am,347,-2,9999,0,-1.002801073
"Young, Cameron",150,am,348,-2,9999,0,-1.004125981
"Kang, Kyungnam",150,kor,349,-2,368,6,-1.007615491
"Larrazabal, Pablo",150,euro,350,-2,247,-5,-1.012286211
"Stanger, Jimmy",150,kft,351,-2,411,-3,-1.019563582
"Albertson, Anders",150,kft,352,-2,9999,0,-1.024854184
"Choi, K.J.",150,pga,353,18,9999,0,-1.029840584
"Blair, Zac",150,pga,354,-3,308,0,-1.032284056
"Antcliff, Maverick",150,euro,355,-3,255,0,-1.0328209
"Moore, Taylor",150,kft,356,-3,9999,0,-1.033260189
"Donald, Luke",150,pga,357,-2,9999,0,-1.033505963
"Kraft, Kelly",150,pga,358,-2,463,-4,-1.034237111
"Endycott, Harrison",150,kft,359,-2,9999,0,-1.047692054
"Truslow, Austen",86,kft,360,-1,437,-2,-1.049122042
"Jones, Kyle",150,kft,361,-3,464,10,-1.050656632
"Reifers, Kyle",150,kft,362,-2,9999,0,-1.052162208
"Kieffer, Maximilian",150,euro,363,-1,459,-3,-1.055380247
"Pak, John",150,am,364,-3,9999,0,-1.055735162
"Kinoshita, Ryosuke",150,jpn,365,20,240,-3,-1.056916681
"Ogletree, Andy",150,am,366,-3,9999,0,-1.057261542
"Drewitt, Brett",150,kft,367,-3,364,0,-1.059004139
"Colsaerts, Nicolas",150,euro,368,-1,234,-3,-1.060908302
"Farr, Oliver",150,euro,369,-3,261,0,-1.060919401
"Tokimatsu, Ryuko",150,jpn,370,-5,225,-6,-1.061135062
"McCarthy, Dan",150,kft,371,-3,367,-4,-1.067382019
"Winther, Jeff",150,euro,372,-3,277,-1,-1.070343206
"Castro, Roberto",150,pga,373,-3,9999,0,-1.073271611
"Li, Haotong",150,euro,374,-2,177,-5,-1.080331772
"Lengden, Oscar",150,cha,375,-2,284,1,-1.082759746
"Wagner, Johnson",150,pga,376,-2,9999,0,-1.089635712
"Park, Sanghyun",150,jpn,377,-2,241,-1,-1.094065362
"Levy, Alexander",150,euro,378,-1,336,4,-1.095120029
"Yuan, Yechun",150,kft,379,-3,415,3,-1.095676453
"Thompson, Curtis",150,kft,380,-2,320,0,-1.099451118
"Jimenez, Miguel A",150,champ,381,-2,9999,0,-1.100224047
"Warren, Marc",150,euro,382,-2,221,-1,-1.107730839
"Byrd, Jonathan",150,pga,383,-2,9999,0,-1.111068315
"Pastore, David",108,can,384,-2,462,1,-1.113361239
"Otsuki, Tomoharu",150,jpn,385,-2,211,1,-1.12842696
"Fishburn, Patrick",150,kft,386,-2,9999,0,-1.131544158
"Walker, Jimmy",150,pga,387,-1,426,-13,-1.139881347
"Sordet, Clement",150,euro,388,-1,479,-2,-1.140969246
"Ros, Pep Angles",150,cha,389,-1,258,0,-1.142449831
"Murray, Grayson",150,pga,390,1,9999,0,-1.142720198
"Easton, Bryce",150,cha,391,-2,385,-1,-1.143654407
"Hoey, Rico",150,kft,392,-2,9999,0,-1.145408539
"Dougherty, Kevin",150,kft,393,-1,452,9,-1.158181856
"Kim, Whee",150,kft,394,-1,9999,0,-1.161164512
"Soderberg, Sebastian",150,euro,395,-1,196,-4,-1.173140986
"Blaum, Ryan",150,pga,396,-1,9999,0,-1.175776806
"Campillo, Jorge",150,euro,397,-1,116,-1,-1.178853282
"Castillo, Ricky",109,am,398,-1,9999,0,-1.181771317
"Saxon, Charlie",150,kft,399,-1,9999,0,-1.183304459
"Wu, Dylan",150,kft,400,-1,314,0,-1.188629223
"Gagli, Lorenzo",150,euro,401,-1,362,-5,-1.192138125
"Perry, Kenny",150,champ,402,-1,9999,0,-1.196130583
"Suri, Julian",150,euro,403,-1,447,0,-1.196603955
"Kjeldsen, Soren",150,euro,404,-1,9999,0,-1.204482689
"Moon, Kyongjun",150,kor,405,-1,315,7,-1.208836867
"Forrest, Grant",150,euro,406,-1,311,1,-1.211946987
"VanDerLaan, John",150,kft,407,-1,9999,0,-1.213717412
"Barnes, Ricky",150,pga,408,-1,9999,0,-1.214641733
"Toms, David",150,champ,409,-1,9999,0,-1.224391454
"Chin, John",150,kft,410,-1,381,5,-1.226947514
"Bae, Sangmoon",150,pga,411,-1,9999,0,-1.228109905
"Pavon, Matthieu",150,euro,412,-1,352,-3,-1.234377464
"Walters, Justin",150,euro,413,0,273,-2,-1.23860471
"Jobe, Brandt",150,champ,414,-2,9999,0,-1.239436612
"Smotherman, Austin",150,kft,415,-1,9999,0,-1.242806395
"Coletta, Brett",150,kft,416,-1,436,-2,-1.246062696
"Rodriguez, Jose de Jesus",150,kft,417,-1,484,8,-1.24616421
"India, Vince",150,kft,418,-1,9999,0,-1.247946647
"Weir, Mike",150,kft,419,0,9999,0,-1.254788072
"Cappelen, Sebastian",150,pga,420,-2,419,-6,-1.256280636
"Kim, Sihwan",150,euro,421,-2,9999,0,-1.261270786
"Blaauw, Jacques",150,afr,422,-2,405,5,-1.26253261
"Aiken, Thomas",150,euro,423,-2,9999,0,-1.263045495
"Blomstrand, Christofer",150,cha,424,-2,294,4,-1.263407642
"Pampling, Rod",150,pga,425,-2,9999,0,-1.267674342
"Taylor, Ben",150,kft,426,27,9999,0,-1.270534783
"Potter Jr, Ted",150,pga,427,21,448,-9,-1.272446045
"Ruffels, Ryan",150,kft,428,-4,9999,0,-1.274354559
"Phillips, Chandler",150,am,429,-3,9999,0,-1.276418034
"Ormsby, Wade",150,euro,430,-5,208,-4,-1.276481645
"Ikeda, Yuta",150,jpn,431,-4,283,-1,-1.278233584
"Chesters, Ashley",150,euro,432,-3,9999,0,-1.282879401
"Luck, Curtis",150,kft,433,-5,374,4,-1.283428297
"Lawrence, Thriston",150,afr,434,-4,326,6,-1.284253427
"Kodaira, Satoshi",150,pga,435,0,402,0,-1.286032298
"Arnold, Jamie",150,kft,436,-5,9999,0,-1.28717092
"Van Driel, Darius",150,euro,437,-4,298,-3,-1.287791463
"Humphrey, Theo",150,kft,438,-6,9999,0,-1.288499521
"McGreevy, Max",150,kft,439,-5,267,-1,-1.291129519
"Senior, Jack",150,euro,440,-5,253,-1,-1.296435007
"Vick, Travis",146,am,441,-5,9999,0,-1.301911619
"Kim, Seunghyuk",150,jpn,442,-5,423,5,-1.304231066
"Pope, Andy",86,kft,443,-4,9999,0,-1.310549089
"Lamb, Rick",150,kft,444,-6,9999,0,-1.311043343
"Iwata, Hiroshi",150,jpn,445,-5,268,-1,-1.312330993
"Armstrong, Dawson",150,kft,446,-5,9999,0,-1.317677463
"Salinda, Isaiah",150,am,447,-5,9999,0,-1.318700517
"Knous, Jim",150,pga,448,-5,9999,0,-1.324071162
"Moller, Niklas Norgaard",150,owgr,449,-5,345,1,-1.326821697
"Hammer, Cole",150,am,450,-5,9999,0,-1.333473607
"Montgomerie, Colin",150,champ,451,-5,9999,0,-1.335861866
"Daffue, MJ",75,kft,452,-3,9999,0,-1.3360422
"Siem, Marcel",150,euro,453,-6,9999,0,-1.336409044
"Stow, Ben",150,cha,454,-4,384,-4,-1.341403617
"Yonezawa, Ren",103,jpn,455,-4,9999,0,-1.343585837
"Ford, Matt",150,cha,456,-4,383,1,-1.343855906
"Canizares, Alejandro",150,euro,457,-2,9999,0,-1.351297898
"Lee, Min Woo",150,euro,458,-4,179,-6,-1.351480484
"Du Plessis, Hennie",150,afr,459,-3,401,0,-1.35356782
"Ritthammer, Bernard",150,euro,460,-3,420,-1,-1.367830802
"Novak, Andrew",150,kft,461,-3,469,0,-1.36961613
"Knappe, Alexander",150,cha,462,-3,406,-1,-1.370377454
"Limbhasut, KK",150,kft,463,-3,9999,0,-1.371368387
"Lieser, Ondrej",105,owgr,464,-2,175,-4,-1.374288758
"Broadhurst, Paul",150,champ,465,-4,9999,0,-1.374573581
"McCormick, Ryan",117,kft,466,-3,9999,0,-1.377962367
"Simonsen, Martin Leth",150,cha,467,-3,9999,0,-1.388571914
"Holt, Ian",150,can,468,-3,9999,0,-1.391335979
"Compton, Erik",150,kft,469,-3,9999,0,-1.393018355
"Cho, Mingyu",150,jpn,470,-3,9999,0,-1.39347883
"Wu, Ashun",150,euro,471,-3,375,4,-1.397652871
"Randolph, Jonathan",150,kft,472,-3,9999,0,-1.401951839
"Van Aswegen, Tyrone",150,kft,473,-3,9999,0,-1.402823579
"Tuten, Shad",150,sam,474,-3,9999,0,-1.404910989
"Ledesma, Nelson",150,kft,475,0,493,0,-1.406612206
"Harmeling, Evan",150,kft,476,-4,327,-4,-1.407939614
"Lee, Jaekyeong",81,kor,477,-4,295,1,-1.413359722
"Chiarella, Alex",97,kft,478,-4,9999,0,-1.416294474
"Coody, Pierceson",150,am,479,-4,9999,0,-1.418930614
"Goya, Estanislao",150,sam,480,-2,9999,0,-1.428687741
"Campbell, Brian",150,kft,481,-4,9999,0,-1.428915164
"Chawrasia, S.S.P.",150,euro,482,-6,9999,0,-1.429519548
"Rocha, Alexandre",150,sam,483,-4,9999,0,-1.430852851
"Miller, Michael",150,kft,484,-4,9999,0,-1.432440137
"Izumida, Daijiro",150,jpn,485,-3,329,-1,-1.435273889
"Miller, Cole",150,can,486,-5,9999,0,-1.43547343
"Vogel, T.J.",150,kft,487,-4,9999,0,-1.438445502
"Haley II, Paul",120,kft,488,-4,421,0,-1.443085439
"Whitnell, Dale",105,euro,489,-4,269,0,-1.445125694
"Nimmer, Bryson",150,can,490,-4,9999,0,-1.445719418
"Sciot-Siegrist, Robin",150,cha,491,-4,299,0,-1.446515588
"Inamori, Yuki",150,jpn,492,-4,153,0,-1.446689199
"Schneider, Marcel",150,cha,493,-3,325,-1,-1.446978066
"Schmid, Matthias",150,am,494,-5,9999,0,-1.447196715
"Baldwin, Matthew",150,cha,495,-4,400,2,-1.448132504
"Rohwer, Martin",150,afr,496,-4,387,0,-1.450064755
"Sharvin, Cormac",150,euro,497,-4,395,-3,-1.452848185
"Franken, Stephen",150,kft,498,-4,9999,0,-1.454550049
"Hirschman, Grant",150,kft,499,-4,9999,0,-1.454887739
"Mansell, Richard",150,cha,500,-4,259,-3,-1.455465659
