player_name,sample_size,primary_tour,dg_rank,dg_change,owgr_rank,owgr_change,dg_index
"Johnson, Dustin",150,pga,1,0,1,0,2.475211245
"Thomas, Justin",150,pga,2,1,3,0,2.389350222
"Rahm, Jon",150,pga,3,-1,2,0,2.386994609
"Schauffele, Xander",150,pga,4,0,4,2,2.293708811
"English, Harris",150,pga,5,3,17,12,1.920974022
"DeChambeau, Bryson",150,pga,6,3,6,-1,1.847713323
"Simpson, Webb",150,pga,7,0,8,0,1.779234554
"Reed, Patrick",150,pga,8,-3,11,0,1.742226237
"McIlroy, Rory",150,pga,9,-3,7,-3,1.726628157
"Cantlay, Patrick",150,pga,10,2,9,0,1.661947272
"Berger, Daniel",150,pga,11,3,13,0,1.588009509
"Hovland, Viktor",150,pga,12,-2,14,0,1.472674017
"Hatton, Tyrrell",150,pga,13,0,10,0,1.441680604
"Matsuyama, Hideki",150,pga,14,-3,21,-2,1.384700566
"Finau, Tony",150,pga,15,0,20,0,1.350046162
"Niemann, Joaquin",150,pga,16,7,31,14,1.345539868
"Scheffler, Scottie",150,pga,17,0,32,0,1.333720323
"Morikawa, Collin",150,pga,18,2,5,2,1.290536824
"Ancer, Abraham",150,pga,19,-3,24,-1,1.258347429
"Im, Sungjae",150,pga,20,7,18,0,1.199376518
"Palmer, Ryan",150,pga,21,16,25,5,1.19914057
"Scott, Adam",150,pga,22,0,22,-1,1.184454893
"Fitzpatrick, Matthew",150,pga,23,-5,16,0,1.139390424
"Smith, Cameron",150,pga,24,0,29,-2,1.130101401
"Koepka, Brooks",150,pga,25,-6,12,0,1.120145808
"Kisner, Kevin",150,pga,26,-1,28,-2,1.105722881
"Conners, Corey",150,pga,27,-6,54,0,1.050475204
"Henley, Russell",150,pga,28,-2,58,-1,0.990514992
"Oosthuizen, Louis",150,pga,29,0,23,-1,0.932472972
"Horschel, Billy",150,pga,30,1,41,1,0.928193778
"Kokrak, Jason",150,pga,31,-3,27,-2,0.92310019
"Bezuidenhout, Christiaan",150,euro,32,-2,35,-1,0.851730908
"Zalatoris, Will",150,kft,33,-1,61,-2,0.84343658
"Day, Jason",150,pga,34,-1,44,-1,0.839171565
"Harman, Brian",150,pga,35,-1,92,0,0.836301986
"Fleetwood, Tommy",150,pga,36,-1,19,-2,0.829223295
"Watson, Bubba",150,pga,37,-1,47,-3,0.817594227
"Garcia, Sergio",150,pga,38,19,45,1,0.791929757
"Todd, Brendon",150,pga,39,7,46,1,0.787764559
"Johnson, Zach",150,pga,40,-2,99,1,0.756483306
"Griffin, Lanto",150,pga,41,21,55,8,0.705633067
"Munoz, Sebastian",150,pga,42,16,56,5,0.681600558
"Wolff, Matthew",150,pga,43,-3,15,0,0.652092172
"Poulter, Ian",150,pga,44,-3,48,0,0.649623623
"Dahmen, Joel",150,pga,45,-2,64,0,0.642386182
"Gooch, Talor",150,pga,46,-2,83,-1,0.635581787
"Rose, Justin",150,pga,47,-2,37,-2,0.632482176
"Tringale, Cameron",150,pga,48,0,103,-1,0.598832046
"Ortiz, Carlos",150,pga,49,-10,60,0,0.595007118
"Long, Adam",150,pga,50,-1,63,-1,0.592877513
"Casey, Paul",150,pga,51,-1,26,-2,0.592351212
"Fowler, Rickie",150,pga,52,-1,59,-3,0.584090311
"Lowry, Shane",150,pga,53,-1,34,-1,0.566561175
"Van Rooyen, Erik",150,euro,54,-1,52,-1,0.565329264
"Streelman, Kevin",150,pga,55,-1,53,-1,0.555067892
"Na, Kevin",150,pga,56,-9,38,-1,0.541265602
"Kuchar, Matt",150,pga,57,-2,40,-2,0.540949532
"Hughes, Mackenzie",150,pga,58,-16,49,0,0.540607149
"Woods, Tiger",150,pga,59,-3,43,-2,0.523222096
"Howell III, Charles",150,pga,60,-1,116,1,0.518015577
"Champ, Cameron",150,pga,61,8,71,1,0.48234963
"Grillo, Emiliano",150,pga,62,-2,159,-2,0.481756558
"Wise, Aaron",150,pga,63,-2,126,-1,0.476906166
"Frittelli, Dylan",150,pga,64,-1,67,1,0.440007267
"Hoge, Tom",150,pga,65,-1,107,0,0.43227242
"Kim, Si Woo",150,pga,66,-1,100,-1,0.430840498
"Woodland, Gary",150,pga,67,-1,39,0,0.404989576
"Bradley, Keegan",150,pga,68,-1,133,-3,0.40041298
"Burns, Sam",150,pga,69,-1,158,-2,0.393299956
"Noren, Alex",150,pga,70,0,94,3,0.383512145
"Poston, J.T.",150,pga,71,0,73,0,0.371929707
"Straka, Sepp",150,pga,72,0,144,-2,0.3331072
"Kaymer, Martin",150,euro,73,0,79,-1,0.317830411
"Redman, Doc",150,pga,74,0,88,1,0.315822624
"Cauley, Bud",150,pga,75,0,182,-6,0.313243221
"Moore, Ryan",150,pga,76,0,175,-3,0.30620516
"McNealy, Maverick",150,pga,77,0,167,-1,0.297231544
"Glover, Lucas",150,pga,78,0,117,-3,0.293712041
"Sabbatini, Rory",150,pga,79,0,122,-3,0.282666126
"McCarthy, Denny",150,pga,80,0,202,-1,0.282616108
"Sullivan, Andy",150,euro,81,0,57,-2,0.27991879
"Wallace, Matt",150,euro,82,0,50,0,0.279787641
"Perez, Victor",150,euro,83,0,33,-2,0.243789945
"Macintyre, Robert",150,euro,84,1,51,2,0.23698544
"Piercy, Scott",150,pga,85,-1,138,0,0.236974043
"Furyk, Jim",150,pga,86,0,215,-5,0.232033865
"Varner III, Harold",150,pga,87,0,132,-3,0.23089168
"Stenson, Henrik",150,pga,88,0,65,0,0.230193774
"Huh, John",150,pga,89,0,362,5,0.218715373
"An, Byeong Hun",150,pga,90,0,77,-2,0.205277996
"Westwood, Lee",150,euro,91,0,36,0,0.201007973
"Wiesberger, Bernd",150,euro,92,0,42,-2,0.19309797
"Homa, Max",150,pga,93,0,102,-1,0.160623037
"NeSmith, Matthew",150,pga,94,0,197,-4,0.145447203
"Detry, Thomas",150,euro,95,0,82,-2,0.130150409
"Lorenzo-Vera, Michael",150,euro,96,0,112,-7,0.12958531
"Duncan, Tyler",150,pga,97,0,148,-2,0.122439118
"Knox, Russell",150,pga,98,0,229,-2,0.113188741
"Schwartzel, Charl",150,pga,99,0,210,-3,0.10824574
"Pieters, Thomas",150,euro,100,0,84,-3,0.106100922
"Clark, Wyndham",150,pga,101,0,150,-3,0.09933657
"Davis, Cameron",150,pga,102,0,230,0,0.089669508
"Cink, Stewart",150,pga,103,10,130,8,0.088707285
"Hoffman, Charley",150,pga,104,-1,145,0,0.079397325
"Werenski, Richy",150,pga,105,22,139,11,0.069107204
"Jones, Matt",150,pga,106,-2,119,-3,0.064935279
"Laird, Martin",150,pga,107,32,78,7,0.055871899
"Kizzire, Patton",150,pga,108,-3,235,1,0.055649069
"Hahn, James",150,pga,109,-3,249,0,0.050674027
"Spieth, Jordan",150,pga,110,-3,85,-1,0.050483538
"Langer, Bernhard",150,champ,111,-3,9999,0,0.013418091
"Hadwin, Adam",150,pga,112,-3,80,-1,0.009168784
"Taylor, Nick",150,pga,113,19,135,1,0.005070061
"Hubbard, Mark",150,pga,114,-4,141,0,0.003079865
"Schenk, Adam",150,pga,115,-4,241,-1,0.002916388
"Malnati, Peter",150,pga,116,-4,169,0,-0.01161262
"Perez, Pat",150,pga,117,-3,207,1,-0.025665956
"Reavie, Chez",150,pga,118,-3,62,-4,-0.029710501
"Vegas, Jhonattan",150,pga,119,-3,225,-6,-0.03226998
"Hadley, Chesson",150,pga,120,-3,250,1,-0.033057683
"Norlander, Henrik",150,pga,121,-3,166,-1,-0.034700794
"Garnett, Brice",150,pga,122,-3,275,0,-0.044928935
"Snedeker, Brandt",150,pga,123,-3,95,0,-0.048131283
"Higgs, Harry",150,pga,124,-3,121,0,-0.062195943
"Johnston, Andrew",150,euro,125,-3,217,-1,-0.06859963
"Ghim, Doug",150,pga,126,-3,388,1,-0.081374062
"Pan, C.T.",150,pga,127,-3,147,1,-0.086718596
"Stallings, Scott",150,pga,128,-3,248,-3,-0.109122867
"Wu, Brandon",150,kft,129,-3,170,0,-0.109803599
"Thompson, Michael",150,pga,130,49,101,7,-0.121509324
"Merritt, Troy",150,pga,131,-3,155,-4,-0.126414692
"Pendrith, Taylor",150,kft,132,-3,129,-1,-0.138817273
"Grace, Branden",150,pga,133,-3,128,-2,-0.140294349
"Norris, Shaun",150,jpn,134,-3,113,-4,-0.149718902
"Kirk, Chris",150,pga,135,-2,263,1,-0.15391369
"Stanley, Kyle",150,pga,136,-2,238,3,-0.155079306
"Mickelson, Phil",150,pga,137,-2,66,0,-0.15914035
"Schwab, Matthias",150,euro,138,-2,111,-6,-0.160353832
"Percy, Cameron",150,pga,139,-2,342,-3,-0.161029497
"Taylor, Vaughn",150,pga,140,-2,189,-7,-0.17853329
"Rai, Aaron",150,euro,141,-1,75,1,-0.182012913
"Leishman, Marc",150,pga,142,29,30,-2,-0.184924272
"Rozner, Antoine",150,euro,143,-2,108,4,-0.185351073
"Stricker, Steve",150,pga,144,-2,462,0,-0.18967774
"Schniederjans, Ollie",150,pga,145,-2,292,2,-0.199474596
"Stuard, Brian",150,pga,146,-2,195,-5,-0.200281178
"Sigg, Greyson",150,kft,147,-2,233,0,-0.204043169
"Rodgers, Patrick",150,pga,148,-2,232,0,-0.206335635
"Ramey, Chad",150,kft,149,-2,277,-1,-0.210946909
"Herbert, Lucas",150,euro,150,-2,70,0,-0.217673095
"Lewis, Tom",150,euro,151,-2,72,-1,-0.23279418
"Ventura, Kristoffer",150,pga,152,-2,179,-2,-0.236019521
"Zhang, Xinjun",150,pga,153,-2,191,-8,-0.240295952
"Cook, Austin",150,pga,154,-2,180,6,-0.24390877
"Kim, Chan",150,jpn,155,-2,74,0,-0.245745892
"Lee, Danny",150,pga,156,-2,140,-3,-0.24645579
"Molinari, Francesco",150,pga,157,-2,125,-2,-0.262505223
"Kanaya, Takumi",140,jpn,158,-2,118,2,-0.267395734
"Hansen, Joachim B",150,euro,159,-2,142,2,-0.268796551
"Lashley, Nate",150,pga,160,-2,123,-1,-0.269946291
"Donaldson, Jamie",150,euro,161,-2,165,1,-0.282861368
"Hoag, Bo",150,pga,162,-2,301,-2,-0.283781865
"Otaegui, Adrian",150,euro,163,-2,154,0,-0.28898408
"Luiten, Joost",150,euro,164,-2,164,0,-0.294943369
"Lahiri, Anirban",150,pga,165,-2,432,-1,-0.297800006
"Cabrera Bello, Rafa",150,pga,166,-2,106,-3,-0.311754687
"Dufner, Jason",150,pga,167,-2,345,5,-0.317192696
"Burgoon, Bronson",150,pga,168,-2,338,-1,-0.317866687
"Sloan, Roger",150,pga,169,-1,351,-2,-0.326224989
"Kennedy, Brad",150,jpn,170,-3,161,-2,-0.326607682
"List, Luke",150,pga,171,-2,184,-6,-0.336165056
"Jaeger, Stephan",150,kft,172,-2,234,0,-0.346305111
"Willett, Danny",150,pga,173,-1,68,-1,-0.354880976
"Olesen, Thorbjorn",150,euro,174,-1,370,-6,-0.356538178
"Martin, Ben",150,kft,175,-1,483,5,-0.360592742
"Suh, Justin",150,pga,176,-1,416,0,-0.361174338
"Steele, Brendan",150,pga,177,-1,114,1,-0.362422417
"Burmester, Dean",150,euro,178,-1,181,0,-0.365311241
"Jordan, Matthew",150,euro,179,-1,199,-3,-0.367830982
"Hardy, Nick",150,kft,180,0,438,-1,-0.375290237
"Hodges, Lee",150,kft,181,0,268,0,-0.379693098
"Lebioda, Hank",150,pga,182,0,331,-5,-0.383996815
"Sutherland, Kevin",150,champ,183,0,9999,0,-0.38739275
"Coetzee, George",150,euro,184,1,93,0,-0.390943128
"Els, Ernie",150,champ,185,1,9999,0,-0.396461204
"Waring, Paul",150,euro,186,1,142,-2,-0.399323365
"Landry, Andrew",150,pga,187,-3,104,0,-0.40096358
"Bramlett, Joseph",150,kft,188,0,286,-1,-0.409884434
"Harding, Justin",150,euro,189,0,163,-1,-0.419089948
"Putnam, Andrew",150,pga,190,0,201,-2,-0.420519838
"Lindheim, Nicholas",150,kft,191,0,472,1,-0.425260122
"Valimaki, Sami",150,euro,192,0,69,0,-0.45646916
"Sterne, Richard",150,euro,193,0,339,-8,-0.46812897
"Smith, Jordan",150,euro,194,0,194,-7,-0.473558946
"Paratore, Renato",150,euro,195,0,146,-3,-0.475783749
"Hearn, David",150,pga,196,0,451,0,-0.481001257
"Korhonen, Mikko",150,euro,197,0,243,4,-0.482031452
"Samooja, Kalle",150,euro,198,0,156,4,-0.487653518
"Hopfinger, Brad",150,kft,199,0,424,-1,-0.489580674
"Lipsky, David",150,euro,200,0,221,-6,-0.492739332
"Holmes, J.B.",150,pga,201,0,244,-9,-0.495350301
"Gay, Brian",150,pga,202,69,187,15,-0.502043069
"Zecheng, Marty Dou",150,kft,203,-1,327,-4,-0.504162148
"Harrington, Padraig",150,euro,204,-1,306,-1,-0.505187799
"Crocker, Sean",150,euro,205,-1,208,4,-0.51083628
"Lagergren, Joakim",150,euro,206,-1,177,8,-0.511876607
"Arnaus, Adri",150,euro,207,-1,131,2,-0.512790425
"Herman, Jim",150,pga,208,-1,97,-1,-0.513913247
"Anderson, Mark",150,pga,209,-1,470,-5,-0.516240473
"Ryder, Sam",150,pga,210,-1,319,0,-0.521792357
"Bland, Richard",150,euro,211,-1,183,5,-0.521970946
"Svensson, Adam",150,kft,212,-1,9999,0,-0.52297694
"Aphibarnrat, Kiradech",150,pga,213,-1,279,-6,-0.525197269
"Oppenheim, Rob",150,pga,214,-1,450,-3,-0.525303312
"Gordon, Will",150,pga,215,-1,228,1,-0.525352686
"Veerman, Johannes",150,euro,216,-1,265,-2,-0.527073822
"Stone, Brandon",150,euro,217,-1,200,0,-0.531006834
"Langasque, Romain",150,euro,218,-1,120,4,-0.535352245
"Kohles, Ben",150,kft,219,0,302,-1,-0.544777404
"Jamieson, Scott",150,euro,220,0,227,-1,-0.54503244
"Chappell, Kevin",150,pga,221,0,9999,0,-0.545258758
"Gutschewski, Scott",150,kft,222,0,9999,0,-0.547317089
"Streb, Robert",150,pga,223,-5,105,8,-0.54920741
"Goosen, Retief",150,champ,224,-1,9999,0,-0.550585475
"Baker, Chris",150,kft,225,-1,430,-1,-0.560095575
"Baddeley, Aaron",150,pga,226,-1,422,-10,-0.560169549
"Rock, Robert",150,euro,227,-1,226,-3,-0.561629487
"Catlin, John",150,euro,228,-1,96,-2,-0.565889251
"Nienaber, Wilco",150,euro,229,-1,160,1,-0.574333422
"Besseling, Wil",150,euro,230,-1,168,5,-0.574963958
"Watney, Nick",150,pga,231,-1,352,1,-0.581632336
"Scrivener, Jason",150,euro,232,-1,222,3,-0.586169679
"Swafford, Hudson",150,pga,233,31,176,22,-0.586813236
"Spaun, J.J.",150,pga,234,-1,475,0,-0.588928545
"Kitayama, Kurt",150,euro,235,-3,136,-2,-0.588936229
"Fichardt, Darren",150,euro,236,-2,236,3,-0.594145549
"Canter, Laurie",150,euro,237,-2,124,3,-0.595528384
"Wolfe, Jared",150,kft,238,-2,206,3,-0.598366671
"Harkins, Brandon",150,kft,239,-2,454,-2,-0.600804401
"Villegas, Camilo",150,pga,240,-2,400,1,-0.608444959
"Shelton, Robby",150,pga,241,-2,178,-3,-0.613324156
"Theegala, Sahith",150,am,242,-2,9999,0,-0.624226671
"Hill, Calum",150,euro,243,-2,196,1,-0.628798638
"Kawamura, Masahiro",150,euro,244,-1,162,1,-0.630564655
"Couples, Fred",141,champ,245,-3,9999,0,-0.630719899
"Mitchell, Keith",150,pga,246,-2,198,-9,-0.632313028
"Barnes, Erik",150,kft,247,-2,9999,0,-0.642996301
"Armitage, Marcus",150,euro,248,-2,174,10,-0.645157639
"Dubuisson, Victor",139,euro,249,-2,336,-3,-0.649818552
"Vincent, Scott",150,euro,250,-2,214,0,-0.65207356
"Imahira, Shugo",150,jpn,251,-2,76,1,-0.652607131
"Hagy, Brandon",150,pga,252,-2,397,1,-0.653272613
"Whaley, Vincent",150,kft,253,-2,457,-2,-0.654887433
"Armour, Ryan",150,pga,254,-2,239,-1,-0.660471636
"Horsey, David",150,euro,255,-2,262,5,-0.66216153
"Syme, Connor",150,euro,256,-2,224,3,-0.662678286
"Hickok, Kramer",150,pga,257,-1,367,-1,-0.664342638
"McDowell, Graeme",150,pga,258,-3,81,2,-0.664379226
"Charoenkul, Gunn",150,jpn,259,-2,157,1,-0.664822641
"Shinkwin, Callum",150,euro,260,-2,127,4,-0.670792127
"Hebert, Benjamin",150,euro,261,-2,137,-2,-0.674640342
"Janewattananond, Jazz",150,jpn,262,-2,90,-2,-0.678274006
"Gligic, Michael",150,kft,263,-2,445,0,-0.679934045
"Hojgaard, Rasmus",150,cha,264,-2,87,0,-0.689836938
"Teater, Josh",150,pga,265,-2,341,-1,-0.69096358
"Kelly, Jerry",150,champ,266,-1,9999,0,-0.700692175
"Heisele, Sebastian",150,cha,267,-1,209,-3,-0.701328219
"Van Der Walt, Dawie",150,kft,268,-1,9999,0,-0.702249525
"Fisher, Ross",150,euro,269,-1,211,0,-0.714796466
"Pepperell, Eddie",150,euro,270,-1,134,-2,-0.722140272
"Mullinax, Trey",150,pga,271,-1,291,-1,-0.726112741
"Fox, Ryan",150,euro,272,0,205,-1,-0.735071607
"Zanotti, Fabrizio",150,euro,273,0,369,-1,-0.744294813
"Power, Seamus",150,pga,274,0,433,0,-0.745591819
"Seiffert, Chase",150,kft,275,0,264,-2,-0.748275414
"Brehm, Ryan",150,kft,276,1,436,-1,-0.757221102
"Lower, Justin",150,kft,277,-1,390,0,-0.757503843
"Barjon, Paul",150,kft,278,0,213,0,-0.759229317
"Lee, Kyounghoon",150,pga,279,0,274,0,-0.76968465
"Diaz, Roberto",150,kft,280,0,365,-7,-0.772558395
"De Jager, Louis",150,euro,281,1,297,-2,-0.783116703
"Pereira, Mito",150,kft,282,-1,303,-1,-0.783375375
"Uihlein, Peter",150,pga,283,0,487,5,-0.788392803
"Gomez, Fabian",150,pga,284,0,293,-2,-0.789912663
"Hoshino, Rikuya",150,jpn,285,0,109,1,-0.79422426
"O'Hair, Sean",150,pga,286,0,9999,0,-0.798704687
"Southgate, Matthew",150,euro,287,0,218,6,-0.799514938
"Chun-an, Yu",150,am,288,0,9999,0,-0.800308662
"Brown, Steven",150,euro,289,0,246,-2,-0.802604446
"Hossler, Beau",150,pga,290,0,289,-1,-0.805724517
"Austin, Woody",150,champ,291,0,9999,0,-0.807605787
"Kinhult, Marcus",150,euro,292,0,110,1,-0.813931438
"Riley, Davis",150,kft,293,0,223,-1,-0.823218892
"Bjork, Alexander",150,euro,294,0,287,-3,-0.824945905
"Ishikawa, Ryo",150,jpn,295,0,91,0,-0.827600599
"Horsfield, Sam",150,euro,296,0,98,0,-0.828570995
"Ramsay, Richie",150,euro,297,0,273,4,-0.831095436
"Morrison, James",150,euro,298,0,407,4,-0.832468924
"Van Tonder, Daniel",150,afr,299,0,151,4,-0.833286925
"Guerrier, Julien",150,euro,300,0,439,0,-0.833632566
"Augenstein, John",150,am,301,0,9999,0,-0.845028259
"Crick, Brandon",150,kft,302,0,9999,0,-0.847750912
"Horikawa, Mikumu",150,jpn,303,0,193,1,-0.848109651
"Tway, Kevin",150,pga,304,0,358,3,-0.849084198
"Stroud, Chris",150,pga,305,0,389,-3,-0.850560014
"Thompson, Davis",150,am,306,0,9999,0,-0.850771797
"Bhatia, Akshay",147,pga,307,0,9999,0,-0.85840335
"Tarren, Callum",150,kft,308,0,9999,0,-0.861914193
"Ahlers, Jaco",150,afr,309,0,260,1,-0.865746654
"Higgo, Garrick",150,euro,310,0,89,1,-0.865950212
"Roach, Wes",150,pga,311,0,381,-1,-0.868733335
"Wang, Jeunghun",150,euro,312,0,321,9,-0.871854611
"Haas, Bill",150,pga,313,0,9999,0,-0.876471159
"Hall, Harry",150,am,314,0,404,-2,-0.891363979
"Wilkinson, Tim",150,kft,315,1,466,-4,-0.89217043
"Blixt, Jonas",150,pga,316,-1,9999,0,-0.89264513
"Karlsson, Robert",150,euro,317,1,9999,0,-0.89856192
"Singh Brar, Jack",150,euro,318,-1,429,1,-0.899286648
"McCumber, Tyler",150,pga,319,0,283,-2,-0.900042373
"Kim, Joohyung",130,owgr,320,0,152,-3,-0.901464931
"Buckley, Hayden",150,kft,321,0,9999,0,-0.904101178
"Green, Gavin",150,euro,322,0,190,1,-0.909701758
"Harrington, Scott",150,pga,323,0,335,-3,-0.910335678
"Nunez, Augusto",150,kft,324,0,360,9,-0.911785256
"Thornberry, Braden",150,kft,325,0,9999,0,-0.916852275
"Migliozzi, Guido",150,euro,326,0,203,0,-0.917531644
"Parel, Scott",150,champ,327,0,9999,0,-0.922495794
"Lemke, Niklas",150,euro,328,0,278,5,-0.92401533
"Eckroat, Austin",150,am,329,0,9999,0,-0.92866728
"Schaper, Jayden Trey",150,am,330,0,337,5,-0.943324213
"Greyserman, Max",150,kft,331,0,9999,0,-0.945256958
"Garber, Joey",150,kft,332,0,9999,0,-0.949350414
"Cockerill, Aaron",150,euro,333,0,372,4,-0.951890058
"Montgomery, Taylor",107,kft,334,0,391,1,-0.953701218
"Meronk, Adrian",150,euro,335,0,186,6,-0.955622317
"Trahan, D.J.",150,pga,336,0,458,-6,-0.975245946
"Lovemark, Jamie",150,pga,337,0,9999,0,-0.975687926
"Paisley, Chris",150,euro,338,0,258,-2,-0.979074441
"Brown, Scott",150,pga,339,0,245,-3,-0.98383884
"Baek, Todd",150,kft,340,0,399,0,-0.984490962
"Smalley, Alex",150,am,341,0,9999,0,-0.986855971
"Laporta, Francesco",150,cha,342,0,149,3,-0.988419317
"Karlberg, Rikard",150,euro,343,0,427,-3,-0.993468222
"Kang, Kyungnam",150,kor,344,0,374,7,-0.996993944
"Young, Cameron",150,am,345,0,500,-1,-1.000752728
"Roy, Kevin",96,kft,346,1,9999,0,-1.003465574
"Cummins, Quade",150,am,347,-1,9999,0,-1.003800277
"Larrazabal, Pablo",150,euro,348,0,242,3,-1.00408536
"Stanger, Jimmy",150,kft,349,0,408,-1,-1.021022622
"Antcliff, Maverick",150,euro,350,0,255,-1,-1.023720766
"Albertson, Anders",150,kft,351,0,9999,0,-1.025028778
"Blair, Zac",150,pga,352,0,308,-1,-1.027247802
"Kraft, Kelly",150,pga,353,0,459,-5,-1.027998449
"Donald, Luke",150,pga,354,0,9999,0,-1.02981829
"Kang, Sung",150,pga,355,0,86,0,-1.030108423
"Moore, Taylor",150,kft,356,0,9999,0,-1.034599496
"Pak, John",150,am,357,0,9999,0,-1.046189903
"Tokimatsu, Ryuko",150,jpn,358,0,219,-2,-1.046937937
"Kieffer, Maximilian",150,euro,359,0,456,3,-1.047169984
"Endycott, Harrison",150,kft,360,1,9999,0,-1.049880117
"Jones, Kyle",150,kft,361,-1,474,0,-1.050105768
"Ogletree, Andy",150,am,362,0,9999,0,-1.050517269
"Truslow, Austen",86,kft,363,2,435,1,-1.051679826
"Farr, Oliver",150,euro,364,-1,261,-2,-1.051749749
"Colsaerts, Nicolas",150,euro,365,1,231,0,-1.052867977
"Reifers, Kyle",150,kft,366,-2,9999,0,-1.053166883
"Drewitt, Brett",150,kft,367,0,364,-2,-1.060664637
"Winther, Jeff",150,euro,368,0,276,3,-1.061455083
"Castro, Roberto",150,pga,369,0,9999,0,-1.064320901
"Choi, K.J.",150,pga,370,0,9999,0,-1.06854443
"McCarthy, Dan",150,kft,371,0,363,-4,-1.069109666
"Li, Haotong",150,euro,372,0,172,-4,-1.072539425
"Lengden, Oscar",150,cha,373,0,285,1,-1.075276359
"Jimenez, Miguel A",150,champ,374,0,9999,0,-1.083101475
"Park, Sanghyun",150,jpn,375,0,240,3,-1.083673434
"Wagner, Johnson",150,pga,376,0,9999,0,-1.084972398
"Levy, Alexander",150,euro,377,0,340,1,-1.087027887
"Yuan, Yechun",150,kft,378,0,418,-4,-1.097450364
"Warren, Marc",150,euro,379,0,220,0,-1.09859471
"Thompson, Curtis",150,kft,380,0,320,0,-1.101620339
"Byrd, Jonathan",150,pga,381,0,9999,0,-1.106135357
"Pastore, David",108,can,382,0,463,3,-1.106747499
"Otsuki, Tomoharu",150,jpn,383,0,212,6,-1.113816436
"Kinoshita, Ryosuke",150,jpn,384,0,237,-1,-1.127141813
"Sordet, Clement",150,euro,385,0,477,7,-1.132563554
"Fishburn, Patrick",150,kft,386,0,9999,0,-1.133479623
"Ros, Pep Angles",150,cha,387,0,258,2,-1.1346935
"Walker, Jimmy",150,pga,388,0,413,7,-1.135753095
"Easton, Bryce",150,cha,389,0,384,-2,-1.135818164
"Hoey, Rico",150,kft,390,0,9999,0,-1.145413556
"Murray, Grayson",150,pga,391,0,9999,0,-1.148330194
"Dougherty, Kevin",150,kft,392,0,461,-1,-1.159692809
"Kim, Whee",150,kft,393,0,9999,0,-1.163016469
"Soderberg, Sebastian",150,euro,394,0,192,3,-1.165815165
"Blaum, Ryan",150,pga,395,1,9999,0,-1.170922866
"Campillo, Jorge",150,euro,396,1,115,3,-1.171437689
"Castillo, Ricky",109,am,397,-2,9999,0,-1.174267746
"Perry, Kenny",150,champ,398,0,9999,0,-1.176229088
"Gagli, Lorenzo",150,euro,399,0,357,6,-1.184784015
"Saxon, Charlie",150,kft,400,0,9999,0,-1.185455779
"Suri, Julian",150,euro,401,0,447,-4,-1.188965935
"Wu, Dylan",150,kft,402,0,314,-1,-1.191276155
"Kjeldsen, Soren",150,euro,403,0,9999,0,-1.196881894
"Moon, Kyongjun",150,kor,404,0,322,0,-1.198844386
"Forrest, Grant",150,euro,405,0,312,3,-1.204772786
"Toms, David",150,champ,406,0,9999,0,-1.205747656
"Barnes, Ricky",150,pga,407,0,9999,0,-1.208864715
"VanDerLaan, John",150,kft,408,0,9999,0,-1.216397766
"Jobe, Brandt",150,champ,409,0,9999,0,-1.219491013
"Pavon, Matthieu",150,euro,410,0,349,-2,-1.227267662
"Bae, Sangmoon",150,pga,411,0,9999,0,-1.229292694
"Chin, John",150,kft,412,0,386,-2,-1.229680652
"Walters, Justin",150,euro,413,0,271,-1,-1.231261008
"Smotherman, Austin",150,kft,414,1,9999,0,-1.245236789
"Coletta, Brett",150,kft,415,-1,434,0,-1.245318202
"Rodriguez, Jose de Jesus",150,kft,416,0,492,1,-1.247592677
"Pampling, Rod",150,pga,417,0,9999,0,-1.250350474
"India, Vince",150,kft,418,1,9999,0,-1.251182101
"Kim, Sihwan",150,euro,419,-1,9999,0,-1.251229883
"Aiken, Thomas",150,euro,420,0,9999,0,-1.253281075
"Blaauw, Jacques",150,afr,421,0,410,12,-1.254277232
"Cappelen, Sebastian",150,pga,422,0,413,-4,-1.254485879
"Blomstrand, Christofer",150,cha,423,0,298,0,-1.255667606
"Ikeda, Yuta",150,jpn,424,0,282,-4,-1.266093362
"Ormsby, Wade",150,euro,425,0,204,1,-1.267730719
"Phillips, Chandler",150,am,426,0,9999,0,-1.269449573
"Chesters, Ashley",150,euro,427,0,9999,0,-1.275215508
"Lawrence, Thriston",150,afr,428,0,332,4,-1.275893386
"Ruffels, Ryan",150,kft,429,0,9999,0,-1.276640318
"Van Driel, Darius",150,euro,430,0,295,5,-1.280915886
"Luck, Curtis",150,kft,431,0,378,1,-1.283414487
"Arnold, Jamie",150,kft,432,0,9999,0,-1.288956475
"Senior, Jack",150,euro,433,0,252,0,-1.289287312
"Humphrey, Theo",150,kft,434,0,9999,0,-1.291054579
"McGreevy, Max",150,kft,435,0,266,-1,-1.293335887
"Kim, Seunghyuk",150,jpn,436,0,428,0,-1.294952776
"Vick, Travis",146,am,437,0,9999,0,-1.296781961
"Iwata, Hiroshi",150,jpn,438,0,267,-1,-1.300772202
"Lamb, Rick",150,kft,439,0,9999,0,-1.31289925
"Salinda, Isaiah",150,am,440,0,9999,0,-1.31482076
"Pope, Andy",86,kft,441,0,9999,0,-1.315075693
"Montgomerie, Colin",150,champ,442,0,9999,0,-1.316358707
"Moller, Niklas Norgaard",150,owgr,443,2,346,-3,-1.320092083
"Knous, Jim",150,pga,444,-1,9999,0,-1.320528203
"Armstrong, Dawson",150,kft,445,1,9999,0,-1.321011617
"Hammer, Cole",150,am,446,1,9999,0,-1.328139058
"Siem, Marcel",150,euro,447,2,9999,0,-1.329073877
"Yonezawa, Ren",103,jpn,448,0,9999,0,-1.334366053
"Daffue, MJ",73,kft,449,4,9999,0,-1.334709505
"Stow, Ben",150,cha,450,0,380,8,-1.33485699
"Potter Jr, Ted",150,pga,451,0,439,5,-1.336447248
"Ford, Matt",150,cha,452,0,384,3,-1.337130732
"Lee, Min Woo",150,euro,453,1,173,-2,-1.342588146
"Canizares, Alejandro",150,euro,454,1,9999,0,-1.344111965
"Du Plessis, Hennie",150,afr,455,1,401,-1,-1.345370687
"Taylor, Ben",150,kft,456,1,9999,0,-1.345953707
"Broadhurst, Paul",150,champ,457,1,9999,0,-1.355225783
"Ritthammer, Bernard",150,euro,458,1,419,6,-1.360763943
"Knappe, Alexander",150,cha,459,1,405,1,-1.364026495
"Lieser, Ondrej",105,owgr,460,1,171,3,-1.367339469
"Novak, Andrew",150,kft,461,1,469,2,-1.372065781
"Limbhasut, KK",150,kft,462,1,9999,0,-1.374428108
"McCormick, Ryan",117,kft,463,1,9999,0,-1.380788567
"Simonsen, Martin Leth",150,cha,464,1,9999,0,-1.382160654
"Cho, Mingyu",150,jpn,465,1,9999,0,-1.384590561
"Holt, Ian",150,can,466,1,9999,0,-1.385914761
"Wu, Ashun",150,euro,467,1,379,-1,-1.39063247
"Compton, Erik",150,kft,468,1,9999,0,-1.395166372
"Randolph, Jonathan",150,kft,469,1,9999,0,-1.40456463
"Van Aswegen, Tyrone",150,kft,470,1,9999,0,-1.404908336
"Tuten, Shad",150,sam,471,1,9999,0,-1.407563564
"Lee, Jaekyeong",81,kor,472,1,296,0,-1.407826194
"Harmeling, Evan",150,kft,473,1,323,11,-1.410932055
"Coody, Pierceson",150,am,474,1,9999,0,-1.413593022
"Chiarella, Alex",97,kft,475,1,9999,0,-1.418543749
"Chawrasia, S.S.P.",150,euro,476,1,9999,0,-1.420406821
"Goya, Estanislao",150,sam,477,1,9999,0,-1.422278936
"Izumida, Daijiro",150,jpn,478,1,328,1,-1.423839395
"Rocha, Alexandre",150,sam,479,1,9999,0,-1.42581091
"Miller, Cole",150,can,480,1,9999,0,-1.430200864
"Campbell, Brian",150,kft,481,1,9999,0,-1.43050952
"Inamori, Yuki",150,jpn,482,1,153,0,-1.435311259
"Miller, Michael",150,kft,483,1,9999,0,-1.43628186
"Whitnell, Dale",105,euro,484,1,269,0,-1.438613319
"Sciot-Siegrist, Robin",150,cha,485,1,299,7,-1.439847871
"Schmid, Matthias",150,am,486,1,9999,0,-1.440325885
"Vogel, T.J.",150,kft,487,1,9999,0,-1.44072948
"Schneider, Marcel",150,cha,488,1,324,11,-1.441413201
"Baldwin, Matthew",150,cha,489,1,402,6,-1.441919335
"Rohwer, Martin",150,afr,490,1,387,-2,-1.442257439
"Nimmer, Bryson",150,can,491,1,9999,0,-1.442528865
"Haley II, Paul",120,kft,492,1,421,-2,-1.445560143
"Sharvin, Cormac",150,euro,493,1,392,-1,-1.446815253
"Mansell, Richard",150,cha,494,1,256,1,-1.448785506
"Akiyoshi, Shota",150,jpn,495,1,396,-1,-1.448923626
"Ham, Jeongwoo",150,kor,496,1,313,-1,-1.449345154
"Shieh, Hayden",145,can,497,1,9999,0,-1.452878579
"Meesawat, Prom",150,asa,498,1,353,-5,-1.453848445
"Cejka, Alex",150,pga,499,1,9999,0,-1.456944463
"Kim, Taehoon",150,kor,500,0,281,0,-1.458026655
