player_name,sample_size,primary_tour,dg_rank,dg_change,owgr_rank,owgr_change,dg_index
"Johnson, Dustin",150,pga,1,0,1,0,2.520217032
"Schauffele, Xander",150,pga,2,0,4,0,2.376877808
"Rahm, Jon",150,pga,3,0,2,0,2.311091412
"Thomas, Justin",150,pga,4,0,3,0,2.164450845
"Cantlay, Patrick",150,pga,5,1,8,3,1.995457842
"McIlroy, Rory",150,pga,6,-1,7,-1,1.914321361
"DeChambeau, Bryson",150,pga,7,0,10,-1,1.787810103
"Berger, Daniel",150,pga,8,5,13,2,1.782009056
"Finau, Tony",150,pga,9,-1,15,-1,1.735862149
"Simpson, Webb",150,pga,10,-1,9,-1,1.703633315
"Hatton, Tyrrell",150,pga,11,-1,5,0,1.658485501
"Hovland, Viktor",150,pga,12,-1,14,-1,1.624573419
"Reed, Patrick",150,pga,13,-1,11,-1,1.566834997
"English, Harris",150,pga,14,0,19,0,1.443647813
"Niemann, Joaquin",150,pga,15,0,28,0,1.391470272
"Casey, Paul",150,pga,16,4,16,1,1.366752122
"Scheffler, Scottie",150,pga,17,-1,34,0,1.340612439
"Oosthuizen, Louis",150,pga,18,-1,26,-2,1.18994776
"Palmer, Ryan",150,pga,19,-1,24,1,1.185879551
"Matsuyama, Hideki",150,pga,20,-1,22,1,1.184761057
"Koepka, Brooks",150,pga,21,0,12,0,1.177633005
"Im, Sungjae",150,pga,22,0,17,-1,1.175680972
"Scott, Adam",150,pga,23,0,23,-1,1.172625791
"Conners, Corey",150,pga,24,0,59,-1,1.167516251
"Ancer, Abraham",150,pga,25,0,27,0,1.138946093
"Fitzpatrick, Matthew",150,pga,26,1,20,0,1.106650854
"Henley, Russell",150,pga,27,1,57,-1,1.078039975
"Morikawa, Collin",150,pga,28,1,6,1,0.999713991
"Kisner, Kevin",150,pga,29,1,29,0,0.994819152
"Fleetwood, Tommy",150,pga,30,1,21,0,0.970320395
"Zalatoris, Will",150,kft,31,-5,49,0,0.968253226
"Tringale, Cameron",150,pga,32,8,88,7,0.960213238
"Ortiz, Carlos",150,pga,33,-1,45,0,0.946181386
"Day, Jason",150,pga,34,10,47,1,0.926354538
"Watson, Bubba",150,pga,35,-1,50,0,0.893866449
"Garcia, Sergio",150,pga,36,-1,40,0,0.890929031
"Smith, Cameron",150,pga,37,0,31,-1,0.876779211
"Harman, Brian",150,pga,38,-5,90,-1,0.865576533
"Horschel, Billy",150,pga,39,-1,39,0,0.861540476
"Kim, Si Woo",150,pga,40,-4,51,0,0.810237069
"Bezuidenhout, Christiaan",150,euro,41,-2,36,0,0.801361003
"Streelman, Kevin",150,pga,42,8,56,3,0.800773436
"Todd, Brendon",150,pga,43,-2,46,0,0.790964922
"Kokrak, Jason",150,pga,44,-2,30,1,0.784485902
"Davis, Cameron",150,pga,45,6,136,5,0.782705168
"Griffin, Lanto",150,pga,46,-3,53,0,0.78016495
"Rose, Justin",150,pga,47,-2,35,-2,0.731281929
"Na, Kevin",150,pga,48,-2,25,1,0.711489323
"Homa, Max",150,pga,49,18,91,5,0.691997281
"Gooch, Talor",150,pga,50,-3,92,-2,0.684394911
"Wolff, Matthew",150,pga,51,-3,18,0,0.683850309
"Spieth, Jordan",150,pga,52,22,62,7,0.657256213
"Burns, Sam",150,pga,53,-4,149,-2,0.648753769
"Johnson, Zach",150,pga,54,-2,111,0,0.618827767
"Kuchar, Matt",150,pga,55,-1,44,-1,0.588115065
"Lowry, Shane",150,pga,56,-1,38,0,0.586652953
"Hughes, Mackenzie",150,pga,57,-1,52,0,0.569975214
"Macintyre, Robert",150,euro,58,-1,43,1,0.545663559
"Poulter, Ian",150,pga,59,-1,58,-1,0.543003873
"Norlander, Henrik",150,pga,60,3,96,1,0.534703362
"Grillo, Emiliano",150,pga,61,-2,156,-1,0.530385259
"Moore, Ryan",150,pga,62,8,199,6,0.51741476
"Howell III, Charles",150,pga,63,-1,132,-1,0.504534264
"Jones, Matt",150,pga,64,-3,98,1,0.504518606
"Hoffman, Charley",150,pga,65,27,142,10,0.504516128
"Woodland, Gary",150,pga,66,-1,42,-1,0.485897048
"Poston, J.T.",150,pga,67,1,68,-2,0.46750064
"Frittelli, Dylan",150,pga,68,1,66,-1,0.465829393
"Fowler, Rickie",150,pga,69,-16,66,-3,0.460866802
"Sabbatini, Rory",150,pga,70,-10,103,3,0.45248108
"Woods, Tiger",150,pga,71,1,48,-1,0.437336484
"Long, Adam",150,pga,72,-1,63,-1,0.432550041
"Van Rooyen, Erik",150,euro,73,0,60,0,0.416522006
"Furyk, Jim",150,pga,74,17,237,8,0.416068712
"Hoge, Tom",150,pga,75,25,114,9,0.40402896
"Knox, Russell",150,pga,76,34,208,20,0.395398473
"Perez, Victor",150,euro,77,-2,32,3,0.370555813
"Kirk, Chris",150,pga,78,23,110,11,0.366676939
"NeSmith, Matthew",150,pga,79,23,154,4,0.357517353
"Noren, Alex",150,pga,80,-16,106,-5,0.342906529
"Dahmen, Joel",150,pga,81,-15,70,0,0.342284291
"McNealy, Maverick",150,pga,82,46,126,63,0.338506117
"Clark, Wyndham",150,pga,83,-7,152,-2,0.337828708
"Hadwin, Adam",150,pga,84,-7,86,-1,0.333230351
"Straka, Sepp",150,pga,85,-7,147,-2,0.33283313
"Pieters, Thomas",150,euro,86,-7,71,0,0.329718663
"Wiesberger, Bernd",150,euro,87,-7,41,1,0.326073136
"Kaymer, Martin",150,euro,88,-5,80,-2,0.307977378
"Kizzire, Patton",150,pga,89,-7,201,-6,0.306611548
"Ghim, Doug",150,pga,90,14,261,12,0.305119657
"Bradley, Keegan",150,pga,91,-6,146,-3,0.278838777
"Wallace, Matt",150,euro,92,-5,54,0,0.276845981
"Sullivan, Andy",150,euro,93,-5,55,0,0.272178948
"Wise, Aaron",150,pga,94,-4,135,0,0.266648924
"Varner III, Harold",150,pga,95,-11,133,-5,0.261227472
"Malnati, Peter",150,pga,96,-10,148,-4,0.256615481
"Munoz, Sebastian",150,pga,97,-4,61,0,0.254431843
"Schwartzel, Charl",150,pga,98,-4,206,-2,0.247468059
"Steele, Brendan",150,pga,99,6,85,-1,0.240810825
"Glover, Lucas",150,pga,100,-5,130,-1,0.239588226
"Huh, John",150,pga,101,-5,321,1,0.237178237
"Cauley, Bud",150,pga,102,-5,193,-3,0.234224399
"An, Byeong Hun",150,pga,103,-5,75,-2,0.23407988
"Werenski, Richy",150,pga,104,-5,140,-1,0.224416504
"Molinari, Francesco",150,pga,105,-16,107,-4,0.214111727
"Thompson, Michael",150,pga,106,3,94,-3,0.210511146
"Leishman, Marc",150,pga,107,-4,33,-1,0.195867126
"Rozner, Antoine",150,euro,108,-2,95,-1,0.183668869
"Hahn, James",150,pga,109,-28,181,-1,0.183494907
"Redman, Doc",150,pga,110,-2,121,-4,0.182836829
"Stanley, Kyle",150,pga,111,0,224,-3,0.182149446
"Taylor, Nick",150,pga,112,1,131,-1,0.171700706
"McCarthy, Denny",150,pga,113,-1,221,-3,0.16280249
"Stallings, Scott",150,pga,114,8,249,0,0.162548938
"List, Luke",150,pga,115,0,158,-2,0.155783762
"Westwood, Lee",150,euro,116,0,37,0,0.155016531
"Stricker, Steve",150,pga,117,0,255,-1,0.145301506
"Hoag, Bo",150,pga,118,-11,253,-1,0.143940187
"Piercy, Scott",150,pga,119,0,167,-8,0.143574744
"Perez, Pat",150,pga,120,7,223,2,0.116183138
"Reavie, Chez",150,pga,121,20,65,2,0.114292952
"Schwab, Matthias",150,euro,122,-2,99,5,0.112805113
"Hubbard, Mark",150,pga,123,-9,153,-2,0.0951698
"Detry, Thomas",150,euro,124,-3,83,0,0.092530798
"Stuard, Brian",150,pga,125,19,190,12,0.065427363
"Percy, Cameron",150,pga,126,22,307,32,0.041665794
"Cink, Stewart",150,pga,127,-9,138,-6,0.041616055
"Champ, Cameron",150,pga,128,-5,74,0,0.037580077
"Hardy, Nick",150,kft,129,-5,323,0,0.036183902
"Herbert, Lucas",150,euro,130,-4,64,0,0.023647401
"Taylor, Vaughn",150,pga,131,19,192,1,0.018606461
"Langer, Bernhard",150,champ,132,-2,9999,0,-0.002699825
"Putnam, Andrew",150,pga,133,-4,180,-4,-0.009777193
"Johnston, Andrew",150,euro,134,0,241,-3,-0.026922117
"Burgoon, Bronson",150,pga,135,8,311,-9,-0.032383435
"Merritt, Troy",150,pga,136,32,164,11,-0.03558484
"Laird, Martin",150,pga,137,-1,84,2,-0.041496415
"Vegas, Jhonattan",150,pga,138,-5,239,-8,-0.041701721
"Lewis, Tom",150,pga,139,33,76,1,-0.059176251
"Coetzee, George",150,euro,140,-2,79,0,-0.059556441
"Cook, Austin",150,pga,141,-6,194,-8,-0.060538077
"Lee, Kyounghoon",150,pga,142,-3,143,-1,-0.06119501
"Kitayama, Kurt",150,euro,143,-3,134,2,-0.06613506
"Higgs, Harry",150,pga,144,-7,127,-1,-0.068635005
"Kanaya, Takumi",150,jpn,145,-3,102,5,-0.077066015
"Duncan, Tyler",150,pga,146,-15,165,-3,-0.085292789
"Hojgaard, Rasmus",150,euro,147,0,72,0,-0.093723859
"Cabrera Bello, Rafa",150,pga,148,-23,87,1,-0.097936662
"Suh, Justin",150,pga,149,2,374,-3,-0.137564603
"Lipsky, David",150,euro,150,2,184,-2,-0.138292194
"Pan, C.T.",150,pga,151,-19,176,-7,-0.153846536
"Grace, Branden",150,pga,152,38,145,1,-0.159177658
"Garnett, Brice",150,pga,153,-7,283,-5,-0.165506656
"Luiten, Joost",150,euro,154,1,175,-2,-0.167953518
"Sloan, Roger",150,pga,155,1,338,-10,-0.171302211
"Stenson, Henrik",150,pga,156,1,82,-2,-0.175504964
"Wu, Brandon",150,kft,157,1,187,1,-0.178487897
"Lee, Danny",150,pga,158,1,170,-5,-0.182443446
"Korhonen, Mikko",150,euro,159,2,205,-2,-0.184431202
"Lashley, Nate",150,pga,160,56,115,10,-0.184721552
"Canter, Laurie",150,euro,161,1,93,-1,-0.187361699
"Norris, Shaun",150,jpn,162,1,116,-1,-0.19927404
"Donaldson, Jamie",150,euro,163,1,173,1,-0.200966472
"Pendrith, Taylor",150,kft,164,1,144,-4,-0.20843635
"Snedeker, Brandt",150,pga,165,-20,122,-9,-0.210704273
"Armour, Ryan",150,pga,166,16,227,-3,-0.216546623
"Lorenzo-Vera, Michael",150,euro,167,-1,124,-2,-0.218268765
"Arnaus, Adri",150,euro,168,-1,119,1,-0.222424572
"Scrivener, Jason",150,euro,169,1,118,1,-0.232437687
"Shelton, Robby",150,pga,170,1,168,-2,-0.235613789
"Hadley, Chesson",150,pga,171,-11,265,-5,-0.241542349
"Schenk, Adam",150,pga,172,-23,252,-2,-0.247386903
"Rodgers, Patrick",150,pga,173,6,248,-4,-0.24844606
"Hill, Calum",150,euro,174,0,139,-1,-0.254181953
"Willett, Danny",150,pga,175,0,69,-1,-0.254724501
"Samooja, Kalle",150,euro,176,0,128,5,-0.257458474
"Sutherland, Kevin",150,champ,177,0,9999,0,-0.258974462
"Schniederjans, Ollie",150,kft,178,0,290,1,-0.261030794
"Fox, Ryan",150,euro,179,1,174,-2,-0.263863475
"Sigg, Greyson",150,kft,180,1,244,-1,-0.271619021
"Sterne, Richard",150,euro,181,2,294,0,-0.274684267
"Ramey, Chad",150,kft,182,3,285,-1,-0.279036392
"Burmester, Dean",150,euro,183,4,183,0,-0.280232756
"Lahiri, Anirban",150,pga,184,2,436,4,-0.280991476
"Martin, Ben",150,pga,185,-12,481,0,-0.282343582
"Dufner, Jason",150,pga,186,22,352,13,-0.287223434
"Rai, Aaron",150,euro,187,2,78,3,-0.290612712
"Zhang, Xinjun",150,pga,188,0,226,-7,-0.29294239
"Lebioda, Hank",150,pga,189,14,353,-3,-0.296067475
"Kim, Chan",150,jpn,190,1,81,1,-0.302172504
"Goosen, Retief",150,champ,191,1,9999,0,-0.317901849
"Gordon, Will",150,pga,192,30,216,11,-0.327328757
"Stone, Brandon",150,euro,193,0,108,2,-0.328642937
"Crocker, Sean",150,euro,194,0,197,4,-0.337854518
"Ryder, Sam",150,pga,195,-42,268,0,-0.342788933
"Harding, Justin",150,euro,196,-1,182,-3,-0.34422217
"Harrington, Padraig",150,euro,197,0,245,2,-0.374352869
"Ventura, Kristoffer",150,pga,198,-14,214,-6,-0.376032045
"Zanotti, Fabrizio",150,euro,199,-1,257,2,-0.376973897
"Jordan, Matthew",150,euro,200,-1,213,0,-0.383941883
"Olesen, Thorbjorn",150,euro,201,-1,401,-1,-0.388415402
"Otaegui, Adrian",150,euro,202,-1,171,0,-0.389488268
"Bland, Richard",150,euro,203,2,191,0,-0.40020092
"Jamieson, Scott",150,euro,204,2,222,-2,-0.401674223
"Mickelson, Phil",150,pga,205,-51,89,-3,-0.401893431
"Hickok, Kramer",150,pga,206,-37,303,1,-0.403233872
"Jaeger, Stephan",150,kft,207,0,229,0,-0.409676859
"Hansen, Joachim B",150,euro,208,2,159,-2,-0.424577624
"Hodges, Lee",150,kft,209,3,275,0,-0.444314089
"Dubuisson, Victor",147,euro,210,3,319,-1,-0.450632142
"Chappell, Kevin",150,pga,211,25,9999,0,-0.450789154
"Teater, Josh",150,pga,212,7,326,-5,-0.451259937
"Oppenheim, Rob",150,pga,213,17,440,3,-0.452447724
"Horsey, David",150,euro,214,0,250,3,-0.453164926
"Herman, Jim",150,pga,215,-19,105,-5,-0.466513433
"Hagy, Brandon",150,pga,216,-1,335,-8,-0.483640764
"Lindheim, Nicholas",150,kft,217,0,472,1,-0.487944118
"Seiffert, Chase",150,pga,218,-14,259,-2,-0.488479997
"Bramlett, Joseph",150,pga,219,-8,279,0,-0.491480306
"Couples, Fred",144,champ,220,0,9999,0,-0.492974335
"Baddeley, Aaron",150,pga,221,3,428,-13,-0.502505882
"Paisley, Chris",150,euro,222,-1,217,-2,-0.504885932
"Holmes, J.B.",150,pga,223,-14,273,-8,-0.50903426
"Langasque, Romain",150,euro,224,-1,137,-3,-0.524638253
"Veerman, Johannes",150,euro,225,1,277,6,-0.546913741
"Hopfinger, Brad",150,kft,226,1,425,1,-0.550867231
"Brown, Steven",150,euro,227,1,231,2,-0.551181892
"Zecheng, Marty Dou",150,kft,228,1,349,-1,-0.559457739
"Aphibarnrat, Kiradech",150,pga,229,-4,293,-6,-0.565718049
"Thompson, Davis",150,am,230,1,9999,0,-0.577800881
"Lagergren, Joakim",150,euro,231,1,195,-1,-0.578763612
"Streb, Robert",150,pga,232,1,112,0,-0.581418793
"Gay, Brian",150,pga,233,40,198,2,-0.581941766
"Svensson, Adam",150,kft,234,0,488,-1,-0.582735381
"Besseling, Wil",150,euro,235,0,188,-1,-0.589141906
"Kennedy, Brad",150,jpn,236,-34,151,-2,-0.601052182
"Kohles, Ben",150,kft,237,1,312,-1,-0.606088755
"Gutschewski, Scott",150,kft,238,1,9999,0,-0.611027567
"Kelly, Jerry",150,champ,239,1,9999,0,-0.611332127
"Southgate, Matthew",150,euro,240,2,212,2,-0.613041827
"Fichardt, Darren",150,euro,241,2,235,1,-0.616443048
"Armitage, Marcus",150,euro,242,2,196,0,-0.619325916
"Kawamura, Masahiro",150,euro,243,2,177,0,-0.620254539
"Mitchell, Keith",150,pga,244,-26,203,-6,-0.620566997
"Hebert, Benjamin",150,euro,245,1,149,-1,-0.620867438
"Bhatia, Akshay",150,pga,246,42,9999,0,-0.625125586
"Smith, Jordan",150,euro,247,1,211,0,-0.63042214
"Els, Ernie",150,champ,248,1,9999,0,-0.63399667
"Riley, Davis",150,kft,249,1,247,-6,-0.636164289
"Hearn, David",150,pga,250,-13,476,-9,-0.636536873
"Baker, Chris",150,kft,251,8,447,-1,-0.641898729
"Heisele, Sebastian",150,cha,252,-1,228,-2,-0.642052585
"Rock, Robert",150,euro,253,-1,238,-1,-0.643311238
"Waring, Paul",150,euro,254,-1,169,-5,-0.64588985
"Janewattananond, Jazz",150,jpn,255,-1,104,1,-0.649916997
"Hossler, Beau",150,pga,256,14,316,0,-0.651141931
"Bryan, Wesley",150,pga,257,-1,468,1,-0.651459468
"Wolfe, Jared",150,kft,258,-3,218,-1,-0.652192943
"Wilkinson, Tim",150,pga,259,35,467,23,-0.656625565
"Theegala, Sahith",150,am,260,-3,9999,0,-0.656851274
"Harkins, Brandon",150,kft,261,-3,442,-1,-0.657709079
"Landry, Andrew",150,pga,262,-21,123,-5,-0.660387438
"Vincent, Scott",150,euro,263,-3,234,1,-0.666566847
"Uihlein, Peter",150,pga,264,36,496,-12,-0.668127389
"Shinkwin, Callum",150,euro,265,-3,141,-4,-0.672143506
"Migliozzi, Guido",150,euro,266,-3,225,-2,-0.679161164
"Hall, Harry",150,am,267,-3,386,-1,-0.681216632
"Bjork, Alexander",150,euro,268,-3,274,0,-0.687670964
"Imahira, Shugo",150,jpn,269,-3,73,2,-0.695494325
"Barnes, Erik",150,kft,270,-3,9999,0,-0.69818058
"Morrison, James",150,euro,271,-3,378,6,-0.698610565
"Charoenkul, Gunn",150,jpn,272,-3,162,6,-0.702338493
"Haas, Bill",150,pga,273,-12,9999,0,-0.705998474
"Anderson, Mark",150,pga,274,-3,9999,0,-0.706906211
"Brown, Scott",150,pga,275,35,251,0,-0.725429965
"Fisher, Ross",150,euro,276,-4,233,1,-0.72599885
"Syme, Connor",150,euro,277,-3,243,-1,-0.738855939
"Levy, Alexander",150,euro,278,-3,262,0,-0.750353044
"Ormsby, Wade",150,euro,279,-3,179,2,-0.750857212
"Van Der Walt, Dawie",150,kft,280,-3,9999,0,-0.752216871
"Catlin, John",150,euro,281,-3,117,-3,-0.753149191
"Winther, Jeff",150,euro,282,-3,269,0,-0.754574046
"Spaun, J.J.",150,pga,283,-36,9999,0,-0.754916346
"Nienaber, Wilco",150,euro,284,-4,160,1,-0.755419719
"Noh, Seung-Yul",136,pga,285,0,9999,0,-0.756382483
"Kim, Joohyung",132,owgr,286,-5,172,-2,-0.759435253
"McDowell, Graeme",150,pga,287,-5,97,-4,-0.75947831
"O'Hair, Sean",150,pga,288,-3,9999,0,-0.766869112
"Parel, Scott",150,champ,289,-6,9999,0,-0.770174121
"Swafford, Hudson",150,pga,290,-6,186,-2,-0.770697265
"Valimaki, Sami",150,euro,291,-4,77,-1,-0.779230581
"Power, Seamus",150,pga,292,7,446,-8,-0.782857033
"Mullinax, Trey",150,pga,293,-4,304,-2,-0.785290627
"Colsaerts, Nicolas",150,euro,294,-4,220,2,-0.788274691
"Chun-an, Yu",150,am,295,-4,9999,0,-0.790111302
"De Jager, Louis",150,euro,296,-4,318,-3,-0.795208955
"Barjon, Paul",150,kft,297,-4,232,0,-0.811728345
"Gomez, Fabian",150,pga,298,7,310,-5,-0.814373901
"Lower, Justin",150,kft,299,-4,403,-1,-0.81464658
"Brehm, Ryan",150,kft,300,1,469,-7,-0.819220467
"Diaz, Roberto",150,kft,301,-5,359,-1,-0.822809893
"Whaley, Vincent",150,kft,302,6,491,-9,-0.82282382
"Hoshino, Rikuya",150,jpn,303,-5,120,-4,-0.829523457
"Pereira, Mito",150,kft,304,-7,313,-1,-0.830227807
"Roach, Wes",150,pga,305,15,390,-10,-0.842121266
"Horsfield, Sam",150,euro,306,-4,100,-2,-0.846509627
"Van Tonder, Daniel",150,afr,307,-4,155,-2,-0.855257182
"Castro, Roberto",150,pga,308,75,9999,0,-0.86297736
"Young, Cameron",150,am,309,-3,498,1,-0.865247645
"Kraft, Kelly",150,pga,310,-6,489,-6,-0.870691357
"Pepperell, Eddie",150,euro,311,-4,157,-3,-0.871633
"Trahan, D.J.",150,pga,312,17,471,-3,-0.87313767
"Paratore, Renato",150,euro,313,-4,161,-1,-0.874320005
"Larrazabal, Pablo",150,euro,314,-3,256,0,-0.882815578
"Horikawa, Mikumu",150,jpn,315,-3,189,3,-0.884531372
"Ahlers, Jaco",150,afr,316,-3,272,-2,-0.888214839
"Tway, Kevin",150,pga,317,-2,410,-5,-0.896348673
"Stroud, Chris",150,pga,318,-4,401,-4,-0.897602298
"Crick, Brandon",150,kft,319,-3,9999,0,-0.898544538
"Wang, Jeunghun",150,euro,320,-2,324,10,-0.904396822
"Watney, Nick",150,pga,321,-35,391,-8,-0.907356455
"Villegas, Camilo",150,pga,322,-3,391,3,-0.907773857
"Austin, Woody",150,champ,323,-2,9999,0,-0.913596555
"Tarren, Callum",150,kft,324,-2,9999,0,-0.914721902
"Laporta, Francesco",150,cha,325,-2,178,0,-0.916690956
"Potter Jr, Ted",150,pga,326,13,416,-5,-0.921626887
"Lovemark, Jamie",150,pga,327,-3,9999,0,-0.924600341
"Kieffer, Maximilian",150,euro,328,-3,431,-2,-0.930297253
"McCumber, Tyler",150,pga,329,-12,295,0,-0.931734606
"Lemke, Niklas",150,euro,330,-4,286,0,-0.931747241
"Donald, Luke",150,pga,331,1,9999,0,-0.935701694
"Kjeldsen, Soren",150,euro,332,-5,449,-2,-0.936925037
"Ishikawa, Ryo",150,jpn,333,-5,109,0,-0.938281188
"Antcliff, Maverick",150,euro,334,11,264,3,-0.942455001
"Augenstein, John",150,am,335,-5,9999,0,-0.947337706
"Nunez, Augusto",150,kft,336,-3,360,1,-0.951072567
"Pak, John",150,am,337,-6,9999,0,-0.951625512
"Buckley, Hayden",150,can,338,-4,9999,0,-0.953715142
"Cockerill, Aaron",150,euro,339,-4,375,-1,-0.956765482
"Meronk, Adrian",150,euro,340,-3,200,-1,-0.958887992
"Blixt, Jonas",150,pga,341,-5,9999,0,-0.959487743
"Karlsson, Robert",150,euro,342,-4,9999,0,-0.96077626
"Ramsay, Richie",150,euro,343,-3,301,-2,-0.962305293
"Guerrier, Julien",150,euro,344,-3,439,5,-0.963464134
"Thornberry, Braden",150,kft,345,-3,9999,0,-0.966320357
"Wu, Ashun",150,euro,346,-3,284,1,-0.967583858
"Cummins, Quade",150,am,347,-3,9999,0,-0.972858804
"Garber, Joey",150,kft,348,-1,9999,0,-0.995263954
"Karlberg, Rikard",150,euro,349,-1,430,1,-0.999065867
"Kinhult, Marcus",150,euro,350,0,125,-1,-0.99908164
"Greyserman, Max",150,kft,351,-2,9999,0,-0.999925483
"Montgomery, Taylor",107,kft,352,-1,397,1,-1.007161226
"Smalley, Alex",150,am,353,-1,9999,0,-1.010067643
"Choi, K.J.",150,pga,354,-8,9999,0,-1.011998984
"Schaper, Jayden Trey",150,am,355,-2,305,9,-1.012872795
"Baek, Todd",150,jpn,356,-2,405,0,-1.031591013
"Kang, Kyungnam",150,kor,357,-2,366,-2,-1.035482873
"Blaum, Ryan",150,pga,358,53,9999,0,-1.041291309
"Hendry, Michael",150,jpn,359,47,340,53,-1.041848014
"Forrest, Grant",150,euro,360,-3,299,8,-1.04283523
"Higgo, Garrick",150,euro,361,-5,101,1,-1.04323059
"Roy, Kevin",96,kft,362,-4,9999,0,-1.044647304
"Gallacher, Stephen",150,euro,363,-4,426,2,-1.048859047
"Wagner, Johnson",150,pga,364,23,9999,0,-1.050024678
"Walters, Justin",150,euro,365,-5,276,0,-1.053959834
"Walker, Jimmy",150,pga,366,15,461,-11,-1.054836249
"Farr, Oliver",150,euro,367,-5,270,1,-1.058593108
"Blair, Zac",150,pga,368,-4,328,-3,-1.067535283
"Stanger, Jimmy",150,kft,369,-3,414,2,-1.07079997
"Hammer, Cole",150,am,370,-3,9999,0,-1.070806544
"Albertson, Anders",150,kft,371,-3,499,1,-1.071874685
"Kinoshita, Ryosuke",150,jpn,372,-3,246,1,-1.071992294
"Green, Gavin",150,euro,373,-2,210,0,-1.073394624
"Lengden, Oscar",150,cha,374,-4,289,0,-1.074039084
"Warren, Marc",150,euro,375,-3,166,1,-1.07923039
"Moore, Taylor",150,kft,376,-3,9999,0,-1.08048338
"Tokimatsu, Ryuko",150,jpn,377,-3,240,-1,-1.08148442
"Endycott, Harrison",150,kft,378,-3,9999,0,-1.086209869
"Truslow, Austen",86,kft,379,-3,445,0,-1.089589077
"Castillo, Ricky",112,am,380,-3,9999,0,-1.092257227
"Jones, Kyle",150,kft,381,-2,451,0,-1.099185969
"Reifers, Kyle",150,kft,382,-2,9999,0,-1.102642688
"Harrington, Scott",150,pga,383,-20,363,-11,-1.103323917
"Byrd, Jonathan",150,pga,384,10,9999,0,-1.10885359
"Drewitt, Brett",150,kft,385,-3,367,1,-1.109234466
"McCarthy, Dan",150,kft,386,-2,380,-3,-1.116009006
"Kodaira, Satoshi",150,pga,387,14,443,-11,-1.117686147
"Sharvin, Cormac",150,euro,388,-3,358,-1,-1.121077679
"Park, Sanghyun",150,jpn,389,-3,242,4,-1.122475808
"Ogletree, Andy",150,am,390,-29,9999,0,-1.123667082
"Pastore, David",108,can,391,-3,459,1,-1.12858869
"Sordet, Clement",150,euro,392,-3,482,3,-1.138626238
"Easton, Bryce",150,cha,393,-3,395,0,-1.139559023
"Otsuki, Tomoharu",150,jpn,394,-2,204,5,-1.141377694
"Ros, Pep Angles",150,cha,395,-4,260,1,-1.141768247
"Yuan, Yechun",150,kft,396,-3,421,-1,-1.144887967
"Murray, Grayson",150,pga,397,-32,9999,0,-1.146855292
"Thompson, Curtis",150,kft,398,-3,333,2,-1.147103886
"Suri, Julian",150,euro,399,-3,433,2,-1.147485286
"Bae, Sangmoon",150,pga,400,20,9999,0,-1.148568572
"Aiken, Thomas",150,euro,401,-4,9999,0,-1.149265525
"Toms, David",150,champ,402,-4,9999,0,-1.153686079
"Li, Haotong",150,euro,403,-4,209,-2,-1.155825214
"Taylor, Ben",150,pga,404,27,9999,0,-1.156810203
"Eckroat, Austin",150,am,405,-5,9999,0,-1.158291414
"Cappelen, Sebastian",150,pga,406,19,444,-7,-1.164545636
"Jobe, Brandt",150,champ,407,-5,9999,0,-1.17320799
"Fishburn, Patrick",150,kft,408,-5,9999,0,-1.177130865
"Pavon, Matthieu",150,euro,409,-5,371,-2,-1.183026709
"Barnes, Ricky",150,pga,410,8,9999,0,-1.184973531
"Gligic, Michael",150,pga,411,-33,465,-1,-1.187844521
"Hoey, Rico",150,kft,412,-7,9999,0,-1.193484442
"Perry, Kenny",150,champ,413,-6,9999,0,-1.196183992
"Dougherty, Kevin",150,kft,414,-6,455,-2,-1.203931574
"Weir, Mike",150,champ,415,-5,9999,0,-1.206123379
"Kim, Whee",150,kft,416,-7,9999,0,-1.207174269
"Smyth, Travis",150,asa,417,40,341,35,-1.224716284
"Jimenez, Miguel A",150,champ,418,-6,9999,0,-1.22501893
"Elvira Mijares, Ignacio",150,euro,419,-6,420,6,-1.225917792
"Saxon, Charlie",150,kft,420,-6,9999,0,-1.22759243
"Moon, Kyongjun",150,kor,421,-6,334,-1,-1.227716003
"Chesters, Ashley",150,euro,422,-6,9999,0,-1.230793566
"Wu, Dylan",150,kft,423,-6,329,1,-1.234861795
"Pampling, Rod",150,pga,424,29,9999,0,-1.247593945
"Kang, Sung",150,pga,425,3,113,-5,-1.251556652
"VanDerLaan, John",150,kft,426,-7,9999,0,-1.259136258
"Blaauw, Jacques",150,afr,427,-5,407,2,-1.267249763
"Blomstrand, Christofer",150,cha,428,-7,296,2,-1.267900304
"Kim, Sihwan",150,euro,429,-6,9999,0,-1.269361595
"Gagli, Lorenzo",150,euro,430,-6,385,3,-1.269566336
"Chin, John",150,kft,431,-5,377,-4,-1.271892288
"Van Driel, Darius",150,euro,432,-5,308,-2,-1.276626954
"Bertasio, Nino",150,euro,433,-4,372,7,-1.280119038
"Coody, Pierceson",150,am,434,-4,9999,0,-1.283202839
"Smotherman, Austin",150,kft,435,-3,9999,0,-1.286157061
"Senior, Jack",150,euro,436,-3,257,1,-1.287185445
"Lawrence, Thriston",150,afr,437,-3,345,-4,-1.290204519
"Rodriguez, Jose de Jesus",150,kft,438,-3,466,0,-1.290384381
"India, Vince",150,kft,439,-3,9999,0,-1.292189577
"Coletta, Brett",150,kft,440,-3,453,-4,-1.292690635
"Ikeda, Yuta",150,jpn,441,-2,298,-2,-1.300178623
"Phillips, Chandler",150,am,442,-1,9999,0,-1.30760909
"Ruffels, Ryan",150,kft,443,-1,9999,0,-1.312940407
"Moller, Niklas Norgaard",150,owgr,444,-1,356,-3,-1.314581124
"Iwata, Hiroshi",150,jpn,445,0,281,1,-1.325312889
"Luck, Curtis",150,kft,446,0,379,-1,-1.327446443
"Kim, Seunghyuk",150,kor,447,0,422,2,-1.327921906
"Humphrey, Theo",150,kft,448,0,9999,0,-1.329351981
"Arnold, Jamie",150,kft,449,0,9999,0,-1.330095494
"Stow, Ben",150,cha,450,0,389,-1,-1.330502229
"Siem, Marcel",150,euro,451,0,9999,0,-1.331112893
"McGreevy, Max",150,kft,452,0,281,-1,-1.331787702
"Ford, Matt",150,cha,453,1,387,0,-1.337393721
"Salinda, Isaiah",150,am,454,1,9999,0,-1.342079877
"Canizares, Alejandro",150,euro,455,1,9999,0,-1.342304318
"Dodt, Andrew",150,anz,456,17,325,-1,-1.342687321
"Vick, Travis",149,am,457,1,9999,0,-1.3447129
"Aberg, Ludvig",147,am,458,1,9999,0,-1.3462301
"Pope, Andy",86,kft,459,2,9999,0,-1.347288395
"Schmid, Matthias",150,am,460,0,9999,0,-1.348927673
"Gibson, Rhein",150,pga,461,-17,484,-8,-1.350884551
"Daffue, MJ",75,kft,462,1,9999,0,-1.351440272
"Lamb, Rick",150,kft,463,-1,9999,0,-1.354668017
"Campillo, Jorge",150,euro,464,0,129,-2,-1.355176509
"Du Plessis, Hennie",150,afr,465,0,408,0,-1.357331826
"Yonezawa, Ren",103,jpn,466,0,9999,0,-1.357586229
"Armstrong, Dawson",150,kft,467,0,9999,0,-1.358919384
"Knappe, Alexander",150,cha,468,0,399,4,-1.362553025
"Ritthammer, Bernard",150,euro,469,0,423,0,-1.364820795
"Sauers, Gene",150,champ,470,1,9999,0,-1.370381188
"Lieser, Ondrej",105,owgr,471,-1,184,1,-1.370549914
"Simonsen, Martin Leth",150,cha,472,0,9999,0,-1.374341941
"Lee, Min Woo",150,euro,473,-33,202,-4,-1.400540953
"Knous, Jim",150,pga,474,-36,9999,0,-1.400602638
"Ledesma, Nelson",150,kft,475,0,9999,0,-1.401732065
"Montgomerie, Colin",150,champ,476,-2,9999,0,-1.402178088
"Holt, Ian",150,can,477,-2,9999,0,-1.402970765
"Limbhasut, KK",150,kft,478,-2,9999,0,-1.410475525
"Broadhurst, Paul",150,champ,479,-1,9999,0,-1.413287089
"Novak, Andrew",150,kft,480,-3,473,-1,-1.414150907
"Cho, Mingyu",150,jpn,481,-2,9999,0,-1.414881461
"McCormick, Ryan",117,kft,482,-2,9999,0,-1.418137468
"Chawrasia, S.S.P.",150,euro,483,-2,9999,0,-1.420923134
"Lee, Jaekyeong",81,kor,484,0,300,0,-1.4254127
"Rocha, Alexandre",150,sam,485,-3,9999,0,-1.426317915
"Goya, Estanislao",150,sam,486,-3,9999,0,-1.426792977
"Schneider, Marcel",150,cha,487,-2,331,1,-1.428978338
"Soderberg, Sebastian",150,euro,488,0,219,-3,-1.430374595
"Tuten, Shad",150,sam,489,-3,9999,0,-1.43116942
"Whitnell, Dale",105,euro,490,-3,280,1,-1.431390803
"Compton, Erik",150,kft,491,-2,9999,0,-1.43299425
"Baldwin, Matthew",150,cha,492,-1,406,1,-1.433018222
"Sciot-Siegrist, Robin",150,cha,493,-3,309,-1,-1.433166407
"Harmeling, Evan",150,kft,494,-2,337,0,-1.437420306
"Randolph, Jonathan",150,kft,495,-1,9999,0,-1.444645293
"Van Aswegen, Tyrone",150,kft,496,-3,9999,0,-1.444666599
"Miller, Cole",150,can,497,-2,9999,0,-1.445999375
"Izumida, Daijiro",150,jpn,498,0,341,-1,-1.450144245
"Rohwer, Martin",150,afr,499,0,398,3,-1.452383206
"Mansell, Richard",150,cha,500,0,266,0,-1.453319079
