event_name,round_num,market,p1_dg_id,p1_player_name,p2_dg_id,p2_player_name,p1_datagolf_rank,p2_datagolf_rank,p1_owgr_rank,p2_owgr_rank,datagolf_p1_%,datagolf_p2_%,datagolf_p1_odds,datagolf_p2_odds,5dimes_p1,5dimes_p2,bet365_p1,bet365_p2,betcris_p1,betcris_p2,betonline_p1,betonline_p2,bovada_p1,bovada_p2,draftkings_p1,draftkings_p2,pinnacle_p1,pinnacle_p2
The Genesis Invitational,3,round_matchups,11676,"Finau, Tony",18841,"Hovland, Viktor",9,12,15,14,0.5444310950918879,0.4555689049081121,1.8367797302819784,2.1950576284430547,,,1.86,1.95,,,,,1.833333,1.909091,,,,
The Genesis Invitational,3,round_matchups,8825,"Harman, Brian",15330,"Griffin, Lanto",38,46,90,53,0.5141667785685511,0.4858332214314489,1.9448942282580308,2.058319513543394,,,1.9,1.9,,,,,1.87,1.87,,,,
The Genesis Invitational,3,round_matchups,19195,"Rahm, Jon",19895,"Schauffele, Xander",3,2,2,4,0.5567615658362989,0.4432384341637011,1.7961009907318637,2.256122039341629,1.8,2.05,1.86,1.95,1.75,2.03,1.8,2.05,,,,,,
The Genesis Invitational,3,round_matchups,16243,"Koepka, Brooks",19895,"Schauffele, Xander",21,2,12,4,0.4299620450993526,0.5700379549006475,2.3257866860525493,1.7542691524361589,,,2.05,1.75,,,,,2.05,1.7409999999999999,,,,
The Genesis Invitational,3,round_matchups,7452,"Na, Kevin",14578,"Henley, Russell",48,27,25,57,0.5318589200517234,0.4681410799482766,1.8801978537894029,2.1361082007810266,,,1.95,1.86,,,,,1.9523810000000001,1.8,,,,
The Genesis Invitational,3,round_matchups,10419,"Noren, Alex",20770,"Munoz, Sebastian",80,97,106,61,0.5361918345516135,0.4638081654483865,1.8650041562759767,2.1560638093407647,,,1.86,1.95,,,,,1.8,1.9523810000000001,,,,
The Genesis Invitational,3,round_matchups,13965,"Hadwin, Adam",14704,"Putnam, Andrew",84,133,86,180,0.5660698299015219,0.4339301700984781,1.7665665032421318,2.304518258716732,,,1.9,1.9,,,,,1.87,1.87,1.74,2.06,,
The Genesis Invitational,3,round_matchups,17646,"Fitzpatrick, Matthew",19428,"Zalatoris, Will",26,31,20,49,0.4567027849914928,0.5432972150085073,2.1896078431372548,1.8406131531234544,,,1.95,1.86,,,,,1.9523810000000001,1.8,,,,
The Genesis Invitational,3,round_matchups,12337,"Kokrak, Jason",15856,"Smith, Cameron",44,37,30,31,0.4783769353977577,0.5216230646022424,2.0904017857142856,1.917093142272262,,,1.9,1.9,,,,,1.87,1.87,,,,
The Genesis Invitational,3,round_matchups,12422,"Johnson, Dustin",15466,"Cantlay, Patrick",1,5,1,8,0.5639532298937447,0.4360467701062553,1.773196689002759,2.293331973898858,1.69,2.15,1.62,2.25,1.69,2.15,,,1.606061,2.25,,,,
The Genesis Invitational,3,round_matchups,14636,"Spieth, Jordan",17538,"Homa, Max",52,49,62,91,0.5401124397644119,0.4598875602355881,1.8514663362247008,2.1744445522460465,,,1.75,2.05,,,,,1.7409999999999999,2.05,,,,
The Genesis Invitational,3,round_matchups,6430,"Scott, Adam",22085,"Morikawa, Collin",23,28,23,6,0.4945681211041853,0.5054318788958148,2.021966150522146,1.9785059901338973,2.05,1.8,,,,,2.09,1.7690000000000001,,,,,,
The Genesis Invitational,3,round_matchups,7452,"Na, Kevin",7649,"Leishman, Marc",48,107,25,33,0.5569727511929715,0.4430272488070285,1.7954199695732245,2.257197503523253,1.83,2.0,,,1.8,1.95,1.8330000000000002,2.0,,,2.02,1.78,,
The Genesis Invitational,3,round_matchups,7655,"Molinari, Francesco",25919,"Wolff, Matthew",105,51,107,18,0.4763754912468739,0.523624508753126,2.0991844004874847,1.909765458422175,1.91,1.91,,,,,1.926,1.893,,,2.02,1.78,,
The Genesis Invitational,3,round_matchups,5951,"Gay, Brian",12069,"Stanley, Kyle",233,111,198,224,0.43364444444444455,0.5663555555555556,2.306036691606026,1.7656752726987364,2.25,1.69,,,,,2.21,1.69,,,,,,
The Genesis Invitational,3,round_matchups,10943,"Lashley, Nate",13126,"Taylor, Nick",160,112,115,131,0.4432668329177058,0.5567331670822943,2.2559774964838253,1.7961926091825309,2.15,1.74,,,,,2.13,1.7409999999999999,,,,,,
The Genesis Invitational,3,round_matchups,12965,"Fowler, Rickie",14578,"Henley, Russell",69,27,66,57,0.4698666190837311,0.5301333809162689,2.128263552644071,1.886317738135308,2.0,1.83,,,,,2.09,1.7690000000000001,,,,,,
The Genesis Invitational,3,round_matchups,8825,"Harman, Brian",15575,"Hoge, Tom",38,75,90,114,0.5750033453766894,0.4249966546233106,1.7391203164998836,2.3529596977329974,1.69,2.25,,,,,1.69,2.21,,,,,,
The Genesis Invitational,3,round_matchups,7899,"Piercy, Scott",16433,"NeSmith, Matthew",119,79,167,154,0.4639854073052455,0.5360145926947547,2.1552401956083997,1.865620849933599,2.05,1.8,,,,,2.05,1.8,,,,,,
The Genesis Invitational,3,round_matchups,18417,"Scheffler, Scottie",18841,"Hovland, Viktor",17,12,34,14,0.4652325270016962,0.5347674729983041,2.149462778204144,1.8699716241028208,2.0,1.83,,,,,2.09,1.7690000000000001,,,,,,
The Genesis Invitational,3,round_matchups,11374,"Hahn, James",15556,"Hughes, Mackenzie",109,57,181,52,0.5011393592779589,0.498860640722041,1.9954529243937236,2.0045678459471565,1.87,1.95,,,,,1.847,1.98,,,,,,
The Genesis Invitational,3,round_matchups,14013,"Tringale, Cameron",16283,"Rodgers, Patrick",32,173,88,248,0.578893305345898,0.4211066946541021,1.7274340379571052,2.3746950896171386,1.67,2.3,,,,,1.6669999999999998,2.25,,,,,,
The Genesis Invitational,3,round_matchups,11019,"Steele, Brendan",15330,"Griffin, Lanto",99,46,85,53,0.4704434599722558,0.5295565400277442,2.125653952249596,1.888372486057124,2.05,1.8,,,,,2.05,1.8,,,1.96,1.82,1.9169999999999998,1.943
The Genesis Invitational,3,round_matchups,11952,"Grace, Branden",17786,"Davis, Cameron",152,45,145,136,0.3935627081021088,0.6064372918978912,2.5408911449520586,1.6489751098096634,2.35,1.65,,,,,2.21,1.69,,,,,,
The Genesis Invitational,3,round_matchups,8605,"Jones, Matt",18580,"Gooch, Talor",64,50,98,92,0.4581460549152241,0.5418539450847759,2.1827100534239916,1.8455157687253612,2.0,1.83,,,,,2.03,1.8130000000000002,,,1.92,1.86,2.15,1.74
The Genesis Invitational,3,round_matchups,7881,"Kang, Sung",18187,"Duncan, Tyler",425,146,113,165,0.4574090505767526,0.5425909494232476,2.186226964112512,1.8430089942763692,2.0,1.83,,,,,1.98,1.847,,,,,,
The Genesis Invitational,3,round_matchups,7959,"Holmes, J.B.",20770,"Munoz, Sebastian",223,97,273,61,0.43885821161382255,0.5611417883861775,2.2786402841197364,1.7820807872391078,2.2,1.71,,,,,2.17,1.714,,,1.96,1.82,2.06,1.806
The Genesis Invitational,3,round_matchups,11676,"Finau, Tony",19428,"Zalatoris, Will",9,31,15,49,0.5859719438877755,0.4140280561122244,1.7065663474692203,2.4152952565343657,1.69,2.25,,,,,1.6669999999999998,2.25,,,,,,
The Genesis Invitational,3,round_matchups,16243,"Koepka, Brooks",17646,"Fitzpatrick, Matthew",21,26,12,20,0.5506922733363109,0.44930772666368907,1.8158961881589617,2.2256461232604376,1.74,2.15,,,,,1.714,2.17,,,,,,
The Genesis Invitational,3,round_matchups,8479,"Harrington, Scott",23604,"Clark, Wyndham",383,83,363,152,0.3691681775969575,0.6308318224030425,2.708792525155726,1.5852085524009816,2.45,1.61,,,,,2.41,1.588,,,,,,
The Genesis Invitational,3,round_matchups,10419,"Noren, Alex",15856,"Smith, Cameron",80,37,106,31,0.4449052396878483,0.5550947603121515,2.247669640172397,1.801494215938304,2.15,1.74,,,,,2.13,1.7409999999999999,,,,,,
The Genesis Invitational,3,round_matchups,14636,"Spieth, Jordan",15466,"Cantlay, Patrick",52,5,62,8,0.4099353976386723,0.5900646023613277,2.4394087599174004,1.6947296889157353,2.3,1.67,,,,,2.25,1.6669999999999998,,,,,,
The Genesis Invitational,3,round_matchups,17538,"Homa, Max",18079,"Niemann, Joaquin",49,15,91,28,0.4333778371161549,0.5666221628838451,2.3074553296364755,1.7648444863336474,2.2,1.71,,,,,2.17,1.714,,,,,,
The Genesis Invitational,3,round_matchups,12337,"Kokrak, Jason",17584,"McCumber, Tyler",44,329,30,295,0.6218017057569296,0.3781982942430703,1.6082297471067295,2.6441155743481333,1.61,2.45,,,,,1.571,2.45,,,,,,
The Genesis Invitational,3,round_matchups,12422,"Johnson, Dustin",19483,"Burns, Sam",1,53,1,149,0.6700244064788108,0.3299755935211893,1.4924829458904565,3.0305271651425487,1.5,2.7,,,,,1.4880000000000002,2.69,,,,,,
The Genesis Invitational,3,round_matchups,11676,"Finau, Tony",14636,"Spieth, Jordan",9,52,15,62,0.5828393135725428,0.4171606864274571,1.7157387580299788,2.397157816005984,1.69,2.15,,,1.68,2.16,,,,,,,,
The Genesis Invitational,3,round_matchups,6430,"Scott, Adam",16243,"Koepka, Brooks",23,21,23,12,0.4802749018207783,0.5197250981792216,2.082140866010035,1.9240941095655164,1.95,1.8,,,1.93,1.82,,,,,,,,
The Genesis Invitational,3,round_matchups,14013,"Tringale, Cameron",18417,"Scheffler, Scottie",32,17,88,34,0.5001562988433885,0.4998437011566115,1.999375,2.0006253908692933,1.8,1.95,,,1.88,1.87,,,,,,,,
The Genesis Invitational,3,round_matchups,5768,"Hoffman, Charley",18841,"Hovland, Viktor",65,12,142,14,0.3962448834312156,0.6037551165687844,2.523691893105771,1.6563006632277082,2.25,1.65,,,2.26,1.63,,,,,,,,
The Genesis Invitational,3,round_matchups,15856,"Smith, Cameron",17538,"Homa, Max",37,49,31,91,0.5285631595351529,0.471436840464847,1.8919214893437792,2.1211749149981114,1.83,1.91,,,1.83,1.91,,,,,,,,
The Genesis Invitational,3,round_matchups,12337,"Kokrak, Jason",19483,"Burns, Sam",44,53,30,149,0.4858339272986458,0.5141660727013542,2.0583165230148537,1.9448968982845265,1.95,1.8,,,1.9,1.84,,,,,1.82,1.96,2.03,1.8330000000000002
The Genesis Invitational,3,round_matchups,15330,"Griffin, Lanto",17786,"Davis, Cameron",46,45,53,136,0.4686803884879266,0.5313196115120734,2.1336501901140683,1.8821063223209795,1.87,1.87,,,1.88,1.85,,,,,,,,
The Genesis Invitational,3,round_matchups,18079,"Niemann, Joaquin",19428,"Zalatoris, Will",15,31,28,49,0.5284139100932994,0.4715860899067006,1.8924558587479936,2.1205035971223016,1.74,2.05,,,1.75,2.03,,,,,,,,
The Genesis Invitational,3,round_matchups,8825,"Harman, Brian",12965,"Fowler, Rickie",38,69,90,66,0.5545832031075589,0.44541679689244096,1.8031559455760409,2.2450882117080995,1.8,1.95,,,1.79,1.97,,,,,,,,
The Genesis Invitational,3,round_matchups,14578,"Henley, Russell",25919,"Wolff, Matthew",27,51,57,18,0.5001113536145384,0.4998886463854617,1.9995546847167789,2.0004455136772696,1.87,1.87,,,1.76,1.99,,,,,,,,
The Genesis Invitational,3,round_matchups,8480,"Streelman, Kevin",22085,"Morikawa, Collin",42,28,56,6,0.4336689237348539,0.566331076265146,2.3059065228556754,1.765751592857705,2.0,1.77,,,2.18,1.68,,,,,,,,
The Genesis Invitational,3,round_matchups,11019,"Steele, Brendan",18580,"Gooch, Talor",99,50,85,92,0.4701243149311589,0.529875685068841,2.127096957634348,1.8872351160444,1.87,1.87,,,1.86,1.88,,,,,,,,
The Genesis Invitational,3,round_matchups,13965,"Hadwin, Adam",17646,"Fitzpatrick, Matthew",84,26,86,20,0.4716180608280113,0.5283819391719887,2.1203598484848483,1.89257036598766,1.91,1.83,,,1.92,1.83,,,,,,,,
The Genesis Invitational,3,round_matchups,7655,"Molinari, Francesco",16602,"Varner III, Harold",105,95,107,133,0.5079584466538857,0.4920415533461144,1.968664969718248,2.0323486770569046,1.87,1.87,,,1.88,1.86,,,,,,,,
The Genesis Invitational,3,round_matchups,13872,"Bradley, Keegan",23604,"Clark, Wyndham",91,83,146,152,0.492257720032037,0.507742279967963,2.0314562053692486,1.9695031110332135,1.87,1.87,,,1.88,1.85,,,,,,,,
The Genesis Invitational,3,round_matchups,8605,"Jones, Matt",16283,"Rodgers, Patrick",64,173,98,248,0.4902187959538345,0.5097812040461656,2.0399054631397147,1.9616258741258736,1.95,1.8,,,1.93,1.81,,,,,,,,
The Genesis Invitational,3,round_matchups,13126,"Taylor, Nick",16433,"NeSmith, Matthew",112,79,131,154,0.4902685609940766,0.5097314390059234,2.0396984011627906,1.961817387505461,1.91,1.83,,,1.9,1.84,,,,,,,,
The Genesis Invitational,3,round_matchups,7398,"Schwartzel, Charl",20770,"Munoz, Sebastian",98,97,206,61,0.5347519628836546,0.4652480371163453,1.8700258613497955,2.1493911209128402,1.83,1.91,,,1.85,1.89,,,,,,,,
The Genesis Invitational,3,round_matchups,11374,"Hahn, James",12069,"Stanley, Kyle",109,111,181,224,0.5423865006026517,0.4576134993973484,1.843703703703704,2.185250219490781,1.8,1.95,,,1.81,1.93,,,,,,,,
The Genesis Invitational,3,round_matchups,13497,"Lee, Kyounghoon",19364,"Werenski, Richy",142,104,143,140,0.4658999373489662,0.5341000626510337,2.1463836326961867,1.8723083368244657,1.91,1.83,,,1.89,1.85,,,,,,,,
The Genesis Invitational,3,round_matchups,15575,"Hoge, Tom",17511,"Straka, Sepp",75,85,114,147,0.4840923268870866,0.5159076731129132,2.0657216494845363,1.938331318016929,1.8,1.95,,,1.82,1.93,,,,,,,,
The Genesis Invitational,3,round_matchups,2881,"Furyk, Jim",15556,"Hughes, Mackenzie",74,57,237,52,0.4845752042501898,0.5154247957498103,2.063663165653215,1.9401472498917283,1.83,1.91,,,1.85,1.88,,,,,,,,
The Genesis Invitational,3,round_matchups,10419,"Noren, Alex",15475,"Pan, C.T.",80,151,106,176,0.5625753987757472,0.4374246012242527,1.7775395123500914,2.2861082737487237,1.77,2.0,,,1.76,2.01,,,,,,,,
The Genesis Invitational,3,round_matchups,10943,"Lashley, Nate",14081,"Hoag, Bo",160,118,115,253,0.4689777777777778,0.5310222222222222,2.132297194844579,1.8831603615667896,1.91,1.83,,,1.92,1.83,,,,,,,,
The Genesis Invitational,3,round_matchups,7959,"Holmes, J.B.",11952,"Grace, Branden",223,152,273,145,0.4626057378149757,0.5373942621850244,2.1616679566563466,1.8608311818106105,1.87,1.87,,,1.88,1.85,,,,,,,,
The Genesis Invitational,3,round_matchups,7899,"Piercy, Scott",18187,"Duncan, Tyler",119,146,167,165,0.5641804376953997,0.4358195623046003,1.7724825839138696,2.2945275671244105,1.77,2.0,,,1.76,2.02,,,,,,,,
The Genesis Invitational,3,round_matchups,11826,"Lee, Danny",17584,"McCumber, Tyler",158,329,170,295,0.5478469964821661,0.4521530035178341,1.8253271559782165,2.211640732716171,1.8,1.95,,,1.79,1.96,,,,,,,,
The Genesis Invitational,3,round_matchups,14000,"Landry, Andrew",21236,"Bryan, Wesley",262,257,123,468,0.43439315329697137,0.5656068467030287,2.3020620661494484,1.7680125441003527,1.87,1.87,,,2.05,1.74,,,,,,,,
The Genesis Invitational,3,round_matchups,5951,"Gay, Brian",7881,"Kang, Sung",233,425,198,113,0.5234583259285587,0.4765416740714412,1.9103717535223224,2.098452358754429,1.83,1.91,,,1.83,1.91,,,,,,,,
The Genesis Invitational,3,round_matchups,8480,"Streelman, Kevin",11676,"Finau, Tony",42,9,56,15,0.3417474868252069,0.6582525131747929,2.9261370999092917,1.5191738428417654,,,,,,,,,,,2.5,1.54,2.36,1.6280000000000001
The Genesis Invitational,3,round_matchups,17786,"Davis, Cameron",19895,"Schauffele, Xander",45,2,136,4,0.4077852348993288,0.5922147651006712,2.4522712310730754,1.6885766092475067,,,,,,,,,,,2.6,1.48,2.53,1.555
The Genesis Invitational,3,round_matchups,7881,"Kang, Sung",19195,"Rahm, Jon",425,3,113,2,0.1966345736837541,0.8033654263162461,5.08557565063961,1.2447635499892031,,,,,,,,,,,3.25,1.33,4.08,1.26
The Genesis Invitational,3,round_matchups,15466,"Cantlay, Patrick",15856,"Smith, Cameron",5,37,8,31,0.6047390415221837,0.3952609584778163,1.653605822245093,2.5299741311438533,,,,,,,,,,,1.48,2.6,1.5519999999999998,2.54
The Genesis Invitational,3,round_matchups,11374,"Hahn, James",14013,"Tringale, Cameron",109,32,181,88,0.4080292948689322,0.5919707051310678,2.4508044215825766,1.6892727821363909,,,,,,,,,,,2.02,1.78,2.22,1.699
The Genesis Invitational,3,round_matchups,12422,"Johnson, Dustin",18079,"Niemann, Joaquin",1,15,1,28,0.6298960831334932,0.3701039168665068,1.5875634517766497,2.701943844492441,,,,,,,,,,,,,1.564,2.5
The Genesis Invitational,3,round_matchups,14636,"Spieth, Jordan",23604,"Clark, Wyndham",52,83,62,152,0.5563631499152769,0.4436368500847231,1.7973871924340787,2.2540958890340743,,,,,,,,,,,1.58,2.35,1.671,2.27
The Genesis Invitational,3,round_matchups,16243,"Koepka, Brooks",19428,"Zalatoris, Will",21,31,12,49,0.5061909852128986,0.4938090147871014,1.9755389353277608,2.025074411472896,,,,,,,,,,,1.64,2.22,1.709,2.21
The Genesis Invitational,3,round_matchups,16433,"NeSmith, Matthew",18841,"Hovland, Viktor",79,12,154,14,0.3929175193522556,0.6070824806477445,2.545063405797101,1.6472226293419316,,,,,,,,,,,2.3,1.6,,
The Genesis Invitational,3,round_matchups,8825,"Harman, Brian",18417,"Scheffler, Scottie",38,17,90,34,0.4641184603719726,0.5358815396280273,2.154622333269268,1.8660840615896797,,,,,,,,,,,2.16,1.68,,
The Genesis Invitational,3,round_matchups,10943,"Lashley, Nate",12965,"Fowler, Rickie",160,69,115,66,0.4500847533232225,0.5499152466767776,2.2218037661050545,1.8184620376378973,,,,,,,,,,,2.02,1.78,,
The Genesis Invitational,3,round_matchups,12069,"Stanley, Kyle",14578,"Henley, Russell",111,27,224,57,0.4298226114791268,0.5701773885208731,2.3265411667356233,1.7538401559454193,,,,,,,,,,,2.16,1.68,,
The Genesis Invitational,3,round_matchups,5768,"Hoffman, Charley",14081,"Hoag, Bo",65,118,142,253,0.5380565717854912,0.4619434282145086,1.8585406301824212,2.164767239714121,,,,,,,,,,,1.72,2.1,,
The Genesis Invitational,3,round_matchups,16602,"Varner III, Harold",22085,"Morikawa, Collin",95,28,133,6,0.4221955768718359,0.5778044231281642,2.36857052698012,1.7306894166474518,,,,,,,,,,,2.5,1.54,,
The Genesis Invitational,3,round_matchups,6430,"Scott, Adam",13872,"Bradley, Keegan",23,91,23,146,0.5566619039114128,0.4433380960885873,1.796422555546643,2.2556148655453723,,,,,,,,,,,1.58,2.35,,
The Genesis Invitational,3,round_matchups,12422,"Johnson, Dustin",17538,"Homa, Max",1,49,1,91,0.6906228008444757,0.30937719915552425,1.4479684116673035,3.232300255899915,,,,,,,,,,,1.42,2.85,,
The Genesis Invitational,3,round_matchups,13497,"Lee, Kyounghoon",21554,"Poston, J.T.",142,67,143,68,0.4573944921316167,0.5426055078683835,2.1862965497018862,1.8429595451923868,,,,,,,,,,,1.96,1.82,,
