event_name,market,p1_dg_id,p1_player_name,p2_dg_id,p2_player_name,p1_datagolf_rank,p2_datagolf_rank,p1_owgr_rank,p2_owgr_rank,datagolf_p1_%,datagolf_p2_%,datagolf_p1_odds,datagolf_p2_odds,5dimes_p1,5dimes_p2,bet365_p1,bet365_p2,betmgm_p1,betmgm_p2,betonline_p1,betonline_p2,bovada_p1,bovada_p2,draftkings_p1,draftkings_p2,fanduel_p1,fanduel_p2,pinnacle_p1,pinnacle_p2
WGC-Workday Championship,tournament_matchups,14838,"Reed, Patrick",17606,"Berger, Daniel",13,7,11,15,0.4621014664455152,0.5378985335544848,2.164026891522333,1.859086682002839,,,,,1.9,1.8,,,,,,,,,,
WGC-Workday Championship,tournament_matchups,11676,"Finau, Tony",14796,"Hatton, Tyrrell",5,12,13,5,0.5611134475870045,0.43888655241299546,1.7821707968332785,2.278493142480685,,,,,,,,,,,,,1.7936507936507935,1.9803921568627447,,
WGC-Workday Championship,tournament_matchups,12422,"Johnson, Dustin",19195,"Rahm, Jon",1,2,1,2,0.4809521307340655,0.5190478692659345,2.079209002512837,1.9266045758250656,1.87,1.95,,,1.75,1.95,1.847,1.98,1.8,1.9523810000000001,,,1.8928571428571428,1.8928571428571428,1.8330000000000002,2.03
WGC-Workday Championship,tournament_matchups,6430,"Scott, Adam",13562,"Matsuyama, Hideki",19,25,22,23,0.4266069464089266,0.5733930535910733,2.34407809909744,1.7440043853638485,2.1,1.77,,,,,2.0,1.8330000000000002,,,1.95,1.84,,,,
WGC-Workday Championship,tournament_matchups,10091,"McIlroy, Rory",19895,"Schauffele, Xander",10,3,8,4,0.4634530974846901,0.53654690251531,2.157715646798616,1.863769961790928,,,,,,,,,2.0,1.7692299999999999,,,,,2.09,1.787
WGC-Workday Championship,tournament_matchups,18079,"Niemann, Joaquin",22085,"Morikawa, Collin",15,31,29,6,0.5194628055817857,0.4805371944182142,1.9250656433043831,2.081004366812228,,,,,,,,,,,,,1.8928571428571428,1.8928571428571428,,
WGC-Workday Championship,tournament_matchups,7452,"Na, Kevin",18238,"Ancer, Abraham",50,27,25,28,0.42521771062847546,0.5747822893715244,2.3517364752328667,1.739789166248346,,,,,,,,,2.0,1.7692299999999999,,,,,2.14,1.751
WGC-Workday Championship,tournament_matchups,6430,"Scott, Adam",18417,"Scheffler, Scottie",19,16,22,31,0.3961170142988325,0.6038829857011675,2.5245065571598886,1.6559499500369292,,,,,,,,,2.05,1.7409999999999999,,,,,2.21,1.704
WGC-Workday Championship,tournament_matchups,9531,"Wiesberger, Bernd",15326,"Sullivan, Andy",89,98,41,56,0.5083313652942875,0.4916686347057125,1.9672207309518888,2.033890163846934,,,,,,,,,1.87,1.87,,,,,1.943,1.9169999999999998
WGC-Workday Championship,tournament_matchups,11676,"Finau, Tony",19841,"DeChambeau, Bryson",5,9,13,10,0.480582651907554,0.519417348092446,2.0808075281759493,1.925234117944824,1.87,1.95,,,1.85,1.85,1.847,1.98,1.833333,1.909091,,,,,1.9,1.952
WGC-Workday Championship,tournament_matchups,18841,"Hovland, Viktor",19841,"DeChambeau, Bryson",8,9,14,10,0.4849377778947092,0.5150622221052908,2.062120225694444,1.94151299994892,,,,,,,,,1.909091,1.833333,,,,,1.9340000000000002,1.9169999999999998
WGC-Workday Championship,tournament_matchups,11276,"Horschel, Billy",23838,"Hojgaard, Rasmus",40,155,40,73,0.664937378818844,0.335062621181156,1.503901016628576,2.9845167344385364,,,,,,,,,1.555556,2.4,,,,,1.561,2.51
WGC-Workday Championship,tournament_matchups,16243,"Koepka, Brooks",17606,"Berger, Daniel",22,7,12,15,0.42213696326273203,0.5778630367372681,2.3688994023904377,1.7305138699408822,,,,,,,,,2.05,1.7409999999999999,,,,,2.11,1.775
WGC-Workday Championship,tournament_matchups,11049,"Simpson, Webb",16243,"Koepka, Brooks",11,22,9,12,0.5602611842450307,0.43973881575496937,1.7848818160542943,2.2740771661995347,,,,,1.95,1.75,,,1.833333,1.909091,,,,,1.8130000000000002,2.06
WGC-Workday Championship,tournament_matchups,7334,"Watson, Bubba",25919,"Wolff, Matthew",44,57,52,19,0.5256823723747345,0.4743176276252654,1.9022893909920693,2.1082918739635157,1.91,1.91,,,,,1.909,1.909,1.833333,1.909091,,,,,1.854,2.01
WGC-Workday Championship,tournament_matchups,12337,"Kokrak, Jason",18103,"Bezuidenhout, Christiaan",43,45,33,36,0.478196872125115,0.521803127874885,2.091188918814929,1.916431593794076,,,,,,,,,1.909091,1.833333,,,,,1.909,1.943
WGC-Workday Championship,tournament_matchups,12577,"Woodland, Gary",23542,"Champ, Cameron",76,133,44,75,0.4612189093968554,0.5387810906031445,2.168167825789534,1.856041382002733,,,,,,,,,1.8330000000000002,1.909,,,,,1.909,1.943
WGC-Workday Championship,tournament_matchups,12294,"Fleetwood, Tommy",22085,"Morikawa, Collin",34,31,21,6,0.4262892817795499,0.5737107182204502,2.345824872315549,1.7430387270815233,,,,,,,,,2.1,1.714286,,,,,2.08,1.787
WGC-Workday Championship,tournament_matchups,14735,"Ortiz, Carlos",15330,"Griffin, Lanto",37,38,46,51,0.5333981756525854,0.4666018243474146,1.874772066433394,2.1431549295774652,,,,,,,,,1.8,1.9523810000000001,,,,,1.847,2.01
WGC-Workday Championship,tournament_matchups,15856,"Smith, Cameron",19428,"Zalatoris, Will",26,29,27,48,0.5105628251615955,0.4894371748384044,1.9586228192064228,2.043163150265744,,,,,,,,,1.833333,1.909091,,,,,1.8130000000000002,2.05
WGC-Workday Championship,tournament_matchups,11049,"Simpson, Webb",17606,"Berger, Daniel",11,7,9,15,0.4797549560919178,0.5202450439080822,2.0843974351948265,1.9221711224541365,1.91,1.91,,,,,1.952,1.87,1.909091,1.833333,,,1.8928571428571428,1.8928571428571428,2.0,1.854
WGC-Workday Championship,tournament_matchups,10091,"McIlroy, Rory",12422,"Johnson, Dustin",10,1,8,1,0.4056120438243872,0.5943879561756128,2.4654100272055963,1.6824028643415994,2.45,1.61,,,,,2.45,1.571,2.2,1.645161,,,2.2,1.6578947368421053,2.39,1.6130000000000002
WGC-Workday Championship,tournament_matchups,12422,"Johnson, Dustin",19895,"Schauffele, Xander",1,3,1,4,0.5563115723105215,0.4436884276894786,1.7975538345296558,2.253833856356208,1.69,2.25,,,,,1.6540000000000001,2.27,1.666667,2.15,1.63,2.25,,,1.689,2.24
WGC-Workday Championship,tournament_matchups,6093,"Rose, Justin",14577,"English, Harris",51,14,35,20,0.3838418227052508,0.6161581772947492,2.605239817152213,1.6229598775926557,,,,,,,,,2.05,1.7409999999999999,,,,,2.24,1.689
WGC-Workday Championship,tournament_matchups,9771,"Day, Jason",13562,"Matsuyama, Hideki",36,25,45,23,0.4440270078553976,0.5559729921446024,2.252115259452104,1.798648520933749,,,,,,,,,1.909091,1.833333,,,,,1.952,1.9
WGC-Workday Championship,tournament_matchups,17538,"Homa, Max",18079,"Niemann, Joaquin",32,15,38,29,0.3715872766336529,0.628412723366347,2.6911578056691594,1.591310873915944,,,,,,,,,2.05,1.7409999999999999,,,,,2.27,1.671
WGC-Workday Championship,tournament_matchups,10091,"McIlroy, Rory",19195,"Rahm, Jon",10,2,8,2,0.38661485546249375,0.6133851445375061,2.586553480475382,1.6302970636075682,2.4,1.62,,,,,2.29,1.645,2.1,1.714286,,,,,2.24,1.689
WGC-Workday Championship,tournament_matchups,19195,"Rahm, Jon",19895,"Schauffele, Xander",2,3,2,4,0.5797413793103448,0.4202586206896552,1.7249070631970262,2.3794871794871795,1.77,2.1,,,,,1.7690000000000001,2.09,1.7692299999999999,2.0,,,1.7462686567164178,2.08,1.719,2.19
WGC-Workday Championship,tournament_matchups,14139,"Thomas, Justin",15466,"Cantlay, Patrick",6,4,3,7,0.5226496400231226,0.4773503599768774,1.913327635614097,2.0948973413331866,1.95,1.87,,,,,1.952,1.87,1.9523810000000001,1.8,,,,,1.892,1.9609999999999999
WGC-Workday Championship,tournament_matchups,14139,"Thomas, Justin",14796,"Hatton, Tyrrell",6,12,3,5,0.6080759473808092,0.3919240526191908,1.6445314180035266,2.551514747097291,,,,,,,,,1.7692299999999999,2.0,1.67,2.15,,,1.666,2.28
WGC-Workday Championship,tournament_matchups,4052,"Westwood, Lee",11328,"Kisner, Kevin",116,33,37,34,0.3396315170521364,0.6603684829478635,2.944367497691597,1.514306066722071,,,,,,,,,2.2,1.645161,,,,,2.45,1.584
WGC-Workday Championship,tournament_matchups,7672,"Oosthuizen, Louis",17646,"Fitzpatrick, Matthew",20,18,26,16,0.4526506689095066,0.5473493310904933,2.2092091510858207,1.8269867947178875,,,,,,,,,2.0,1.7692299999999999,1.9,1.86,,,2.1,1.775
WGC-Workday Championship,tournament_matchups,7649,"Leishman, Marc",7820,"Palmer, Ryan",90,21,32,24,0.4135023306971141,0.5864976693028858,2.418366054464851,1.705036613681015,2.15,1.74,,,,,2.17,1.714,2.15,1.666667,,,,,2.23,1.694
WGC-Workday Championship,tournament_matchups,14796,"Hatton, Tyrrell",15466,"Cantlay, Patrick",12,4,5,7,0.4134204244379738,0.5865795755620261,2.4188451776649753,1.7047985331604134,,,,,,,,,2.1,1.714286,,,,,2.17,1.735
WGC-Workday Championship,tournament_matchups,14838,"Reed, Patrick",17488,"Im, Sungjae",13,23,11,17,0.5220555395003021,0.4779444604996978,1.9155050072970659,2.092293315743184,,,,,,,,,1.7692299999999999,2.0,,,,,1.7930000000000001,2.08
WGC-Workday Championship,tournament_matchups,20730,"Perez, Victor",23323,"Macintyre, Robert",83,61,30,43,0.4421629559698949,0.5578370440301053,2.2616096316944425,1.7926382098533282,2.05,1.8,,,,,2.09,1.7690000000000001,2.1,1.714286,,,,,2.22,1.704
WGC-Workday Championship,tournament_matchups,5689,"Garcia, Sergio",13900,"Lowry, Shane",39,58,42,39,0.6045217025969593,0.3954782974030408,1.654200330119017,2.528583759378527,1.69,2.25,,,,,1.69,2.21,1.7409999999999999,2.05,,,,,1.632,2.35
WGC-Workday Championship,tournament_matchups,11676,"Finau, Tony",18841,"Hovland, Viktor",5,8,13,14,0.4932407553521645,0.5067592446478355,2.027407486402901,1.9733236454224616,,,,,,,,,1.8,1.9523810000000001,,,,,1.909,1.943
WGC-Workday Championship,tournament_matchups,12422,"Johnson, Dustin",14139,"Thomas, Justin",1,6,1,3,0.5766210573311973,0.42337894266880266,1.7342412096921116,2.3619502512251103,1.61,2.45,,,,,1.588,2.41,,,,,1.6097560975609757,2.3600000000000003,,
WGC-Workday Championship,tournament_matchups,14139,"Thomas, Justin",19195,"Rahm, Jon",6,2,3,2,0.4012441271424447,0.5987558728575554,2.4922483155622426,1.6701297562686304,2.3,1.67,,,,,2.25,1.6669999999999998,,,,,,,,
WGC-Workday Championship,tournament_matchups,14139,"Thomas, Justin",19895,"Schauffele, Xander",6,3,3,4,0.4818871988861744,0.5181128011138256,2.0751744439598783,1.9300816305835824,2.05,1.8,,,,,2.05,1.8,,,,,,,,
WGC-Workday Championship,tournament_matchups,14796,"Hatton, Tyrrell",18841,"Hovland, Viktor",12,8,5,14,0.4337010769634883,0.5662989230365116,2.3057355702259104,1.7658518484159749,2.05,1.8,,,1.9,1.8,2.05,1.8,,,,,,,,
WGC-Workday Championship,tournament_matchups,16243,"Koepka, Brooks",19841,"DeChambeau, Bryson",22,9,12,10,0.373162487225847,0.6268375127741529,2.679797767010744,1.5953097567093055,2.3,1.67,,,,,2.35,1.614,,,,,2.26,1.6097560975609757,,
WGC-Workday Championship,tournament_matchups,14838,"Reed, Patrick",22085,"Morikawa, Collin",13,31,11,6,0.5269908015768725,0.4730091984231275,1.8975663275483745,2.1141237915323923,1.8,2.05,,,,,1.7690000000000001,2.09,,,,,,,,
WGC-Workday Championship,tournament_matchups,17488,"Im, Sungjae",18417,"Scheffler, Scottie",23,16,17,31,0.4656739153272402,0.5343260846727598,2.147425413118268,1.8715163430818385,1.91,1.91,,,1.75,1.95,1.909,1.909,,,,,,,,
WGC-Workday Championship,tournament_matchups,6093,"Rose, Justin",12294,"Fleetwood, Tommy",51,34,35,21,0.4634505228861213,0.5365494771138788,2.157727633518539,1.8637610186092068,2.15,1.74,,,,,2.16,1.719,,,,,,,,
WGC-Workday Championship,tournament_matchups,17538,"Homa, Max",19428,"Zalatoris, Will",32,29,38,48,0.4355575388492229,0.564442461150777,2.295907912975352,1.7716597684044086,2.1,1.77,,,,,2.05,1.8,,,,,,,,
WGC-Workday Championship,tournament_matchups,9771,"Day, Jason",15856,"Smith, Cameron",36,26,45,27,0.4946730345334314,0.5053269654665687,2.0215373189751205,1.978916757542712,2.1,1.77,,,,,2.11,1.7519999999999998,,,,,,,,
WGC-Workday Championship,tournament_matchups,17646,"Fitzpatrick, Matthew",18079,"Niemann, Joaquin",18,15,16,29,0.4506631648063033,0.5493368351936967,2.2189521533888925,1.82037674507554,2.1,1.77,,,,,2.17,1.714,,,,,,,,
WGC-Workday Championship,tournament_matchups,7672,"Oosthuizen, Louis",14577,"English, Harris",20,14,26,20,0.41908190346059854,0.5809180965394014,2.3861684118126534,1.7214130631445632,2.05,1.8,,,,,2.05,1.8,,,,,,,,
WGC-Workday Championship,tournament_matchups,14735,"Ortiz, Carlos",18238,"Ancer, Abraham",37,27,46,28,0.43738195173137456,0.5626180482686254,2.2863311941462245,1.7774047652352312,2.15,1.74,,,,,2.15,1.725,,,,,,,,
WGC-Workday Championship,tournament_matchups,15326,"Sullivan, Andy",18103,"Bezuidenhout, Christiaan",98,45,56,36,0.4028396290669042,0.5971603709330958,2.4823774222915853,1.6745920336901208,2.2,1.71,,,,,2.17,1.714,,,,,,,,
WGC-Workday Championship,tournament_matchups,11328,"Kisner, Kevin",12337,"Kokrak, Jason",33,43,34,33,0.5076215505913272,0.4923784494086728,1.9699715247217189,2.030958099813184,2.05,1.8,,,,,2.03,1.8130000000000002,,,,,,,,
WGC-Workday Championship,tournament_matchups,4052,"Westwood, Lee",9531,"Wiesberger, Bernd",116,89,37,41,0.4137197763251162,0.5862802236748839,2.4170949933371406,1.7056689951638904,2.1,1.77,,,,,2.08,1.775,,,,,,,,
WGC-Workday Championship,tournament_matchups,11276,"Horschel, Billy",15330,"Griffin, Lanto",40,38,40,51,0.5708514768375217,0.4291485231624784,1.7517691388659131,2.3301955990220047,1.8,2.05,,,,,1.8,2.05,,,,,,,,
WGC-Workday Championship,tournament_matchups,7452,"Na, Kevin",12577,"Woodland, Gary",50,76,25,44,0.580427653154926,0.4195723468450741,1.7228676038511954,2.3833791895947973,1.61,2.45,,,,,1.588,2.41,,,,,,,,
WGC-Workday Championship,tournament_matchups,6169,"Kuchar, Matt",12425,"Todd, Brendon",56,49,47,49,0.5182635202606822,0.4817364797393178,1.929520332623466,2.07582369626882,1.91,1.91,,,,,1.909,1.909,,,,,,,,
WGC-Workday Championship,tournament_matchups,15556,"Hughes, Mackenzie",20770,"Munoz, Sebastian",53,94,54,62,0.4827260812581913,0.5172739187418086,2.0715682015638577,1.933211715820412,1.87,1.95,,,,,1.87,1.952,,,,,,,,
WGC-Workday Championship,tournament_matchups,14181,"Detry, Thomas",17064,"Herbert, Lucas",127,136,90,66,0.5043195126434368,0.4956804873565633,1.982869936478184,2.0174286168353017,1.95,1.87,,,,,1.952,1.87,,,,,,,,
WGC-Workday Championship,tournament_matchups,13900,"Lowry, Shane",17646,"Fitzpatrick, Matthew",58,18,39,16,0.3849305354938677,0.6150694645061323,2.597871324281913,1.6258326216908623,2.35,1.65,,,,,2.32,1.629,,,,,,,,
WGC-Workday Championship,tournament_matchups,7334,"Watson, Bubba",7452,"Na, Kevin",44,50,52,25,0.5106662118548451,0.489333788145155,1.9582262871236256,2.043594830822028,,,,,,,,,,,1.84,1.95,,,,
WGC-Workday Championship,tournament_matchups,17488,"Im, Sungjae",18079,"Niemann, Joaquin",23,15,17,29,0.4856339212954445,0.5143660787045556,2.059164230810869,1.9441406449634588,,,,,,,,,,,1.86,1.9,,,,
WGC-Workday Championship,tournament_matchups,17646,"Fitzpatrick, Matthew",19428,"Zalatoris, Will",18,29,16,48,0.5234167739224079,0.476583226077592,1.9105234104481363,2.0982694003527333,,,,,,,,,,,1.8,1.98,,,,
WGC-Workday Championship,tournament_matchups,7649,"Leishman, Marc",25919,"Wolff, Matthew",90,57,32,19,0.4313648397158658,0.5686351602841341,2.3182232484656993,1.7585968470544853,,,,,,,,,,,1.95,1.84,,,,
WGC-Workday Championship,tournament_matchups,12425,"Todd, Brendon",15330,"Griffin, Lanto",49,38,49,51,0.4580577427821522,0.5419422572178477,2.1831308732523493,1.845215032932972,,,,,,,,,,,1.88,1.88,,,,
WGC-Workday Championship,tournament_matchups,11276,"Horschel, Billy",11328,"Kisner, Kevin",40,33,40,34,0.5656714068321352,0.4343285931678648,1.7678107606679034,2.3024042527485804,,,,,,,,,,,1.78,2.0,,,,
WGC-Workday Championship,tournament_matchups,14735,"Ortiz, Carlos",15556,"Hughes, Mackenzie",37,53,46,54,0.5702390333596007,0.4297609666403993,1.7536505596757106,2.3268748853982033,,,,,,,,,,,1.8,1.98,,,,
WGC-Workday Championship,tournament_matchups,5689,"Garcia, Sergio",17538,"Homa, Max",39,32,42,38,0.5765271285256578,0.42347287147434215,1.7345237552954043,2.361426356589148,,,,,,,,,,,1.73,2.06,,,,
WGC-Workday Championship,tournament_matchups,6093,"Rose, Justin",6169,"Kuchar, Matt",51,56,35,47,0.5515272174778645,0.44847278252213546,1.8131471454355468,2.229789719626168,,,,,,,,,,,1.65,2.2,,,,
WGC-Workday Championship,tournament_matchups,7820,"Palmer, Ryan",25919,"Wolff, Matthew",21,57,24,19,0.5217277143232244,0.4782722856767757,1.9167086059386007,2.090859181992863,,,,,,,,,,,1.73,2.06,,,,
WGC-Workday Championship,tournament_matchups,7820,"Palmer, Ryan",18417,"Scheffler, Scottie",21,16,24,31,0.35230394850459223,0.6476960514954078,2.838458110516933,1.5439340685977458,,,,,,,,,,,2.25,1.63,,,,
WGC-Workday Championship,tournament_matchups,17550,"Van Rooyen, Erik",20770,"Munoz, Sebastian",77,94,63,62,0.4782105567682718,0.5217894432317282,2.091129076610021,1.9164818548387097,,,,,,,,,,,2.0,1.78,,,,
WGC-Workday Championship,tournament_matchups,11049,"Simpson, Webb",19841,"DeChambeau, Bryson",11,9,9,10,0.4285827040963983,0.5714172959036018,2.333271945979128,1.7500345319766102,,,,,,,,,,,1.95,1.84,,,,
WGC-Workday Championship,tournament_matchups,15856,"Smith, Cameron",22085,"Morikawa, Collin",26,31,27,6,0.4625216524066978,0.5374783475933022,2.1620609430857405,1.8605400654328823,,,,,,,,,,,1.9,1.86,,,,
WGC-Workday Championship,tournament_matchups,12294,"Fleetwood, Tommy",12337,"Kokrak, Jason",34,43,21,33,0.5648686900456047,0.4351313099543953,1.7703229398663696,2.2981568485724613,,,,,,,,,,,1.84,1.95,,,,
WGC-Workday Championship,tournament_matchups,14577,"English, Harris",19428,"Zalatoris, Will",14,29,20,48,0.5557746923319659,0.444225307668034,1.7992902767920511,2.251109927188777,,,,,,,,,,,1.84,1.95,,,,
WGC-Workday Championship,tournament_matchups,7649,"Leishman, Marc",13562,"Matsuyama, Hideki",90,25,32,23,0.2976317919527925,0.7023682080472076,3.3598561277305032,1.4237546468401483,,,,,,,,,,,2.33,1.58,,,,
WGC-Workday Championship,tournament_matchups,11676,"Finau, Tony",17606,"Berger, Daniel",5,7,13,15,0.5268678689731321,0.4731321310268679,1.8980090813831647,2.113574484636328,,,,,,,,,,,1.78,2.0,,,,
WGC-Workday Championship,tournament_matchups,10091,"McIlroy, Rory",14838,"Reed, Patrick",10,13,8,11,0.5969032935310327,0.4030967064689673,1.6753132556605848,2.480794270833333,,,,,,,,,,,1.65,2.2,,,,
WGC-Workday Championship,tournament_matchups,15466,"Cantlay, Patrick",19195,"Rahm, Jon",4,2,7,2,0.3782507150917155,0.6217492849082846,2.6437491327875677,1.6083653399738318,,,,,,,,,,,2.2,1.65,,,,
WGC-Workday Championship,tournament_matchups,12425,"Todd, Brendon",12577,"Woodland, Gary",49,76,49,44,0.5243064659919241,0.475693534008076,1.907281456291258,2.102193804431705,,,,,,,,,,,1.8,2.0,,,,
WGC-Workday Championship,tournament_matchups,10091,"McIlroy, Rory",14139,"Thomas, Justin",10,6,8,3,0.4827368587130874,0.5172631412869126,2.0715219522823842,1.933251995323064,,,,,1.8,1.9,,,,,,,1.847457627118644,1.925925925925926,,
WGC-Workday Championship,tournament_matchups,10091,"McIlroy, Rory",19841,"DeChambeau, Bryson",10,9,8,10,0.5105707690693526,0.4894292309306473,1.9585923452350371,2.043196312771317,,,,,,,,,,,,,1.8928571428571428,1.8928571428571428,,
WGC-Workday Championship,tournament_matchups,15856,"Smith, Cameron",17646,"Fitzpatrick, Matthew",26,18,27,16,0.4888526658954674,0.5111473341045325,2.045606109497688,1.9563830881596544,,,,,,,,,,,,,1.847457627118644,1.925925925925926,,
WGC-Workday Championship,tournament_matchups,6430,"Scott, Adam",7672,"Oosthuizen, Louis",19,20,22,26,0.5067160844307756,0.4932839155692243,1.9734917258909583,2.027230096983907,,,,,,,,,,,,,1.847457627118644,1.925925925925926,,
WGC-Workday Championship,tournament_matchups,7649,"Leishman, Marc",13900,"Lowry, Shane",90,58,32,39,0.44195701298018814,0.5580429870198119,2.262663495838288,1.791976645635182,,,,,,,,,,,,,1.862068965517241,1.862068965517241,,
WGC-Workday Championship,tournament_matchups,12294,"Fleetwood, Tommy",14796,"Hatton, Tyrrell",34,12,21,5,0.393420330029551,0.606579669970449,2.5418106886466365,1.6485880577710714,,,,,,,,,,,,,2.08,1.704225352112676,,
WGC-Workday Championship,tournament_matchups,11676,"Finau, Tony",17538,"Homa, Max",5,32,13,38,0.6939947780678851,0.3060052219321149,1.4409330323551544,3.267918088737201,,,,,,,,,,,,,1.4651162790697674,2.62,,
WGC-Workday Championship,tournament_matchups,15466,"Cantlay, Patrick",17606,"Berger, Daniel",4,7,7,15,0.5567497963366883,0.44325020366331175,1.7961389596903616,2.2560621331594235,,,,,,,,,,,,,1.7936507936507935,1.9803921568627447,,
WGC-Workday Championship,tournament_matchups,7820,"Palmer, Ryan",12337,"Kokrak, Jason",21,43,24,33,0.525734423901323,0.4742655760986771,1.9021010505252625,2.108523262906893,,,,,,,,,,,,,1.819672131147541,1.9615384615384617,,
WGC-Workday Championship,tournament_matchups,14838,"Reed, Patrick",18841,"Hovland, Viktor",13,8,11,14,0.4305117696511139,0.5694882303488861,2.3228168670287426,1.7559625409420123,,,,,,,,,,,,,1.9803921568627447,1.7936507936507935,,
WGC-Workday Championship,tournament_matchups,18417,"Scheffler, Scottie",19428,"Zalatoris, Will",16,29,31,48,0.5853869546979865,0.41461304530201337,1.7082717542209684,2.411887448624724,,,,,,,,,,,,,1.7692307692307692,2.0,,
WGC-Workday Championship,tournament_matchups,15466,"Cantlay, Patrick",19895,"Schauffele, Xander",4,3,7,4,0.4582184043922558,0.5417815956077442,2.1823654187926387,1.845762218774244,,,,,2.05,1.7,,,,,,,1.9803921568627447,1.7936507936507935,,
WGC-Workday Championship,tournament_matchups,14577,"English, Harris",17538,"Homa, Max",14,32,20,38,0.6179518799359798,0.3820481200640201,1.618248980978261,2.6174713275187145,,,,,,,,,,,,,1.6578947368421053,2.18,,
WGC-Workday Championship,tournament_matchups,6093,"Rose, Justin",13562,"Matsuyama, Hideki",51,25,35,23,0.382343684431389,0.617656315568611,2.6154479352448896,1.619023354564756,,,,,,,,,,,,,2.24,1.6097560975609757,,
WGC-Workday Championship,tournament_matchups,5689,"Garcia, Sergio",9771,"Day, Jason",39,36,42,45,0.511480330717784,0.4885196692822161,1.9551093951093952,2.0470004850967496,,,,,,,,,,,,,1.9803921568627447,1.7936507936507935,,
WGC-Workday Championship,tournament_matchups,14735,"Ortiz, Carlos",23323,"Macintyre, Robert",37,61,46,43,0.5701533291325352,0.4298466708674648,1.75391416467121,2.326410945516736,,,,,,,,,,,,,1.819672131147541,1.9615384615384617,,
WGC-Workday Championship,tournament_matchups,12294,"Fleetwood, Tommy",17488,"Im, Sungjae",34,23,21,17,0.42072304372993735,0.5792769562700626,2.376860537836148,1.7262899709302326,,,,,,,,,,,,,1.925925925925926,1.847457627118644,,
WGC-Workday Championship,tournament_matchups,14838,"Reed, Patrick",16243,"Koepka, Brooks",13,22,11,12,0.5451560365661448,0.4548439634338553,1.834337204259625,2.198556165174704,,,,,,,,,,,,,1.8928571428571428,1.8928571428571428,,
